,vi_tri_xep_hang,nghe_si,ten_bai_hat,vi_tri_cao_nhat,vi_tri_tuan_truoc,so_tuan_tren_bang_xep_hang,luot_nghe,bai_hat_moi,thay_doi_thu_hang,nhom_luot_nghe,do_ben
0,1,Tate McRae,greedy,1,14,16,33855816,False,13,Rất cao,Dài hạn
1,2,Xavi,La Diabla,2,17,4,30894083,False,15,Rất cao,Ngắn hạn
2,3,Jack Harlow,Lovin On Me,3,19,8,30778444,False,16,Rất cao,Trung hạn
3,4,Taylor Swift,Cruel Summer,2,20,48,30224692,False,16,Rất cao,Dài hạn
4,5,Mitski,My Love Mine All Mine,3,18,15,26430016,False,13,Rất cao,Dài hạn
5,6,"The Weeknd, JENNIE, Lily-Rose Depp","One Of The Girls (with JENNIE, Lily Rose Depp)",6,28,13,25102523,False,22,Rất cao,Dài hạn
6,7,"Jung Kook, Latto",Seven (feat. Latto) (Explicit Ver.),1,31,25,24932897,False,24,Rất cao,Dài hạn
7,8,Doja Cat,Paint The Town Red,1,37,22,23007926,False,29,Rất cao,Dài hạn
8,9,Xavi,La Víctima,9,40,6,22586881,False,31,Rất cao,Trung hạn
9,10,"Peso Pluma, Anitta",BELLAKEO,10,35,4,21934979,False,25,Rất cao,Ngắn hạn
10,11,Noah Kahan,Stick Season,11,47,13,20766879,False,36,Rất cao,Dài hạn
11,12,Tyla,Water,12,53,15,20253784,False,41,Rất cao,Dài hạn
12,13,Kenya Grace,Strangers,4,45,18,19944265,False,32,Rất cao,Dài hạn
13,14,"Bad Bunny, Feid",PERRO NEGRO,4,39,12,19940949,False,25,Rất cao,Trung hạn
14,15,"KAROL G, Peso Pluma",QLONA,5,36,21,19637213,False,21,Rất cao,Dài hạn
15,16,Jung Kook,Standing Next to You,1,49,9,19208564,False,33,Rất cao,Trung hạn
16,17,Arctic Monkeys,I Wanna Be Yours,15,41,78,19178677,False,24,Rất cao,Dài hạn
17,18,"Feid, ATL Jacob",LUNA,18,42,4,18756356,False,24,Rất cao,Ngắn hạn
18,19,"Calle 24, Chino Pacas, Fuerza Regida",Que Onda,16,43,18,18213631,False,24,Rất cao,Dài hạn
19,20,"Fuerza Regida, Marshmello",HARLEY QUINN,11,46,10,17844095,False,26,Rất cao,Trung hạn
20,21,"The Weeknd, Playboi Carti, Madonna",Popular (with Playboi Carti & Madonna) - From The Idol Vol. 1 (Music from the HBO Original Series),16,68,31,17771360,False,47,Rất cao,Dài hạn
21,22,iñigo quintero,Si No Estás,1,44,15,17466144,False,22,Rất cao,Dài hạn
22,23,Olivia Rodrigo,vampire,1,62,27,17456781,False,39,Rất cao,Dài hạn
23,24,Doja Cat,Agora Hills,16,56,15,17162746,False,32,Rất cao,Dài hạn
24,25,Harry Styles,As It Was,1,77,92,16955059,False,52,Rất cao,Dài hạn
25,26,"The Weeknd, Daft Punk",Starboy,1,57,170,16863102,False,31,Rất cao,Dài hạn
26,27,SZA,Kill Bill,1,73,56,15913839,False,46,Rất cao,Dài hạn
27,28,Dua Lipa,Dance The Night - From Barbie The Album,5,111,32,15681385,False,83,Rất cao,Dài hạn
28,29,David Kushner,Daylight,5,69,38,15455473,False,40,Rất cao,Dài hạn
29,30,Miley Cyrus,Flowers,1,94,51,15413331,False,64,Rất cao,Dài hạn
30,31,"Maluma, Carin Leon",Según Quién,17,61,16,15371497,False,30,Rất cao,Dài hạn
31,32,"cassö, RAYE, D-Block Europe",Prada,17,107,20,15135602,False,75,Rất cao,Dài hạn
32,33,Billie Eilish,"What Was I Made For? [From The Motion Picture ""Barbie""]",3,85,25,14529772,False,52,Cao,Dài hạn
33,34,Bad Bunny,MONACO,1,74,12,14488258,False,40,Cao,Trung hạn
34,35,Dua Lipa,Houdini,6,102,8,14430948,False,67,Cao,Trung hạn
35,36,"JID, 21 Savage, Baby Tate",Surround Sound (feat. 21 Savage & Baby Tate),36,76,7,14333722,False,40,Cao,Trung hạn
36,37,The Weeknd,Blinding Lights,1,103,214,14285189,False,66,Cao,Dài hạn
37,38,"Peso Pluma, Junior H, Oscar Maydon",ROMPE LA DOMPE,38,-1,1,14120134,True,-39,Cao,Ngắn hạn
38,39,Myke Towers,LALA,1,78,27,13999105,False,39,Cao,Dài hạn
39,40,"David Guetta, Bebe Rexha",I'm Good (Blue),2,127,71,13957010,False,87,Cao,Dài hạn
40,41,"Zach Bryan, Kacey Musgraves",I Remember Everything (feat. Kacey Musgraves),20,106,19,13913315,False,65,Cao,Dài hạn
41,42,"Jung Kook, Jack Harlow",3D (feat. Jack Harlow),3,82,14,13730828,False,40,Cao,Dài hạn
42,43,"Peso Pluma, Gabito Ballesteros, Junior H",LADY GAGA,9,79,28,13657300,False,36,Cao,Dài hạn
43,44,Lord Huron,The Night We Met,36,89,63,13634229,False,45,Cao,Dài hạn
44,45,SZA,Snooze,32,98,54,13570396,False,53,Cao,Dài hạn
45,46,The Weeknd,Die For You,12,91,99,13545527,False,45,Cao,Dài hạn
46,47,"Grupo Frontera, Grupo Firme",EL AMOR DE SU VIDA,47,88,22,13297023,False,41,Cao,Dài hạn
47,48,V,Love Me Again,11,95,21,13262472,False,47,Cao,Dài hạn
48,49,Gunna,fukumean,9,100,29,13097971,False,51,Cao,Dài hạn
49,50,"Rema, Selena Gomez",Calm Down (with Selena Gomez),9,136,71,13000560,False,86,Cao,Dài hạn
50,51,The Neighbourhood,Sweater Weather,19,101,175,12929770,False,50,Cao,Dài hạn
51,52,Taylor Swift,Is It Over Now? (Taylor's Version) (From The Vault),1,109,10,12524320,False,57,Cao,Trung hạn
52,53,Quevedo,Columbia,7,96,26,12505037,False,43,Cao,Dài hạn
53,54,"Luan Santana, Ana Castela",DEJA VU,54,140,2,12425847,False,86,Cao,Ngắn hạn
54,55,Tom Odell,Another Love,15,104,143,12178758,False,49,Cao,Dài hạn
55,56,"Vishal Mishra, Raj Shekhar",Pehle Bhi Main,49,83,4,12156236,False,27,Cao,Ngắn hạn
56,57,Teddy Swims,Lose Control,57,129,8,12056485,False,72,Cao,Trung hạn
57,58,Jimin,Like Crazy,15,92,41,11892787,False,34,Cao,Dài hạn
58,59,Carin Leon,Primera Cita,21,105,27,11844810,False,46,Cao,Dài hạn
59,60,"Tyler, The Creator, Kali Uchis",See You Again (feat. Kali Uchis),16,117,45,11829446,False,57,Cao,Dài hạn
60,61,Taylor Swift,Anti-Hero,1,125,63,11788898,False,64,Cao,Dài hạn
61,62,"Grupo Frontera, Bad Bunny",un x100to,1,126,38,11686720,False,64,Cao,Dài hạn
62,63,"Drake, Yeat",IDGAF (feat. Yeat),5,110,13,11681564,False,47,Cao,Dài hạn
63,64,"UMI, V",wherever u r (ft. V of BTS),64,-1,1,11657979,True,-65,Cao,Ngắn hạn
64,65,Vance Joy,Riptide,65,198,151,11634309,False,133,Cao,Dài hạn
65,66,Nicki Minaj,FTCU,66,112,3,11513908,False,46,Cao,Ngắn hạn
66,67,Sabrina Carpenter,Feather,67,165,5,11491130,False,98,Cao,Trung hạn
67,68,Taylor Swift,Lover,2,123,48,11407664,False,55,Cao,Dài hạn
68,69,"Rihanna, Calvin Harris",We Found Love,59,-1,44,11404507,True,-70,Cao,Dài hạn
69,70,Tate McRae,exes,26,130,7,11281672,False,60,Cao,Trung hạn
70,71,Lauana Prado,Me Leva Pra Casa / Escrito Nas Estrelas / Saudade - Ao Vivo,71,115,2,10974282,False,44,Trung bình,Ngắn hạn
71,72,"Post Malone, Swae Lee",Sunflower - Spider-Man: Into the Spider-Verse,1,133,265,10939033,False,61,Trung bình,Dài hạn
72,73,"Eslabon Armado, Peso Pluma",Ella Baila Sola,1,118,42,10920625,False,45,Trung bình,Dài hạn
73,74,OneRepublic,I Ain't Worried,7,175,83,10892576,False,101,Trung bình,Dài hạn
74,75,Coldplay,Viva La Vida,57,163,71,10771297,False,88,Trung bình,Dài hạn
75,76,Coldplay,Yellow,50,134,159,10768755,False,58,Trung bình,Dài hạn
76,77,Travis Scott,I KNOW ?,14,147,23,10623166,False,70,Trung bình,Dài hạn
77,78,"Metro Boomin, The Weeknd, 21 Savage",Creepin' (with The Weeknd & 21 Savage),2,131,57,10572731,False,53,Trung bình,Dài hạn
78,79,Jimin,Closer Than This,65,65,2,10548831,False,-14,Trung bình,Ngắn hạn
79,80,"Xavi, Los Dareyes De La Sierra",Poco A Poco,80,161,2,10501435,False,81,Trung bình,Ngắn hạn
80,81,"Drake, Sexyy Red, SZA",Rich Baby Daddy (feat. Sexyy Red & SZA),28,181,12,10453197,False,100,Trung bình,Trung hạn
81,82,Olivia Rodrigo,Can’t Catch Me Now - from The Hunger Games: The Ballad of Songbirds & Snakes,35,145,9,10426372,False,63,Trung bình,Trung hạn
82,83,Manuel Turizo,La Bachata,4,152,79,10402796,False,69,Trung bình,Dài hạn
83,84,"Feid, Young Miko",CLASSY 101,8,142,40,10358093,False,58,Trung bình,Dài hạn
84,85,Lewis Capaldi,Someone You Loved,4,138,260,10349529,False,53,Trung bình,Dài hạn
85,86,"Macklemore, Ryan Lewis, Macklemore & Ryan Lewis, Ray Dalton",Can't Hold Us (feat. Ray Dalton),86,191,99,10307415,False,105,Trung bình,Dài hạn
86,87,a-ha,Take on Me,83,149,21,10267499,False,62,Trung bình,Dài hạn
87,88,Bruno Mars,Locked out of Heaven,39,151,82,10258198,False,63,Trung bình,Dài hạn
88,89,Eminem,Without Me,31,135,119,10238854,False,46,Trung bình,Dài hạn
89,90,Kanye West,Heartless,90,153,26,10174728,False,63,Trung bình,Dài hạn
90,91,The Weeknd,Save Your Tears,2,150,155,10061366,False,59,Trung bình,Dài hạn
91,92,OneRepublic,Counting Stars,92,162,142,10048632,False,70,Trung bình,Dài hạn
92,93,"Travis Scott, Playboi Carti",FE!N (feat. Playboi Carti),5,197,16,10001833,False,104,Trung bình,Dài hạn
93,94,The Killers,Mr. Brightside,94,-1,119,9948722,True,-95,Trung bình,Dài hạn
94,95,Cigarettes After Sex,Apocalypse,89,154,77,9854300,False,59,Trung bình,Dài hạn
95,96,"Elton John, Dua Lipa, PNAU",Cold Heart - PNAU Remix,4,-1,120,9808894,True,-97,Trung bình,Dài hạn
96,97,Taylor Swift,You’re Losing Me (From The Vault),14,155,6,9807132,False,58,Trung bình,Trung hạn
97,98,"Drake, Wizkid, Kyla",One Dance,12,186,175,9803339,False,88,Trung bình,Dài hạn
98,99,"Jere Klein, Gittobeatz",ANDO,99,158,5,9773453,False,59,Trung bình,Trung hạn
99,100,"Dj GBR, Mc IG, MC Ryan SP, MC PH, Mc Davi, Mc Luki, Mc Don Juan, Mc Kadu, TrapLaudo, MC GP, MC GH do 7",Let's Go 4,85,146,16,9750709,False,46,Trung bình,Dài hạn
100,101,"The Kid LAROI, Justin Bieber",STAY (with Justin Bieber),1,-1,129,9737563,True,-102,Trung bình,Dài hạn
101,102,Anuv Jain,Husn,102,-1,1,9723129,True,-103,Trung bình,Ngắn hạn
102,103,Eminem,Mockingbird,24,137,64,9711113,False,34,Trung bình,Dài hạn
103,104,Rauw Alejandro,DILUVIO,59,141,8,9635872,False,37,Thấp,Trung hạn
104,105,Glass Animals,Heat Waves,1,-1,154,9605358,True,-106,Thấp,Dài hạn
105,106,"The Weeknd, Lana Del Rey",Stargirl Interlude,99,185,75,9592714,False,79,Thấp,Dài hạn
106,107,Keane,Somewhere Only We Know,106,170,63,9588898,False,63,Thấp,Dài hạn
107,108,Taylor Swift,cardigan,1,169,54,9585687,False,61,Thấp,Dài hạn
108,109,J. Cole,No Role Modelz,76,179,128,9528253,False,70,Thấp,Dài hạn
109,110,Junior H,Y LLORO,55,189,13,9486861,False,79,Thấp,Dài hạn
110,111,Frank Ocean,Pink + White,70,184,33,9477352,False,73,Thấp,Dài hạn
111,112,Taylor Swift,Don’t Blame Me,71,190,72,9462800,False,78,Thấp,Dài hạn
112,113,Sabrina Carpenter,Nonsense,17,-1,50,9436421,True,-114,Thấp,Dài hạn
113,114,d4vd,Romantic Homicide,17,166,70,9312208,False,52,Thấp,Dài hạn
114,115,Kali Uchis,Moonlight,37,193,43,9239202,False,78,Thấp,Dài hạn
115,116,"Drake, J. Cole",First Person Shooter (feat. J. Cole),6,188,13,9234978,False,72,Thấp,Dài hạn
116,117,"Arijit Singh, Shreyas Puranik, Siddharth - Garima","Satranga (From ""ANIMAL"")",74,132,5,9173542,False,15,Thấp,Trung hạn
117,118,Zach Bryan,Something in the Orange,57,-1,52,9153477,True,-119,Thấp,Dài hạn
118,119,LE SSERAFIM,Perfect Night,57,195,10,9147650,False,76,Thấp,Trung hạn
119,120,KAROL G,AMARGURA,53,178,33,9146128,False,58,Thấp,Dài hạn
120,121,"JC NO BEAT, DJ F7, MC Meno Dani, Silva Mc",Maria Mariah,121,-1,1,9136965,True,-122,Thấp,Ngắn hạn
121,122,"Alex Favela, Grupo Marca Registrada, Joaquin Medina",ELOVRGA,59,157,18,9135997,False,35,Thấp,Dài hạn
122,123,"Bellakath, Dani Flow",Reggaeton Champagne,78,143,13,9134013,False,20,Thấp,Dài hạn
123,124,BENNETT,Vois sur ton chemin - Techno Mix,85,-1,11,9133771,True,-125,Thấp,Trung hạn
124,125,Tears For Fears,Everybody Wants To Rule The World,91,-1,67,9124299,True,-126,Thấp,Dài hạn
125,126,The Walters,I Love You So,21,200,86,9099445,False,74,Thấp,Dài hạn
126,127,Arctic Monkeys,Why'd You Only Call Me When You're High?,95,-1,108,9098252,True,-128,Thấp,Dài hạn
127,128,"Dave, Central Cee",Sprinter,6,199,31,9055677,False,71,Thấp,Dài hạn
128,129,The Police,Every Breath You Take,101,-1,108,9006084,True,-130,Thấp,Dài hạn
129,130,Lana Del Rey,Summertime Sadness,83,192,73,8995944,False,62,Thấp,Dài hạn
130,131,Eminem,The Real Slim Shady,51,171,113,8965915,False,40,Thấp,Dài hạn
131,132,Conan Gray,Heather,12,173,143,8962576,False,41,Thấp,Dài hạn
132,133,Hotel Ugly,Shut up My Moms Calling,82,-1,52,8898809,True,-134,Thấp,Dài hạn
133,134,Adele,Set Fire to the Rain,61,-1,55,8874021,True,-135,Thấp,Dài hạn
134,135,Justin Bieber,Ghost,11,-1,117,8873179,True,-136,Thấp,Dài hạn
135,136,TV Girl,Lovers Rock,119,182,28,8864276,False,46,Thấp,Dài hạn
136,137,"Billie Eilish, Khalid",lovely (with Khalid),24,187,298,8834669,False,50,Thấp,Dài hạn
137,138,Arctic Monkeys,505,43,-1,104,8819325,True,-139,Thấp,Dài hạn
138,139,"Yng Lvcas, Peso Pluma",La Bebe - Remix,3,196,42,8815547,False,57,Thấp,Dài hạn
139,140,Peggy Gou,(It Goes Like) Nanana - Edit,21,-1,22,8800389,True,-141,Thấp,Dài hạn
140,141,Imagine Dragons,Demons,119,-1,58,8785740,True,-142,Thấp,Dài hạn
141,142,Kanye West,Father Stretch My Hands Pt. 1,142,-1,5,8775480,True,-143,Thấp,Trung hạn
142,143,Sophie Ellis-Bextor,Murder On The Dancefloor,143,-1,1,8760004,True,-144,Thấp,Ngắn hạn
143,144,"Kanye West, Dwele",Flashing Lights,141,-1,15,8759887,True,-145,Thấp,Dài hạn
144,145,"Peso Pluma, Tito Double P",LA PEOPLE,115,160,7,8740541,False,15,Thấp,Trung hạn
145,146,NewJeans,Super Shy,9,-1,25,8728362,True,-147,Thấp,Dài hạn
146,147,"Eugenio Esquivel, Grupo Marca Registrada, Sebastian Esquivel, Los Esquivel",Alucin,147,-1,1,8726916,True,-148,Thấp,Ngắn hạn
147,148,"Xavi, Tony Aguirre",Modo DND,148,-1,1,8695922,True,-149,Thấp,Ngắn hạn
148,149,"Gabito Ballesteros, Natanael Cano",LOU LOU,43,177,11,8633744,False,28,Thấp,Trung hạn
149,150,Lil Tecca,500lbs,89,-1,11,8616977,True,-151,Thấp,Trung hạn
150,151,Morgan Wallen,Last Night,14,-1,46,8582915,True,-152,Thấp,Dài hạn
151,152,Travis Scott,MY EYES,15,-1,8,8558889,True,-153,Thấp,Trung hạn
152,153,Bruno Mars,Just the Way You Are,120,-1,53,8524759,True,-154,Thấp,Dài hạn
153,154,Taylor Swift,august,11,-1,47,8518795,True,-155,Thấp,Dài hạn
154,155,Black Eyed Peas,I Gotta Feeling,118,-1,3,8503727,True,-156,Thấp,Ngắn hạn
155,156,Bruno Mars,When I Was Your Man,72,-1,70,8492900,True,-157,Thấp,Dài hạn
156,157,"Eminem, Juice WRLD",Godzilla (feat. Juice WRLD),4,167,84,8458323,False,10,Thấp,Dài hạn
157,158,Creedence Clearwater Revival,Have You Ever Seen The Rain,158,-1,20,8456605,True,-159,Thấp,Dài hạn
158,159,Miley Cyrus,Party In The U.S.A.,132,-1,4,8454217,True,-160,Thấp,Ngắn hạn
159,160,Tory Lanez,The Color Violet,70,-1,46,8449904,True,-161,Thấp,Dài hạn
160,161,JVKE,golden hour,14,-1,69,8433767,True,-162,Thấp,Dài hạn
161,162,Hozier,Take Me To Church,108,-1,123,8423723,True,-163,Thấp,Dài hạn
162,163,Arctic Monkeys,Do I Wanna Know?,98,-1,118,8408982,True,-164,Thấp,Dài hạn
163,164,Ed Sheeran,Perfect,4,-1,353,8404086,True,-165,Thấp,Dài hạn
164,165,d4vd,Here With Me,14,-1,61,8388331,True,-166,Thấp,Dài hạn
165,166,Miguel,Sure Thing,14,-1,55,8362580,True,-167,Thấp,Dài hạn
166,167,KAROL G,MI EX TENÍA RAZÓN,22,-1,20,8361890,True,-168,Thấp,Dài hạn
167,168,Eminem,Lose Yourself,44,-1,127,8358355,True,-169,Thấp,Dài hạn
168,169,"Metro Boomin, Future, Don Toliver",Too Many Nights (feat. Don Toliver & with Future),33,-1,43,8347935,True,-170,Thấp,Dài hạn
169,170,Steve Lacy,Dark Red,66,-1,107,8336921,True,-171,Thấp,Dài hạn
170,171,The Weeknd,The Hills,52,-1,89,8325849,True,-172,Thấp,Dài hạn
171,172,Ruth B.,Dandelions,34,-1,124,8322218,True,-173,Thấp,Dài hạn
172,173,Paul Russell,Lil Boo Thang,173,-1,1,8292580,True,-174,Thấp,Ngắn hạn
173,174,"The Weeknd, Ariana Grande",Save Your Tears (Remix) (with Ariana Grande) - Bonus Track,5,-1,103,8282620,True,-175,Thấp,Dài hạn
174,175,Myke Towers,LA FALDA,175,-1,1,8250145,True,-176,Thấp,Ngắn hạn
175,176,"Grupo Frontera, Carin Leon",QUE VUELVAS,36,-1,40,8228894,True,-177,Thấp,Dài hạn
176,177,Avicii,Wake Me Up,13,-1,93,8215513,True,-178,Thấp,Dài hạn
177,178,Plan B,Es un Secreto,157,-1,16,8181870,True,-179,Thấp,Dài hạn
178,179,The Goo Goo Dolls,Iris,124,-1,23,8155492,True,-180,Thấp,Dài hạn
179,180,Darell,Lollipop,19,-1,12,8143784,True,-181,Thấp,Trung hạn
180,181,Taylor Swift,Blank Space,27,-1,106,8126968,True,-182,Thấp,Dài hạn
181,182,Adele,Skyfall,182,-1,1,8080073,True,-183,Thấp,Ngắn hạn
182,183,Linkin Park,In the End,22,-1,26,8054436,True,-184,Thấp,Dài hạn
183,184,"The Weeknd, Ariana Grande",Die For You (with Ariana Grande) - Remix,2,-1,37,8044640,True,-185,Thấp,Dài hạn
184,185,Imagine Dragons,Believer,16,-1,357,8030136,True,-186,Thấp,Dài hạn
185,186,"Metro Boomin, Travis Scott, Young Thug",Trance (with Travis Scott & Young Thug),65,-1,31,8008618,True,-187,Thấp,Dài hạn
186,187,"Kanye West, Pusha T",Runaway,187,-1,3,7989691,True,-188,Thấp,Ngắn hạn
187,188,Taylor Swift,"""Slut!"" (Taylor's Version) (From The Vault)",3,-1,8,7970556,True,-189,Thấp,Trung hạn
188,189,"Don Omar, Lucenzo",Danza Kuduro,104,-1,17,7955277,True,-190,Thấp,Dài hạn
189,190,"KAROL G, Shakira",TQG,1,-1,43,7950655,True,-191,Thấp,Dài hạn
190,191,ABBA,Dancing Queen,191,-1,1,7947485,True,-192,Thấp,Ngắn hạn
191,192,FIFTY FIFTY,Cupid (Twin Ver.) - Live Studio Version OT4,4,-1,39,7944245,True,-193,Thấp,Dài hạn
192,193,Wham!,Last Christmas - Single Version,2,2,51,7914063,False,-191,Thấp,Dài hạn
193,194,Radiohead,Creep,143,-1,25,7864361,True,-195,Thấp,Dài hạn
194,195,"DJ Snake, Justin Bieber",Let Me Love You,4,-1,48,7847558,True,-196,Thấp,Dài hạn
195,196,"Kendrick Lamar, Jay Rock",Money Trees,62,-1,48,7823299,True,-197,Thấp,Dài hạn
196,197,Sia,Snowman,9,9,33,7790817,False,-188,Thấp,Dài hạn
197,198,Lana Del Rey,Say Yes To Heaven,18,-1,30,7786765,True,-199,Thấp,Dài hạn
198,199,TV Girl,Not Allowed,171,-1,3,7775597,True,-200,Thấp,Ngắn hạn
199,200,"Stephen Sanchez, Em Beihold",Until I Found You (with Em Beihold) - Em Beihold Version,10,-1,53,7771876,True,-201,Thấp,Dài hạn
200,1,Xavi,La Diabla,1,2,5,34195950,False,1,Rất cao,Trung hạn
201,2,Tate McRae,greedy,1,1,17,34059012,False,-1,Rất cao,Dài hạn
202,3,Jack Harlow,Lovin On Me,3,3,9,32055608,False,0,Rất cao,Trung hạn
203,4,Taylor Swift,Cruel Summer,2,4,49,28511866,False,0,Rất cao,Dài hạn
204,5,"The Weeknd, JENNIE, Lily-Rose Depp","One Of The Girls (with JENNIE, Lily Rose Depp)",5,6,14,27400991,False,1,Rất cao,Dài hạn
205,6,Mitski,My Love Mine All Mine,3,5,16,27354041,False,-1,Rất cao,Dài hạn
206,7,Noah Kahan,Stick Season,7,11,14,24788155,False,4,Rất cao,Dài hạn
207,8,Xavi,La Víctima,8,9,7,23066551,False,1,Rất cao,Trung hạn
208,9,"Jung Kook, Latto",Seven (feat. Latto) (Explicit Ver.),1,7,26,22294951,False,-2,Rất cao,Dài hạn
209,10,Doja Cat,Paint The Town Red,1,8,23,22034792,False,-2,Rất cao,Dài hạn
210,11,"Feid, ATL Jacob",LUNA,11,18,5,21652729,False,7,Rất cao,Trung hạn
211,12,"Peso Pluma, Anitta",BELLAKEO,10,10,5,20997062,False,-2,Rất cao,Trung hạn
212,13,"The Weeknd, Playboi Carti, Madonna",Popular (with Playboi Carti & Madonna) - From The Idol Vol. 1 (Music from the HBO Original Series),13,21,32,20428615,False,8,Rất cao,Dài hạn
213,14,Kenya Grace,Strangers,4,13,19,20024519,False,-1,Rất cao,Dài hạn
214,15,Arctic Monkeys,I Wanna Be Yours,15,17,79,19970377,False,2,Rất cao,Dài hạn
215,16,Tyla,Water,12,12,16,19677995,False,-4,Rất cao,Dài hạn
216,17,"Bad Bunny, Feid",PERRO NEGRO,4,14,13,19476456,False,-3,Rất cao,Dài hạn
217,18,Jung Kook,Standing Next to You,1,16,10,19381222,False,-2,Rất cao,Trung hạn
218,19,"KAROL G, Peso Pluma",QLONA,5,15,22,18450452,False,-4,Rất cao,Dài hạn
219,20,Olivia Rodrigo,vampire,1,23,28,18230348,False,3,Rất cao,Dài hạn
220,21,"Calle 24, Chino Pacas, Fuerza Regida",Que Onda,16,19,19,17356851,False,-2,Rất cao,Dài hạn
221,22,Doja Cat,Agora Hills,16,24,16,17152621,False,2,Rất cao,Dài hạn
222,23,"The Weeknd, Daft Punk",Starboy,1,26,171,17100327,False,3,Rất cao,Dài hạn
223,24,iñigo quintero,Si No Estás,1,22,16,17002985,False,-2,Rất cao,Dài hạn
224,25,"Fuerza Regida, Marshmello",HARLEY QUINN,11,20,11,16758491,False,-5,Rất cao,Trung hạn
225,26,Billie Eilish,"What Was I Made For? [From The Motion Picture ""Barbie""]",3,33,26,16646305,False,7,Rất cao,Dài hạn
226,27,SZA,Kill Bill,1,27,57,16398834,False,0,Rất cao,Dài hạn
227,28,Harry Styles,As It Was,1,25,93,15967765,False,-3,Rất cao,Dài hạn
228,29,David Kushner,Daylight,5,29,39,15821912,False,0,Rất cao,Dài hạn
229,30,Vance Joy,Riptide,30,65,152,15744110,False,35,Rất cao,Dài hạn
230,31,Dua Lipa,Houdini,6,35,9,15642294,False,4,Rất cao,Trung hạn
231,32,Teddy Swims,Lose Control,32,57,9,15462408,False,25,Rất cao,Trung hạn
232,33,Sophie Ellis-Bextor,Murder On The Dancefloor,33,143,2,15428131,False,110,Rất cao,Ngắn hạn
233,34,"JID, 21 Savage, Baby Tate",Surround Sound (feat. 21 Savage & Baby Tate),34,36,8,14786989,False,2,Cao,Trung hạn
234,35,"Maluma, Carin Leon",Según Quién,17,31,17,14701296,False,-4,Cao,Dài hạn
235,36,"Zach Bryan, Kacey Musgraves",I Remember Everything (feat. Kacey Musgraves),20,41,20,14698793,False,5,Cao,Dài hạn
236,37,"cassö, RAYE, D-Block Europe",Prada,17,32,21,14550323,False,-5,Cao,Dài hạn
237,38,Miley Cyrus,Flowers,1,30,52,14548483,False,-8,Cao,Dài hạn
238,39,Lord Huron,The Night We Met,36,44,64,14442070,False,5,Cao,Dài hạn
239,40,The Weeknd,Die For You,12,46,100,14241827,False,6,Cao,Dài hạn
240,41,Dua Lipa,Dance The Night - From Barbie The Album,5,28,33,14191744,False,-13,Cao,Dài hạn
241,42,SZA,Snooze,32,45,55,14106335,False,3,Cao,Dài hạn
242,43,"Jung Kook, Jack Harlow",3D (feat. Jack Harlow),3,42,15,13877871,False,-1,Cao,Dài hạn
243,44,The Neighbourhood,Sweater Weather,19,51,176,13859103,False,7,Cao,Dài hạn
244,45,The Weeknd,Blinding Lights,1,37,215,13651163,False,-8,Cao,Dài hạn
245,46,Myke Towers,LALA,1,39,28,13507364,False,-7,Cao,Dài hạn
246,47,Sabrina Carpenter,Feather,47,67,6,13391680,False,20,Cao,Trung hạn
247,48,Bad Bunny,MONACO,1,34,13,13295708,False,-14,Cao,Dài hạn
248,49,V,Love Me Again,11,48,22,13206831,False,-1,Cao,Dài hạn
249,50,"Peso Pluma, Junior H, Oscar Maydon",ROMPE LA DOMPE,38,38,2,13122143,False,-12,Cao,Ngắn hạn
250,51,Taylor Swift,Is It Over Now? (Taylor's Version) (From The Vault),1,52,11,13020606,False,1,Cao,Trung hạn
251,52,"Drake, Sexyy Red, SZA",Rich Baby Daddy (feat. Sexyy Red & SZA),28,81,13,13017598,False,29,Cao,Dài hạn
252,53,"Grupo Frontera, Grupo Firme",EL AMOR DE SU VIDA,47,47,23,12919864,False,-6,Cao,Dài hạn
253,54,Tom Odell,Another Love,15,55,144,12882699,False,1,Cao,Dài hạn
254,55,"Tyler, The Creator, Kali Uchis",See You Again (feat. Kali Uchis),16,60,46,12624432,False,5,Cao,Dài hạn
255,56,Gunna,fukumean,9,49,30,12504254,False,-7,Cao,Dài hạn
256,57,Quevedo,Columbia,7,53,27,12227913,False,-4,Cao,Dài hạn
257,58,Tate McRae,exes,26,70,8,12153251,False,12,Cao,Trung hạn
258,59,"Peso Pluma, Gabito Ballesteros, Junior H",LADY GAGA,9,43,29,12094395,False,-16,Cao,Dài hạn
259,60,Jimin,Like Crazy,15,58,42,12091523,False,-2,Cao,Dài hạn
260,61,"David Guetta, Bebe Rexha",I'm Good (Blue),2,40,72,12082598,False,-21,Cao,Dài hạn
261,62,"Drake, Yeat",IDGAF (feat. Yeat),5,63,14,11933338,False,1,Cao,Dài hạn
262,63,Nicki Minaj,FTCU,63,66,4,11892608,False,3,Cao,Ngắn hạn
263,64,Taylor Swift,Lover,2,68,49,11885974,False,4,Cao,Dài hạn
264,65,Taylor Swift,Anti-Hero,1,61,64,11756777,False,-4,Cao,Dài hạn
265,66,"Post Malone, Swae Lee",Sunflower - Spider-Man: Into the Spider-Verse,1,72,266,11536228,False,6,Cao,Dài hạn
266,67,Travis Scott,I KNOW ?,14,77,24,11483082,False,10,Cao,Dài hạn
267,68,"Grupo Frontera, Bad Bunny",un x100to,1,62,39,11455676,False,-6,Cao,Dài hạn
268,69,"Rema, Selena Gomez",Calm Down (with Selena Gomez),9,50,72,11425736,False,-19,Cao,Dài hạn
269,70,OneRepublic,I Ain't Worried,7,74,84,11381598,False,4,Cao,Dài hạn
270,71,Olivia Rodrigo,Can’t Catch Me Now - from The Hunger Games: The Ballad of Songbirds & Snakes,35,82,10,11281453,False,11,Cao,Trung hạn
271,72,Coldplay,Yellow,50,76,160,11202544,False,4,Trung bình,Dài hạn
272,73,"Vishal Mishra, Raj Shekhar",Pehle Bhi Main,49,56,5,11194555,False,-17,Trung bình,Trung hạn
273,74,Coldplay,Viva La Vida,57,75,72,10985760,False,1,Trung bình,Dài hạn
274,75,Lewis Capaldi,Someone You Loved,4,85,261,10958351,False,10,Trung bình,Dài hạn
275,76,Kanye West,Heartless,76,90,27,10832805,False,14,Trung bình,Dài hạn
276,77,Carin Leon,Primera Cita,21,59,28,10786386,False,-18,Trung bình,Dài hạn
277,78,Junior H,Y LLORO,55,110,14,10748250,False,32,Trung bình,Dài hạn
278,79,"Metro Boomin, The Weeknd, 21 Savage",Creepin' (with The Weeknd & 21 Savage),2,78,58,10722369,False,-1,Trung bình,Dài hạn
279,80,Bruno Mars,Locked out of Heaven,39,88,83,10654137,False,8,Trung bình,Dài hạn
280,81,Cigarettes After Sex,Apocalypse,81,95,78,10623414,False,14,Trung bình,Dài hạn
281,82,"Drake, Wizkid, Kyla",One Dance,12,98,176,10612953,False,16,Trung bình,Dài hạn
282,83,"Feid, Young Miko",CLASSY 101,8,84,41,10595752,False,1,Trung bình,Dài hạn
283,84,"Travis Scott, Playboi Carti",FE!N (feat. Playboi Carti),5,93,17,10506246,False,9,Trung bình,Dài hạn
284,85,"Xavi, Los Dareyes De La Sierra",Poco A Poco,80,80,3,10501299,False,-5,Trung bình,Ngắn hạn
285,86,OneRepublic,Counting Stars,86,92,143,10460240,False,6,Trung bình,Dài hạn
286,87,Keane,Somewhere Only We Know,87,107,64,10401937,False,20,Trung bình,Dài hạn
287,88,Anuv Jain,Husn,88,102,2,10380317,False,14,Trung bình,Ngắn hạn
288,89,Eminem,Without Me,31,89,120,10374607,False,0,Trung bình,Dài hạn
289,90,The Weeknd,Save Your Tears,2,91,156,10360253,False,1,Trung bình,Dài hạn
290,91,Frank Ocean,Pink + White,70,111,34,10338338,False,20,Trung bình,Dài hạn
291,92,"The Weeknd, Lana Del Rey",Stargirl Interlude,92,106,76,10320373,False,14,Trung bình,Dài hạn
292,93,J. Cole,No Role Modelz,76,109,129,10288858,False,16,Trung bình,Dài hạn
293,94,"JC NO BEAT, DJ F7, MC Meno Dani, Silva Mc",Maria Mariah,94,121,2,10083665,False,27,Trung bình,Ngắn hạn
294,95,Taylor Swift,cardigan,1,108,55,10080740,False,13,Trung bình,Dài hạn
295,96,Manuel Turizo,La Bachata,4,83,80,9905660,False,-13,Trung bình,Dài hạn
296,97,Arctic Monkeys,Why'd You Only Call Me When You're High?,95,127,109,9871303,False,30,Trung bình,Dài hạn
297,98,"Eugenio Esquivel, Grupo Marca Registrada, Sebastian Esquivel, Los Esquivel",Alucin,98,147,2,9848890,False,49,Trung bình,Ngắn hạn
298,99,The Walters,I Love You So,21,126,87,9818789,False,27,Trung bình,Dài hạn
299,100,TV Girl,Lovers Rock,100,136,29,9816798,False,36,Trung bình,Dài hạn
300,101,Eminem,Mockingbird,24,103,65,9790455,False,2,Trung bình,Dài hạn
301,102,Rauw Alejandro,DILUVIO,59,104,9,9750758,False,2,Trung bình,Trung hạn
302,103,"Jere Klein, Gittobeatz",ANDO,99,99,6,9733140,False,-4,Trung bình,Trung hạn
303,104,LE SSERAFIM,Perfect Night,57,119,11,9730816,False,15,Trung bình,Trung hạn
304,105,"Rihanna, Calvin Harris",We Found Love,59,69,45,9699289,False,-36,Trung bình,Dài hạn
305,106,"Macklemore, Ryan Lewis, Macklemore & Ryan Lewis, Ray Dalton",Can't Hold Us (feat. Ray Dalton),86,86,100,9668162,False,-20,Thấp,Dài hạn
306,107,Zach Bryan,Something in the Orange,57,118,53,9611435,False,11,Thấp,Dài hạn
307,108,Kali Uchis,Moonlight,37,115,44,9596259,False,7,Thấp,Dài hạn
308,109,Travis Scott,MY EYES,15,152,9,9595268,False,43,Thấp,Trung hạn
309,110,Taylor Swift,Don’t Blame Me,71,112,73,9559692,False,2,Thấp,Dài hạn
310,111,Lana Del Rey,Summertime Sadness,83,130,74,9552819,False,19,Thấp,Dài hạn
311,112,Hotel Ugly,Shut up My Moms Calling,82,133,53,9541382,False,21,Thấp,Dài hạn
312,113,Adele,Set Fire to the Rain,61,134,56,9527515,False,21,Thấp,Dài hạn
313,114,Taylor Swift,You’re Losing Me (From The Vault),14,97,7,9520505,False,-17,Thấp,Trung hạn
314,115,d4vd,Romantic Homicide,17,114,71,9503483,False,-1,Thấp,Dài hạn
315,116,"Luan Santana, Ana Castela",DEJA VU,54,54,3,9469186,False,-62,Thấp,Ngắn hạn
316,117,Sabrina Carpenter,Nonsense,17,113,51,9451070,False,-4,Thấp,Dài hạn
317,118,"Eslabon Armado, Peso Pluma",Ella Baila Sola,1,73,43,9377942,False,-45,Thấp,Dài hạn
318,119,Arctic Monkeys,505,43,138,105,9364641,False,19,Thấp,Dài hạn
319,120,The Police,Every Breath You Take,101,129,109,9358087,False,9,Thấp,Dài hạn
320,121,"Kanye West, Dwele",Flashing Lights,121,144,16,9355574,False,23,Thấp,Dài hạn
321,122,Glass Animals,Heat Waves,1,105,155,9341170,False,-17,Thấp,Dài hạn
322,123,"Billie Eilish, Khalid",lovely (with Khalid),24,137,299,9339916,False,14,Thấp,Dài hạn
323,124,"Drake, J. Cole",First Person Shooter (feat. J. Cole),6,116,14,9339260,False,-8,Thấp,Dài hạn
324,125,The Killers,Mr. Brightside,94,94,120,9246920,False,-31,Thấp,Dài hạn
325,126,Bruno Mars,Just the Way You Are,120,153,54,9243312,False,27,Thấp,Dài hạn
326,127,Conan Gray,Heather,12,132,144,9186636,False,5,Thấp,Dài hạn
327,128,Imagine Dragons,Demons,119,141,59,9186054,False,13,Thấp,Dài hạn
328,129,"The Kid LAROI, Justin Bieber",STAY (with Justin Bieber),1,101,130,9159548,False,-28,Thấp,Dài hạn
329,130,Justin Bieber,Ghost,11,135,118,9124466,False,5,Thấp,Dài hạn
330,131,"Xavi, Tony Aguirre",Modo DND,131,148,2,9108659,False,17,Thấp,Ngắn hạn
331,132,Miguel,Sure Thing,14,166,56,9088623,False,34,Thấp,Dài hạn
332,133,Creedence Clearwater Revival,Have You Ever Seen The Rain,133,158,21,9074672,False,25,Thấp,Dài hạn
333,134,Bruno Mars,When I Was Your Man,72,156,71,9067229,False,22,Thấp,Dài hạn
334,135,Steve Lacy,Dark Red,66,170,108,9050646,False,35,Thấp,Dài hạn
335,136,KAROL G,AMARGURA,53,120,34,9024218,False,-16,Thấp,Dài hạn
336,137,Lil Tecca,500lbs,89,150,12,9009759,False,13,Thấp,Trung hạn
337,138,Tory Lanez,The Color Violet,70,160,47,8997328,False,22,Thấp,Dài hạn
338,139,"Metro Boomin, Future, Don Toliver",Too Many Nights (feat. Don Toliver & with Future),33,169,44,8970949,False,30,Thấp,Dài hạn
339,140,Hozier,Take Me To Church,108,162,124,8918353,False,22,Thấp,Dài hạn
340,141,Arctic Monkeys,Do I Wanna Know?,98,163,119,8905425,False,22,Thấp,Dài hạn
341,142,Taylor Swift,august,11,154,48,8904235,False,12,Thấp,Dài hạn
342,143,Eminem,The Real Slim Shady,51,131,114,8901838,False,-12,Thấp,Dài hạn
343,144,"Alex Favela, Grupo Marca Registrada, Joaquin Medina",ELOVRGA,59,122,19,8871190,False,-22,Thấp,Dài hạn
344,145,Tears For Fears,Everybody Wants To Rule The World,91,125,68,8796160,False,-20,Thấp,Dài hạn
345,146,Myke Towers,LA FALDA,146,175,2,8763037,False,29,Thấp,Ngắn hạn
346,147,"Dave, Central Cee",Sprinter,6,128,32,8742519,False,-19,Thấp,Dài hạn
347,148,"Elton John, Dua Lipa, PNAU",Cold Heart - PNAU Remix,4,96,121,8738399,False,-52,Thấp,Dài hạn
348,149,"UMI, V",wherever u r (ft. V of BTS),64,64,2,8724709,False,-85,Thấp,Ngắn hạn
349,150,Linkin Park,In the End,22,183,27,8710820,False,33,Thấp,Dài hạn
350,151,Kanye West,Father Stretch My Hands Pt. 1,142,142,6,8700586,False,-9,Thấp,Trung hạn
351,152,"Dj GBR, Mc IG, MC Ryan SP, MC PH, Mc Davi, Mc Luki, Mc Don Juan, Mc Kadu, TrapLaudo, MC GP, MC GH do 7",Let's Go 4,85,100,17,8696105,False,-52,Thấp,Dài hạn
352,153,Ruth B.,Dandelions,34,172,125,8682529,False,19,Thấp,Dài hạn
353,154,"Metro Boomin, Travis Scott, Young Thug",Trance (with Travis Scott & Young Thug),65,186,32,8674653,False,32,Thấp,Dài hạn
354,155,a-ha,Take on Me,83,87,22,8645699,False,-68,Thấp,Dài hạn
355,156,The Weeknd,The Hills,52,171,90,8627025,False,15,Thấp,Dài hạn
356,157,Ed Sheeran,Perfect,4,164,354,8600094,False,7,Thấp,Dài hạn
357,158,Travis Scott,goosebumps,13,-1,229,8583832,True,-159,Thấp,Dài hạn
358,159,BENNETT,Vois sur ton chemin - Techno Mix,85,124,12,8582209,False,-35,Thấp,Trung hạn
359,160,Eminem,Lose Yourself,44,168,128,8566115,False,8,Thấp,Dài hạn
360,161,"Kanye West, Pusha T",Runaway,161,187,4,8564480,False,26,Thấp,Ngắn hạn
361,162,Jimin,Closer Than This,65,79,3,8554191,False,-83,Thấp,Ngắn hạn
362,163,NewJeans,Super Shy,9,146,26,8521101,False,-17,Thấp,Dài hạn
363,164,d4vd,Here With Me,14,165,62,8520387,False,1,Thấp,Dài hạn
364,165,Taylor Swift,"""Slut!"" (Taylor's Version) (From The Vault)",3,188,9,8503739,False,23,Thấp,Trung hạn
365,166,"Stephen Sanchez, Em Beihold",Until I Found You (with Em Beihold) - Em Beihold Version,10,200,54,8501736,False,34,Thấp,Dài hạn
366,167,"Bellakath, Dani Flow",Reggaeton Champagne,78,123,14,8495411,False,-44,Thấp,Dài hạn
367,168,Morgan Wallen,Last Night,14,151,47,8466111,False,-17,Thấp,Dài hạn
368,169,TV Girl,Not Allowed,169,199,4,8421630,False,30,Thấp,Ngắn hạn
369,170,KAROL G,MI EX TENÍA RAZÓN,22,167,21,8348655,False,-3,Thấp,Dài hạn
370,171,JVKE,golden hour,14,161,70,8325257,False,-10,Thấp,Dài hạn
371,172,"The Weeknd, Ariana Grande",Die For You (with Ariana Grande) - Remix,2,184,38,8325087,False,12,Thấp,Dài hạn
372,173,Imagine Dragons,Believer,16,185,358,8322500,False,12,Thấp,Dài hạn
373,174,"Kendrick Lamar, Jay Rock",Money Trees,62,196,49,8307476,False,22,Thấp,Dài hạn
374,175,Adele,Skyfall,175,182,2,8285666,False,7,Thấp,Ngắn hạn
375,176,Taylor Swift,Blank Space,27,181,107,8273163,False,5,Thấp,Dài hạn
376,177,"Arijit Singh, Shreyas Puranik, Siddharth - Garima","Satranga (From ""ANIMAL"")",74,117,6,8267266,False,-60,Thấp,Trung hạn
377,178,"Yng Lvcas, Peso Pluma",La Bebe - Remix,3,139,43,8253743,False,-39,Thấp,Dài hạn
378,179,Plan B,Es un Secreto,157,178,17,8228649,False,-1,Thấp,Dài hạn
379,180,Radiohead,Creep,143,194,26,8227388,False,14,Thấp,Dài hạn
380,181,"Peso Pluma, Tito Double P",LA PEOPLE,115,145,8,8200560,False,-36,Thấp,Trung hạn
381,182,FIFTY FIFTY,Cupid (Twin Ver.) - Live Studio Version OT4,4,192,40,8175865,False,10,Thấp,Dài hạn
382,183,Fleetwood Mac,Dreams - 2004 Remaster,20,-1,68,8153272,True,-184,Thấp,Dài hạn
383,184,Paul Russell,Lil Boo Thang,173,173,2,8129174,False,-11,Thấp,Ngắn hạn
384,185,Rihanna,Diamonds,77,-1,14,8072789,True,-186,Thấp,Dài hạn
385,186,"Eminem, Juice WRLD",Godzilla (feat. Juice WRLD),4,157,85,8055291,False,-29,Thấp,Dài hạn
386,187,Fuerza Regida,CRAZYZ,187,-1,1,8044479,True,-188,Thấp,Ngắn hạn
387,188,The Goo Goo Dolls,Iris,124,179,24,7997920,False,-9,Thấp,Dài hạn
388,189,Imagine Dragons,Bones,26,-1,91,7939880,True,-190,Thấp,Dài hạn
389,190,Lauana Prado,Me Leva Pra Casa / Escrito Nas Estrelas / Saudade - Ao Vivo,71,71,3,7913303,False,-119,Thấp,Ngắn hạn
390,191,One Direction,Night Changes,108,-1,69,7896414,True,-192,Thấp,Dài hạn
391,192,Avicii,Wake Me Up,13,177,94,7896061,False,-15,Thấp,Dài hạn
392,193,"The Weeknd, Ariana Grande",Save Your Tears (Remix) (with Ariana Grande) - Bonus Track,5,174,104,7880696,False,-19,Thấp,Dài hạn
393,194,"Gabito Ballesteros, Natanael Cano",LOU LOU,43,149,12,7873124,False,-45,Thấp,Trung hạn
394,195,Maroon 5,Maps,190,-1,4,7855762,True,-196,Thấp,Ngắn hạn
395,196,New West,Those Eyes,86,-1,41,7850959,True,-197,Thấp,Dài hạn
396,197,"DJ Snake, Justin Bieber",Let Me Love You,4,195,49,7839356,False,-2,Thấp,Dài hạn
397,198,Natanael Cano,O Me Voy O Te Vas,198,-1,1,7838202,True,-199,Thấp,Ngắn hạn
398,199,"Drake, 21 Savage",Jimmy Cooks (feat. 21 Savage),7,-1,77,7807507,True,-200,Thấp,Dài hạn
399,200,Bruno Mars,That's What I Like,6,-1,95,7711230,True,-201,Thấp,Dài hạn
400,1,Ariana Grande,"yes, and?",1,-1,1,53885212,True,-2,Rất cao,Ngắn hạn
401,2,Xavi,La Diabla,1,1,6,39408246,False,-1,Rất cao,Trung hạn
402,3,Tate McRae,greedy,1,2,18,35975632,False,-1,Rất cao,Dài hạn
403,4,Jack Harlow,Lovin On Me,3,3,10,32562519,False,-1,Rất cao,Trung hạn
404,5,Mitski,My Love Mine All Mine,3,6,17,31046339,False,1,Rất cao,Dài hạn
405,6,"The Weeknd, JENNIE, Lily-Rose Depp","One Of The Girls (with JENNIE, Lily Rose Depp)",5,5,15,30622284,False,-1,Rất cao,Dài hạn
406,7,Taylor Swift,Cruel Summer,2,4,50,30027194,False,-3,Rất cao,Dài hạn
407,8,21 Savage,redrum,8,-1,1,27008214,True,-9,Rất cao,Ngắn hạn
408,9,Noah Kahan,Stick Season,7,7,15,26502009,False,-2,Rất cao,Dài hạn
409,10,Xavi,La Víctima,8,8,8,26072908,False,-2,Rất cao,Trung hạn
410,11,"Feid, ATL Jacob",LUNA,11,11,6,25983678,False,0,Rất cao,Trung hạn
411,12,"Bizarrap, Young Miko","Young Miko: Bzrp Music Sessions, Vol. 58",12,-1,1,23958763,True,-13,Rất cao,Ngắn hạn
412,13,"Kali Uchis, Peso Pluma",Igual Que Un Ángel (with Peso Pluma),13,-1,1,23799012,True,-14,Rất cao,Ngắn hạn
413,14,"The Weeknd, Playboi Carti, Madonna",Popular (with Playboi Carti & Madonna) - From The Idol Vol. 1 (Music from the HBO Original Series),13,13,33,22626102,False,-1,Rất cao,Dài hạn
414,15,"21 Savage, Travis Scott, Metro Boomin",née-nah,15,-1,1,21526019,True,-16,Rất cao,Ngắn hạn
415,16,"Peso Pluma, Anitta",BELLAKEO,10,12,6,21525942,False,-4,Rất cao,Trung hạn
416,17,Doja Cat,Paint The Town Red,1,10,24,21176925,False,-7,Rất cao,Dài hạn
417,18,"Jung Kook, Latto",Seven (feat. Latto) (Explicit Ver.),1,9,27,21020729,False,-9,Rất cao,Dài hạn
418,19,Arctic Monkeys,I Wanna Be Yours,15,15,80,20640815,False,-4,Rất cao,Dài hạn
419,20,"Bad Bunny, Feid",PERRO NEGRO,4,17,14,20517592,False,-3,Rất cao,Dài hạn
420,21,Kenya Grace,Strangers,4,14,20,20508176,False,-7,Rất cao,Dài hạn
421,22,Sophie Ellis-Bextor,Murder On The Dancefloor,22,33,3,20489008,False,11,Rất cao,Ngắn hạn
422,23,"KAROL G, Peso Pluma",QLONA,5,19,23,18912743,False,-4,Rất cao,Dài hạn
423,24,Olivia Rodrigo,vampire,1,20,29,18587057,False,-4,Rất cao,Dài hạn
424,25,Jung Kook,Standing Next to You,1,18,11,18435992,False,-7,Rất cao,Trung hạn
425,26,Tyla,Water,12,16,17,18411595,False,-10,Rất cao,Dài hạn
426,27,"21 Savage, Doja Cat",n.h.i.e.,27,-1,1,18254295,True,-28,Rất cao,Ngắn hạn
427,28,"Calle 24, Chino Pacas, Fuerza Regida",Que Onda,16,21,20,18156122,False,-7,Rất cao,Dài hạn
428,29,Teddy Swims,Lose Control,29,32,10,18129046,False,3,Rất cao,Trung hạn
429,30,"The Weeknd, Daft Punk",Starboy,1,23,172,17819784,False,-7,Rất cao,Dài hạn
430,31,Billie Eilish,"What Was I Made For? [From The Motion Picture ""Barbie""]",3,26,27,17317122,False,-5,Rất cao,Dài hạn
431,32,Dua Lipa,Houdini,6,31,10,17046983,False,-1,Rất cao,Trung hạn
432,33,iñigo quintero,Si No Estás,1,24,17,16969830,False,-9,Rất cao,Dài hạn
433,34,Vance Joy,Riptide,30,30,153,16836644,False,-4,Rất cao,Dài hạn
434,35,Doja Cat,Agora Hills,16,22,17,16574276,False,-13,Rất cao,Dài hạn
435,36,Lord Huron,The Night We Met,36,39,65,16205981,False,3,Rất cao,Dài hạn
436,37,David Kushner,Daylight,5,29,40,16186886,False,-8,Rất cao,Dài hạn
437,38,"Fuerza Regida, Marshmello",HARLEY QUINN,11,25,12,16088908,False,-13,Rất cao,Trung hạn
438,39,Harry Styles,As It Was,1,28,94,15829608,False,-11,Rất cao,Dài hạn
439,40,"JID, 21 Savage, Baby Tate",Surround Sound (feat. 21 Savage & Baby Tate),34,34,9,15499260,False,-6,Rất cao,Trung hạn
440,41,21 Savage,all of me,41,-1,1,15309025,True,-42,Rất cao,Ngắn hạn
441,42,"Drake, Sexyy Red, SZA",Rich Baby Daddy (feat. Sexyy Red & SZA),28,52,14,15292189,False,10,Rất cao,Dài hạn
442,43,"cassö, RAYE, D-Block Europe",Prada,17,37,22,15047600,False,-6,Cao,Dài hạn
443,44,Sabrina Carpenter,Feather,44,47,7,14974660,False,3,Cao,Trung hạn
444,45,"Zach Bryan, Kacey Musgraves",I Remember Everything (feat. Kacey Musgraves),20,36,21,14896290,False,-9,Cao,Dài hạn
445,46,SZA,Kill Bill,1,27,58,14677950,False,-19,Cao,Dài hạn
446,47,"Maluma, Carin Leon",Según Quién,17,35,18,14664162,False,-12,Cao,Dài hạn
447,48,Dua Lipa,Dance The Night - From Barbie The Album,5,41,34,14395329,False,-7,Cao,Dài hạn
448,49,The Weeknd,Die For You,12,40,101,14328385,False,-9,Cao,Dài hạn
449,50,Jimin,Like Crazy,15,60,43,14175225,False,10,Cao,Dài hạn
450,51,Miley Cyrus,Flowers,1,38,53,14074246,False,-13,Cao,Dài hạn
451,52,"Grupo Frontera, Grupo Firme",EL AMOR DE SU VIDA,47,53,24,13750571,False,1,Cao,Dài hạn
452,53,The Weeknd,Blinding Lights,1,45,216,13710845,False,-8,Cao,Dài hạn
453,54,The Neighbourhood,Sweater Weather,19,44,177,13438063,False,-10,Cao,Dài hạn
454,55,Tom Odell,Another Love,15,54,145,13313553,False,-1,Cao,Dài hạn
455,56,Gunna,fukumean,9,56,31,13016872,False,0,Cao,Dài hạn
456,57,"Jung Kook, Jack Harlow",3D (feat. Jack Harlow),3,43,16,12867136,False,-14,Cao,Dài hạn
457,58,Bad Bunny,MONACO,1,48,14,12815299,False,-10,Cao,Dài hạn
458,59,Myke Towers,LALA,1,46,29,12505740,False,-13,Cao,Dài hạn
459,60,Lewis Capaldi,Someone You Loved,4,75,262,12467055,False,15,Cao,Dài hạn
460,61,SZA,Snooze,32,42,56,12458040,False,-19,Cao,Dài hạn
461,62,"Peso Pluma, Junior H, Oscar Maydon",ROMPE LA DOMPE,38,50,3,12424255,False,-12,Cao,Ngắn hạn
462,63,Tate McRae,exes,26,58,9,12382450,False,-5,Cao,Trung hạn
463,64,Taylor Swift,Is It Over Now? (Taylor's Version) (From The Vault),1,51,12,12361701,False,-13,Cao,Trung hạn
464,65,V,Love Me Again,11,49,23,12184700,False,-16,Cao,Dài hạn
465,66,"Eugenio Esquivel, Grupo Marca Registrada, Sebastian Esquivel, Los Esquivel",Alucin,66,98,3,12166989,False,32,Cao,Ngắn hạn
466,67,Quevedo,Columbia,7,57,28,12163719,False,-10,Cao,Dài hạn
467,68,"David Guetta, Bebe Rexha",I'm Good (Blue),2,61,73,12116151,False,-7,Cao,Dài hạn
468,69,21 Savage,sneaky,69,-1,1,12097600,True,-70,Cao,Ngắn hạn
469,70,"Tyler, The Creator, Kali Uchis",See You Again (feat. Kali Uchis),16,55,47,12070783,False,-15,Cao,Dài hạn
470,71,Taylor Swift,Lover,2,64,50,12003563,False,-7,Cao,Dài hạn
471,72,"21 Savage, Young Thug, Metro Boomin",pop ur shit,72,-1,1,12001122,True,-73,Cao,Ngắn hạn
472,73,"Xavi, Los Dareyes De La Sierra",Poco A Poco,73,85,4,11906179,False,12,Cao,Ngắn hạn
473,74,Coldplay,Yellow,50,72,161,11875320,False,-2,Cao,Dài hạn
474,75,Nicki Minaj,FTCU,63,63,5,11811800,False,-12,Cao,Trung hạn
475,76,Junior H,Y LLORO,55,78,15,11807936,False,2,Cao,Dài hạn
476,77,"Drake, Wizkid, Kyla",One Dance,12,82,177,11737713,False,5,Cao,Dài hạn
477,78,"Post Malone, Swae Lee",Sunflower - Spider-Man: Into the Spider-Verse,1,66,267,11592510,False,-12,Cao,Dài hạn
478,79,"Drake, Yeat",IDGAF (feat. Yeat),5,62,15,11591146,False,-17,Cao,Dài hạn
479,80,Olivia Rodrigo,Can’t Catch Me Now - from The Hunger Games: The Ballad of Songbirds & Snakes,35,71,11,11577210,False,-9,Cao,Trung hạn
480,81,"21 Savage, Lil Durk, Metro Boomin",dangerous,81,-1,1,11437647,True,-82,Cao,Ngắn hạn
481,82,Travis Scott,I KNOW ?,14,67,25,11422482,False,-15,Cao,Dài hạn
482,83,Frank Ocean,Pink + White,70,91,35,11356385,False,8,Cao,Dài hạn
483,84,"Travis Scott, Playboi Carti",FE!N (feat. Playboi Carti),5,84,18,11345831,False,0,Cao,Dài hạn
484,85,Bruno Mars,Locked out of Heaven,39,80,84,11344019,False,-5,Cao,Dài hạn
485,86,Cigarettes After Sex,Apocalypse,81,81,79,11314501,False,-5,Cao,Dài hạn
486,87,"Peso Pluma, Gabito Ballesteros, Junior H",LADY GAGA,9,59,30,11203991,False,-28,Trung bình,Dài hạn
487,88,Carin Leon,Primera Cita,21,77,29,11182227,False,-11,Trung bình,Dài hạn
488,89,OneRepublic,I Ain't Worried,7,70,85,11171439,False,-19,Trung bình,Dài hạn
489,90,Taylor Swift,Anti-Hero,1,65,65,11142675,False,-25,Trung bình,Dài hạn
490,91,Kanye West,Heartless,76,76,28,11083690,False,-15,Trung bình,Dài hạn
491,92,Flo Milli,Never Lose Me,92,-1,1,11081352,True,-93,Trung bình,Ngắn hạn
492,93,"Mesita, Nicki Nicole, Tiago PZK, Emilia",Una Foto Remix (feat. Emilia),93,-1,1,10941468,True,-94,Trung bình,Ngắn hạn
493,94,Eminem,Without Me,31,89,121,10924203,False,-5,Trung bình,Dài hạn
494,95,OneRepublic,Counting Stars,86,86,144,10912619,False,-9,Trung bình,Dài hạn
495,96,Keane,Somewhere Only We Know,87,87,65,10879275,False,-9,Trung bình,Dài hạn
496,97,"Metro Boomin, The Weeknd, 21 Savage",Creepin' (with The Weeknd & 21 Savage),2,79,59,10837465,False,-18,Trung bình,Dài hạn
497,98,"Grupo Frontera, Bad Bunny",un x100to,1,68,40,10801853,False,-30,Trung bình,Dài hạn
498,99,"Vishal Mishra, Raj Shekhar",Pehle Bhi Main,49,73,6,10701814,False,-26,Trung bình,Trung hạn
499,100,Coldplay,Viva La Vida,57,74,73,10684656,False,-26,Trung bình,Dài hạn
500,101,"Rema, Selena Gomez",Calm Down (with Selena Gomez),9,69,73,10598961,False,-32,Trung bình,Dài hạn
501,102,"The Weeknd, Lana Del Rey",Stargirl Interlude,92,92,77,10590731,False,-10,Trung bình,Dài hạn
502,103,Creepy Nuts,Bling-Bang-Bang-Born,103,-1,1,10578001,True,-104,Trung bình,Ngắn hạn
503,104,Anuv Jain,Husn,88,88,3,10509288,False,-16,Trung bình,Ngắn hạn
504,105,J. Cole,No Role Modelz,76,93,130,10374591,False,-12,Trung bình,Dài hạn
505,106,TV Girl,Lovers Rock,100,100,30,10341673,False,-6,Trung bình,Dài hạn
506,107,"Billie Eilish, Khalid",lovely (with Khalid),24,123,300,10331832,False,16,Trung bình,Dài hạn
507,108,"Luan Santana, Ana Castela",DEJA VU,54,116,4,10320412,False,8,Trung bình,Ngắn hạn
508,109,Bruno Mars,When I Was Your Man,72,134,72,10299270,False,25,Trung bình,Dài hạn
509,110,The Weeknd,Save Your Tears,2,90,157,10296373,False,-20,Trung bình,Dài hạn
510,111,The Police,Every Breath You Take,101,120,110,10273711,False,9,Trung bình,Dài hạn
511,112,The Walters,I Love You So,21,99,88,10272725,False,-13,Trung bình,Dài hạn
512,113,Eminem,Mockingbird,24,101,66,10258409,False,-12,Trung bình,Dài hạn
513,114,"Feid, Young Miko",CLASSY 101,8,83,42,10245012,False,-31,Trung bình,Dài hạn
514,115,Hotel Ugly,Shut up My Moms Calling,82,112,54,10126097,False,-3,Trung bình,Dài hạn
515,116,d4vd,Romantic Homicide,17,115,72,10068752,False,-1,Trung bình,Dài hạn
516,117,Taylor Swift,cardigan,1,95,56,10023560,False,-22,Trung bình,Dài hạn
517,118,Imagine Dragons,Demons,118,128,60,9991549,False,10,Trung bình,Dài hạn
518,119,Zach Bryan,Something in the Orange,57,107,54,9967920,False,-12,Trung bình,Dài hạn
519,120,Rauw Alejandro,DILUVIO,59,102,10,9966401,False,-18,Trung bình,Trung hạn
520,121,Linkin Park,In the End,22,150,28,9943217,False,29,Trung bình,Dài hạn
521,122,Bruno Mars,Just the Way You Are,120,126,55,9941859,False,4,Trung bình,Dài hạn
522,123,Kali Uchis,Moonlight,37,108,45,9940318,False,-15,Trung bình,Dài hạn
523,124,"Macklemore, Ryan Lewis, Macklemore & Ryan Lewis, Ray Dalton",Can't Hold Us (feat. Ray Dalton),86,106,101,9937427,False,-18,Trung bình,Dài hạn
524,125,Creedence Clearwater Revival,Have You Ever Seen The Rain,125,133,22,9931496,False,8,Trung bình,Dài hạn
525,126,Travis Scott,MY EYES,15,109,10,9907310,False,-17,Trung bình,Trung hạn
526,127,"Xavi, Tony Aguirre",Modo DND,127,131,3,9865515,False,4,Trung bình,Ngắn hạn
527,128,Arctic Monkeys,Why'd You Only Call Me When You're High?,95,97,110,9864135,False,-31,Trung bình,Dài hạn
528,129,"Rihanna, Calvin Harris",We Found Love,59,105,46,9859264,False,-24,Trung bình,Dài hạn
529,130,Myke Towers,LA FALDA,130,146,3,9800441,False,16,Trung bình,Ngắn hạn
530,131,"21 Savage, Brent Faiyaz",should've wore a bonnet,131,-1,1,9784192,True,-132,Trung bình,Ngắn hạn
531,132,Conan Gray,Heather,12,127,145,9752901,False,-5,Trung bình,Dài hạn
532,133,"21 Savage, Summer Walker",prove it,133,-1,1,9743353,True,-134,Trung bình,Ngắn hạn
533,134,LE SSERAFIM,Perfect Night,57,104,12,9687395,False,-30,Trung bình,Trung hạn
534,135,Lana Del Rey,Summertime Sadness,83,111,75,9676863,False,-24,Trung bình,Dài hạn
535,136,"Jere Klein, Gittobeatz",ANDO,99,103,7,9639558,False,-33,Thấp,Trung hạn
536,137,Kanye West,Father Stretch My Hands Pt. 1,137,151,7,9611887,False,14,Thấp,Trung hạn
537,138,Justin Bieber,Ghost,11,130,119,9544878,False,-8,Thấp,Dài hạn
538,139,Taylor Swift,Don’t Blame Me,71,110,74,9474978,False,-29,Thấp,Dài hạn
539,140,"Oscar Ortiz, Edgardo Nuñez",FIRST LOVE,140,-1,1,9468218,True,-141,Thấp,Ngắn hạn
540,141,Natasha Bedingfield,Unwritten,141,-1,1,9455815,True,-142,Thấp,Ngắn hạn
541,142,Eminem,The Real Slim Shady,51,143,115,9424740,False,1,Thấp,Dài hạn
542,143,Lil Tecca,500lbs,89,137,13,9418501,False,-6,Thấp,Dài hạn
543,144,KAROL G,AMARGURA,53,136,35,9396774,False,-8,Thấp,Dài hạn
544,145,Arctic Monkeys,505,43,119,106,9388892,False,-26,Thấp,Dài hạn
545,146,Manuel Turizo,La Bachata,4,96,81,9383879,False,-50,Thấp,Dài hạn
546,147,"Drake, J. Cole",First Person Shooter (feat. J. Cole),6,124,15,9347098,False,-23,Thấp,Dài hạn
547,148,Sabrina Carpenter,Nonsense,17,117,52,9332598,False,-31,Thấp,Dài hạn
548,149,Adele,Set Fire to the Rain,61,113,57,9186867,False,-36,Thấp,Dài hạn
549,150,The Killers,Mr. Brightside,94,125,121,9142998,False,-25,Thấp,Dài hạn
550,151,Hozier,Take Me To Church,108,140,125,9120707,False,-11,Thấp,Dài hạn
551,152,Glass Animals,Heat Waves,1,122,156,9119611,False,-30,Thấp,Dài hạn
552,153,"21 Savage, Tommy Newport, Mikky Ekko",red sky,153,-1,1,9099918,True,-154,Thấp,Ngắn hạn
553,154,"Eslabon Armado, Peso Pluma",Ella Baila Sola,1,118,44,9057028,False,-36,Thấp,Dài hạn
554,155,Imagine Dragons,Believer,16,173,359,9052835,False,18,Thấp,Dài hạn
555,156,Ed Sheeran,Perfect,4,157,355,9014220,False,1,Thấp,Dài hạn
556,157,BENNETT,Vois sur ton chemin - Techno Mix,85,159,13,9009111,False,2,Thấp,Dài hạn
557,158,"Kanye West, Dwele",Flashing Lights,121,121,17,9005113,False,-37,Thấp,Dài hạn
558,159,d4vd,Here With Me,14,164,63,8933345,False,5,Thấp,Dài hạn
559,160,Taylor Swift,august,11,142,49,8924124,False,-18,Thấp,Dài hạn
560,161,Eminem,Lose Yourself,44,160,129,8871634,False,-1,Thấp,Dài hạn
561,162,Arctic Monkeys,Do I Wanna Know?,98,141,120,8869053,False,-21,Thấp,Dài hạn
562,163,Tory Lanez,The Color Violet,70,138,48,8864634,False,-25,Thấp,Dài hạn
563,164,Lil Nas X,J CHRIST,164,-1,1,8855809,True,-165,Thấp,Ngắn hạn
564,165,TV Girl,Not Allowed,165,169,5,8835897,False,4,Thấp,Trung hạn
565,166,"Metro Boomin, Future, Don Toliver",Too Many Nights (feat. Don Toliver & with Future),33,139,45,8835772,False,-27,Thấp,Dài hạn
566,167,"Metro Boomin, Travis Scott, Young Thug",Trance (with Travis Scott & Young Thug),65,154,33,8808067,False,-13,Thấp,Dài hạn
567,168,Steve Lacy,Dark Red,66,135,109,8786497,False,-33,Thấp,Dài hạn
568,169,Taylor Swift,You’re Losing Me (From The Vault),14,114,8,8760188,False,-55,Thấp,Trung hạn
569,170,KAROL G,MI EX TENÍA RAZÓN,22,170,22,8751040,False,0,Thấp,Dài hạn
570,171,The Weeknd,The Hills,52,156,91,8743094,False,-15,Thấp,Dài hạn
571,172,"Elton John, Dua Lipa, PNAU",Cold Heart - PNAU Remix,4,148,122,8740449,False,-24,Thấp,Dài hạn
572,173,"The Kid LAROI, Justin Bieber",STAY (with Justin Bieber),1,129,131,8739342,False,-44,Thấp,Dài hạn
573,174,"The Weeknd, Ariana Grande",Save Your Tears (Remix) (with Ariana Grande) - Bonus Track,5,193,105,8734217,False,19,Thấp,Dài hạn
574,175,"Alex Favela, Grupo Marca Registrada, Joaquin Medina",ELOVRGA,59,144,20,8728056,False,-31,Thấp,Dài hạn
575,176,Radiohead,Creep,143,180,27,8652334,False,4,Thấp,Dài hạn
576,177,"Arijit Singh, Shreyas Puranik, Siddharth - Garima","Satranga (From ""ANIMAL"")",74,177,7,8602845,False,0,Thấp,Trung hạn
577,178,"The Weeknd, Ariana Grande",Die For You (with Ariana Grande) - Remix,2,172,39,8597344,False,-6,Thấp,Dài hạn
578,179,"Stephen Sanchez, Em Beihold",Until I Found You (with Em Beihold) - Em Beihold Version,10,166,55,8579469,False,-13,Thấp,Dài hạn
579,180,Travis Scott,goosebumps,13,158,230,8565828,False,-22,Thấp,Dài hạn
580,181,James Arthur,Say You Won't Let Go,7,-1,289,8550250,True,-182,Thấp,Dài hạn
581,182,Natanael Cano,O Me Voy O Te Vas,182,198,2,8541799,False,16,Thấp,Ngắn hạn
582,183,Morgan Wallen,Last Night,14,168,48,8539954,False,-15,Thấp,Dài hạn
583,184,a-ha,Take on Me,83,155,23,8516387,False,-29,Thấp,Dài hạn
584,185,"21 Savage, Burna Boy, Metro Boomin",just like me,185,-1,1,8511674,True,-186,Thấp,Ngắn hạn
585,186,21 Savage,letter to my brudda,186,-1,1,8506424,True,-187,Thấp,Ngắn hạn
586,187,Ruth B.,Dandelions,34,153,126,8502953,False,-34,Thấp,Dài hạn
587,188,NewJeans,Super Shy,9,163,27,8487571,False,-25,Thấp,Dài hạn
588,189,Adele,Skyfall,175,175,3,8470275,False,-14,Thấp,Ngắn hạn
589,190,Tears For Fears,Everybody Wants To Rule The World,91,145,69,8449283,False,-45,Thấp,Dài hạn
590,191,"Drake, 21 Savage",Jimmy Cooks (feat. 21 Savage),7,199,78,8410516,False,8,Thấp,Dài hạn
591,192,New West,Those Eyes,86,196,42,8379926,False,4,Thấp,Dài hạn
592,193,"Dave, Central Cee",Sprinter,6,147,33,8369695,False,-46,Thấp,Dài hạn
593,194,Imagine Dragons,Bones,26,189,92,8348012,False,-5,Thấp,Dài hạn
594,195,The Goo Goo Dolls,Iris,124,188,25,8343631,False,-7,Thấp,Dài hạn
595,196,Miguel,Sure Thing,14,132,57,8305075,False,-64,Thấp,Dài hạn
596,197,Richy Mitch & The Coal Miners,Evergreen,197,-1,1,8292340,True,-198,Thấp,Ngắn hạn
597,198,"Kanye West, Pusha T",Runaway,161,161,5,8287795,False,-37,Thấp,Trung hạn
598,199,Maroon 5,Maps,190,195,5,8261677,False,-4,Thấp,Trung hạn
599,200,"Eminem, Juice WRLD",Godzilla (feat. Juice WRLD),4,186,86,8258851,False,-14,Thấp,Dài hạn
600,1,Xavi,La Diabla,1,2,7,39499314,False,1,Rất cao,Trung hạn
601,2,Ariana Grande,"yes, and?",1,1,2,37094143,False,-1,Rất cao,Ngắn hạn
602,3,Tate McRae,greedy,1,3,19,35597443,False,0,Rất cao,Dài hạn
603,4,Jack Harlow,Lovin On Me,3,4,11,34044101,False,0,Rất cao,Trung hạn
604,5,"The Weeknd, JENNIE, Lily-Rose Depp","One Of The Girls (with JENNIE, Lily Rose Depp)",5,6,16,31767835,False,1,Rất cao,Dài hạn
605,6,Mitski,My Love Mine All Mine,3,5,18,31544921,False,-1,Rất cao,Dài hạn
606,7,Taylor Swift,Cruel Summer,2,7,51,29602318,False,0,Rất cao,Dài hạn
607,8,Noah Kahan,Stick Season,7,9,16,28528162,False,1,Rất cao,Dài hạn
608,9,21 Savage,redrum,8,8,2,28235790,False,-1,Rất cao,Ngắn hạn
609,10,"Feid, ATL Jacob",LUNA,10,11,7,28125311,False,1,Rất cao,Trung hạn
610,11,"Kali Uchis, Peso Pluma",Igual Que Un Ángel (with Peso Pluma),11,13,2,27913857,False,2,Rất cao,Ngắn hạn
611,12,Xavi,La Víctima,8,10,9,26422199,False,-2,Rất cao,Trung hạn
612,13,Sophie Ellis-Bextor,Murder On The Dancefloor,13,22,4,24384615,False,9,Rất cao,Ngắn hạn
613,14,"The Weeknd, Playboi Carti, Madonna",Popular (with Playboi Carti & Madonna) - From The Idol Vol. 1 (Music from the HBO Original Series),13,14,34,23280818,False,0,Rất cao,Dài hạn
614,15,"Bizarrap, Young Miko","Young Miko: Bzrp Music Sessions, Vol. 58",12,12,2,23113402,False,-3,Rất cao,Ngắn hạn
615,16,"Peso Pluma, Anitta",BELLAKEO,10,16,7,21160685,False,0,Rất cao,Trung hạn
616,17,Teddy Swims,Lose Control,17,29,11,20893621,False,12,Rất cao,Trung hạn
617,18,Arctic Monkeys,I Wanna Be Yours,15,19,81,20854454,False,1,Rất cao,Dài hạn
618,19,"Bad Bunny, Feid",PERRO NEGRO,4,20,15,20265439,False,1,Rất cao,Dài hạn
619,20,Kenya Grace,Strangers,4,21,21,20068313,False,1,Rất cao,Dài hạn
620,21,Doja Cat,Paint The Town Red,1,17,25,20012670,False,-4,Rất cao,Dài hạn
621,22,"Jung Kook, Latto",Seven (feat. Latto) (Explicit Ver.),1,18,28,19002385,False,-4,Rất cao,Dài hạn
622,23,"KAROL G, Peso Pluma",QLONA,5,23,24,18705399,False,0,Rất cao,Dài hạn
623,24,Benson Boone,Beautiful Things,24,-1,1,18220015,True,-25,Rất cao,Ngắn hạn
624,25,Tyla,Water,12,26,18,18049559,False,1,Rất cao,Dài hạn
625,26,"The Weeknd, Daft Punk",Starboy,1,30,173,17951591,False,4,Rất cao,Dài hạn
626,27,Dua Lipa,Houdini,6,32,11,17740658,False,5,Rất cao,Trung hạn
627,28,"Calle 24, Chino Pacas, Fuerza Regida",Que Onda,16,28,21,17359524,False,0,Rất cao,Dài hạn
628,29,Olivia Rodrigo,vampire,1,24,30,17197048,False,-5,Rất cao,Dài hạn
629,30,Billie Eilish,"What Was I Made For? [From The Motion Picture ""Barbie""]",3,31,28,17040482,False,1,Rất cao,Dài hạn
630,31,Lord Huron,The Night We Met,31,36,66,16989749,False,5,Rất cao,Dài hạn
631,32,Jung Kook,Standing Next to You,1,25,12,16897865,False,-7,Rất cao,Trung hạn
632,33,Vance Joy,Riptide,30,34,154,16408000,False,1,Rất cao,Dài hạn
633,34,Sabrina Carpenter,Feather,34,44,8,16349100,False,10,Rất cao,Trung hạn
634,35,iñigo quintero,Si No Estás,1,33,18,16232803,False,-2,Rất cao,Dài hạn
635,36,Harry Styles,As It Was,1,39,95,16202738,False,3,Rất cao,Dài hạn
636,37,Flo Milli,Never Lose Me,37,92,2,16184932,False,55,Rất cao,Ngắn hạn
637,38,"JID, 21 Savage, Baby Tate",Surround Sound (feat. 21 Savage & Baby Tate),34,40,10,16112969,False,2,Rất cao,Trung hạn
638,39,"Fuerza Regida, Marshmello",HARLEY QUINN,11,38,13,15702363,False,-1,Rất cao,Dài hạn
639,40,"Drake, Sexyy Red, SZA",Rich Baby Daddy (feat. Sexyy Red & SZA),28,42,15,15666294,False,2,Rất cao,Dài hạn
640,41,Doja Cat,Agora Hills,16,35,18,15624034,False,-6,Rất cao,Dài hạn
641,42,"Zach Bryan, Kacey Musgraves",I Remember Everything (feat. Kacey Musgraves),20,45,22,15541330,False,3,Rất cao,Dài hạn
642,43,David Kushner,Daylight,5,37,41,15492550,False,-6,Rất cao,Dài hạn
643,44,"cassö, RAYE, D-Block Europe",Prada,17,43,23,15242347,False,-1,Rất cao,Dài hạn
644,45,Coldplay,Yellow,45,74,162,14778499,False,29,Cao,Dài hạn
645,46,Dua Lipa,Dance The Night - From Barbie The Album,5,48,35,14384772,False,2,Cao,Dài hạn
646,47,"Maluma, Carin Leon",Según Quién,17,47,19,14217153,False,0,Cao,Dài hạn
647,48,"21 Savage, Travis Scott, Metro Boomin",née-nah,15,15,2,14045530,False,-33,Cao,Ngắn hạn
648,49,The Weeknd,Die For You,12,49,102,13978705,False,0,Cao,Dài hạn
649,50,Miley Cyrus,Flowers,1,51,54,13766503,False,1,Cao,Dài hạn
650,51,Lewis Capaldi,Someone You Loved,4,60,263,13678792,False,9,Cao,Dài hạn
651,52,Tom Odell,Another Love,15,55,146,13678259,False,3,Cao,Dài hạn
652,53,The Weeknd,Blinding Lights,1,53,217,13483252,False,0,Cao,Dài hạn
653,54,"Grupo Frontera, Grupo Firme",EL AMOR DE SU VIDA,47,52,25,13417748,False,-2,Cao,Dài hạn
654,55,SZA,Kill Bill,1,46,59,13392945,False,-9,Cao,Dài hạn
655,56,Natasha Bedingfield,Unwritten,56,141,2,13377638,False,85,Cao,Ngắn hạn
656,57,The Neighbourhood,Sweater Weather,19,54,178,13229372,False,-3,Cao,Dài hạn
657,58,"Oscar Ortiz, Edgardo Nuñez",FIRST LOVE,58,140,2,13219035,False,82,Cao,Ngắn hạn
658,59,Creepy Nuts,Bling-Bang-Bang-Born,59,103,2,12994697,False,44,Cao,Ngắn hạn
659,60,"Eugenio Esquivel, Grupo Marca Registrada, Sebastian Esquivel, Los Esquivel",Alucin,60,66,4,12949130,False,6,Cao,Ngắn hạn
660,61,Gunna,fukumean,9,56,32,12718834,False,-5,Cao,Dài hạn
661,62,Coldplay,Viva La Vida,57,100,74,12574159,False,38,Cao,Dài hạn
662,63,"Mesita, Nicki Nicole, Tiago PZK, Emilia",Una Foto Remix (feat. Emilia),63,93,2,12508965,False,30,Cao,Ngắn hạn
663,64,Tate McRae,exes,26,63,10,12422329,False,-1,Cao,Trung hạn
664,65,Junior H,Y LLORO,55,76,16,12338015,False,11,Cao,Dài hạn
665,66,"Drake, Wizkid, Kyla",One Dance,12,77,178,12201348,False,11,Cao,Dài hạn
666,67,"Tyler, The Creator, Kali Uchis",See You Again (feat. Kali Uchis),16,70,48,12200628,False,3,Cao,Dài hạn
667,68,"21 Savage, Doja Cat",n.h.i.e.,27,27,2,12187788,False,-41,Cao,Ngắn hạn
668,69,"Xavi, Los Dareyes De La Sierra",Poco A Poco,69,73,5,12176842,False,4,Cao,Trung hạn
669,70,Bad Bunny,MONACO,1,58,15,12161260,False,-12,Cao,Dài hạn
670,71,Bruno Mars,Locked out of Heaven,39,85,85,12107757,False,14,Cao,Dài hạn
671,72,Frank Ocean,Pink + White,70,83,36,12092244,False,11,Cao,Dài hạn
672,73,Taylor Swift,Lover,2,71,51,12087229,False,-2,Cao,Dài hạn
673,74,"David Guetta, Bebe Rexha",I'm Good (Blue),2,68,74,12058866,False,-6,Cao,Dài hạn
674,75,"Travis Scott, Playboi Carti",FE!N (feat. Playboi Carti),5,84,19,12008914,False,9,Cao,Dài hạn
675,76,OneRepublic,I Ain't Worried,7,89,86,12006254,False,13,Cao,Dài hạn
676,77,Myke Towers,LALA,1,59,30,11967670,False,-18,Cao,Dài hạn
677,78,Travis Scott,I KNOW ?,14,82,26,11900734,False,4,Cao,Dài hạn
678,79,"Drake, Yeat",IDGAF (feat. Yeat),5,79,16,11871375,False,0,Cao,Dài hạn
679,80,V,Love Me Again,11,65,24,11820459,False,-15,Cao,Dài hạn
680,81,Quevedo,Columbia,7,67,29,11803078,False,-14,Cao,Dài hạn
681,82,Taylor Swift,Is It Over Now? (Taylor's Version) (From The Vault),1,64,13,11797198,False,-18,Cao,Dài hạn
682,83,SZA,Snooze,32,61,57,11727254,False,-22,Cao,Dài hạn
683,84,Keane,Somewhere Only We Know,84,96,66,11650746,False,12,Cao,Dài hạn
684,85,"Post Malone, Swae Lee",Sunflower - Spider-Man: Into the Spider-Verse,1,78,268,11641518,False,-7,Cao,Dài hạn
685,86,"Jung Kook, Jack Harlow",3D (feat. Jack Harlow),3,57,17,11590165,False,-29,Cao,Dài hạn
686,87,Myke Towers,LA FALDA,87,130,4,11406087,False,43,Cao,Ngắn hạn
687,88,"Peso Pluma, Junior H, Oscar Maydon",ROMPE LA DOMPE,38,62,4,11384031,False,-26,Cao,Ngắn hạn
688,89,Kanye West,Heartless,76,91,29,11333188,False,2,Cao,Dài hạn
689,90,Cigarettes After Sex,Apocalypse,81,86,80,11305351,False,-4,Cao,Dài hạn
690,91,Jimin,Like Crazy,15,50,44,11234270,False,-41,Trung bình,Dài hạn
691,92,Creedence Clearwater Revival,Have You Ever Seen The Rain,92,125,23,11222351,False,33,Trung bình,Dài hạn
692,93,Eminem,Without Me,31,94,122,11198733,False,1,Trung bình,Dài hạn
693,94,OneRepublic,Counting Stars,86,95,145,11093985,False,1,Trung bình,Dài hạn
694,95,Carin Leon,Primera Cita,21,88,30,10899377,False,-7,Trung bình,Dài hạn
695,96,Bruno Mars,When I Was Your Man,72,109,73,10860854,False,13,Trung bình,Dài hạn
696,97,Taylor Swift,Anti-Hero,1,90,66,10815052,False,-7,Trung bình,Dài hạn
697,98,"Peso Pluma, Gabito Ballesteros, Junior H",LADY GAGA,9,87,31,10768303,False,-11,Trung bình,Dài hạn
698,99,The Police,Every Breath You Take,99,111,111,10762841,False,12,Trung bình,Dài hạn
699,100,Nicki Minaj,FTCU,63,75,6,10732055,False,-25,Trung bình,Trung hạn
700,101,TV Girl,Lovers Rock,100,106,31,10651800,False,5,Trung bình,Dài hạn
701,102,Hotel Ugly,Shut up My Moms Calling,82,115,55,10647306,False,13,Trung bình,Dài hạn
702,103,"Billie Eilish, Khalid",lovely (with Khalid),24,107,301,10562959,False,4,Trung bình,Dài hạn
703,104,Bruno Mars,Just the Way You Are,104,122,56,10554117,False,18,Trung bình,Dài hạn
704,105,"Metro Boomin, The Weeknd, 21 Savage",Creepin' (with The Weeknd & 21 Savage),2,97,60,10538560,False,-8,Trung bình,Dài hạn
705,106,Olivia Rodrigo,Can’t Catch Me Now - from The Hunger Games: The Ballad of Songbirds & Snakes,35,80,12,10516887,False,-26,Trung bình,Trung hạn
706,107,David Kushner,Skin and Bones,107,-1,1,10478308,True,-108,Trung bình,Ngắn hạn
707,108,Zach Bryan,Something in the Orange,57,119,55,10472648,False,11,Trung bình,Dài hạn
708,109,The Walters,I Love You So,21,112,89,10463839,False,3,Trung bình,Dài hạn
709,110,Rauw Alejandro,DILUVIO,59,120,11,10403918,False,10,Trung bình,Trung hạn
710,111,d4vd,Romantic Homicide,17,116,73,10365598,False,5,Trung bình,Dài hạn
711,112,Linkin Park,In the End,22,121,29,10364089,False,9,Trung bình,Dài hạn
712,113,"The Weeknd, Lana Del Rey",Stargirl Interlude,92,102,78,10351644,False,-11,Trung bình,Dài hạn
713,114,"Rema, Selena Gomez",Calm Down (with Selena Gomez),9,101,74,10334606,False,-13,Trung bình,Dài hạn
714,115,J. Cole,No Role Modelz,76,105,131,10314817,False,-10,Trung bình,Dài hạn
715,116,Eminem,Mockingbird,24,113,67,10290475,False,-3,Trung bình,Dài hạn
716,117,Travis Scott,MY EYES,15,126,11,10264231,False,9,Trung bình,Trung hạn
717,118,Imagine Dragons,Demons,118,118,61,10262662,False,0,Trung bình,Dài hạn
718,119,"Feid, Young Miko",CLASSY 101,8,114,43,10124361,False,-5,Trung bình,Dài hạn
719,120,"Macklemore, Ryan Lewis, Macklemore & Ryan Lewis, Ray Dalton",Can't Hold Us (feat. Ray Dalton),86,124,102,10010144,False,4,Trung bình,Dài hạn
720,121,"Grupo Frontera, Bad Bunny",un x100to,1,98,41,10009864,False,-23,Trung bình,Dài hạn
721,122,Lil Tecca,500lbs,89,143,14,9963983,False,21,Trung bình,Dài hạn
722,123,The Weeknd,Save Your Tears,2,110,158,9924791,False,-13,Trung bình,Dài hạn
723,124,"Jere Klein, Gittobeatz",ANDO,99,136,8,9912671,False,12,Trung bình,Trung hạn
724,125,"Rihanna, Calvin Harris",We Found Love,59,129,47,9900906,False,4,Trung bình,Dài hạn
725,126,Lana Del Rey,Summertime Sadness,83,135,76,9895549,False,9,Trung bình,Dài hạn
726,127,Justin Bieber,Ghost,11,138,120,9862045,False,11,Trung bình,Dài hạn
727,128,KAROL G,AMARGURA,53,144,36,9834351,False,16,Trung bình,Dài hạn
728,129,Arctic Monkeys,Why'd You Only Call Me When You're High?,95,128,111,9779524,False,-1,Trung bình,Dài hạn
729,130,LE SSERAFIM,Perfect Night,57,134,13,9770065,False,4,Trung bình,Dài hạn
730,131,Taylor Swift,cardigan,1,117,57,9759708,False,-14,Trung bình,Dài hạn
731,132,Manuel Turizo,La Bachata,4,146,82,9736795,False,14,Trung bình,Dài hạn
732,133,"Kygo, Ava Max",Whatever,133,-1,1,9720582,True,-134,Trung bình,Ngắn hạn
733,134,Conan Gray,Heather,12,132,146,9671374,False,-2,Trung bình,Dài hạn
734,135,"Vishal Mishra, Raj Shekhar",Pehle Bhi Main,49,99,7,9649865,False,-36,Thấp,Trung hạn
735,136,Anuv Jain,Husn,88,104,4,9601826,False,-32,Thấp,Ngắn hạn
736,137,"Xavi, Tony Aguirre",Modo DND,127,127,4,9574220,False,-10,Thấp,Ngắn hạn
737,138,The Killers,Mr. Brightside,94,150,122,9573654,False,12,Thấp,Dài hạn
738,139,Kanye West,Father Stretch My Hands Pt. 1,137,137,8,9552950,False,-2,Thấp,Trung hạn
739,140,"Gaby Music, Lunay, Luar La L",No Te Quieren Conmigo,140,-1,1,9510586,True,-141,Thấp,Ngắn hạn
740,141,Adele,Set Fire to the Rain,61,149,58,9488633,False,8,Thấp,Dài hạn
741,142,Eminem,The Real Slim Shady,51,142,116,9485546,False,0,Thấp,Dài hạn
742,143,"The Kid LAROI, Justin Bieber",STAY (with Justin Bieber),1,173,132,9384440,False,30,Thấp,Dài hạn
743,144,Sabrina Carpenter,Nonsense,17,148,53,9296506,False,4,Thấp,Dài hạn
744,145,Arctic Monkeys,505,43,145,107,9258294,False,0,Thấp,Dài hạn
745,146,Imagine Dragons,Believer,16,155,360,9257951,False,9,Thấp,Dài hạn
746,147,Taylor Swift,Don’t Blame Me,71,139,75,9242502,False,-8,Thấp,Dài hạn
747,148,Richy Mitch & The Coal Miners,Evergreen,148,197,2,9212535,False,49,Thấp,Ngắn hạn
748,149,Kali Uchis,Moonlight,37,123,46,9182634,False,-26,Thấp,Dài hạn
749,150,BENNETT,Vois sur ton chemin - Techno Mix,85,157,14,9177781,False,7,Thấp,Dài hạn
750,151,Hozier,Take Me To Church,108,151,126,9166791,False,0,Thấp,Dài hạn
751,152,Ed Sheeran,Perfect,4,156,356,9147003,False,4,Thấp,Dài hạn
752,153,"Metro Boomin, Travis Scott, Young Thug",Trance (with Travis Scott & Young Thug),65,167,34,9107560,False,14,Thấp,Dài hạn
753,154,Glass Animals,Heat Waves,1,152,157,9100471,False,-2,Thấp,Dài hạn
754,155,Tory Lanez,The Color Violet,70,163,49,9075322,False,8,Thấp,Dài hạn
755,156,Natanael Cano,O Me Voy O Te Vas,156,182,3,9041840,False,26,Thấp,Ngắn hạn
756,157,"Metro Boomin, Future, Don Toliver",Too Many Nights (feat. Don Toliver & with Future),33,166,46,9021658,False,9,Thấp,Dài hạn
757,158,Eminem,Lose Yourself,44,161,130,8980871,False,3,Thấp,Dài hạn
758,159,James Arthur,Say You Won't Let Go,7,181,290,8979746,False,22,Thấp,Dài hạn
759,160,Morgan Wallen,Last Night,14,183,49,8977117,False,23,Thấp,Dài hạn
760,161,Radiohead,Creep,143,176,28,8913676,False,15,Thấp,Dài hạn
761,162,"Marvin Gaye, Tammi Terrell",Ain't No Mountain High Enough,162,-1,1,8905077,True,-163,Thấp,Ngắn hạn
762,163,d4vd,Here With Me,14,159,64,8876416,False,-4,Thấp,Dài hạn
763,164,Steve Lacy,Dark Red,66,168,110,8865595,False,4,Thấp,Dài hạn
764,165,Arctic Monkeys,Do I Wanna Know?,98,162,121,8864025,False,-3,Thấp,Dài hạn
765,166,Taylor Swift,august,11,160,50,8849290,False,-6,Thấp,Dài hạn
766,167,Tears For Fears,Everybody Wants To Rule The World,91,190,70,8815764,False,23,Thấp,Dài hạn
767,168,"Kanye West, Dwele",Flashing Lights,121,158,18,8808789,False,-10,Thấp,Dài hạn
768,169,TV Girl,Not Allowed,165,165,6,8781087,False,-4,Thấp,Trung hạn
769,170,Bruno Mars,That's What I Like,6,-1,96,8772873,True,-171,Thấp,Dài hạn
770,171,The Weeknd,The Hills,52,171,92,8756677,False,0,Thấp,Dài hạn
771,172,a-ha,Take on Me,83,184,24,8733973,False,12,Thấp,Dài hạn
772,173,Travis Scott,goosebumps,13,180,231,8685139,False,7,Thấp,Dài hạn
773,174,"Elton John, Dua Lipa, PNAU",Cold Heart - PNAU Remix,4,172,123,8679738,False,-2,Thấp,Dài hạn
774,175,"The Chainsmokers, Coldplay",Something Just Like This,2,-1,194,8673742,True,-176,Thấp,Dài hạn
775,176,"Kanye West, Pusha T",Runaway,161,198,6,8659792,False,22,Thấp,Trung hạn
776,177,Coldplay,Sparks,177,-1,6,8649126,True,-178,Thấp,Trung hạn
777,178,"Drake, J. Cole",First Person Shooter (feat. J. Cole),6,147,16,8647202,False,-31,Thấp,Dài hạn
778,179,"Stephen Sanchez, Em Beihold",Until I Found You (with Em Beihold) - Em Beihold Version,10,179,56,8634348,False,0,Thấp,Dài hạn
779,180,"Drake, 21 Savage",Jimmy Cooks (feat. 21 Savage),7,191,79,8601554,False,11,Thấp,Dài hạn
780,181,The Goo Goo Dolls,Iris,124,195,26,8580662,False,14,Thấp,Dài hạn
781,182,"Don Omar, Lucenzo",Danza Kuduro,104,-1,18,8565614,True,-183,Thấp,Dài hạn
782,183,Lana Del Rey,Say Yes To Heaven,18,-1,31,8516860,True,-184,Thấp,Dài hạn
783,184,Imagine Dragons,Bones,26,194,93,8479761,False,10,Thấp,Dài hạn
784,185,"Eslabon Armado, Peso Pluma",Ella Baila Sola,1,154,45,8478682,False,-31,Thấp,Dài hạn
785,186,Adele,Skyfall,175,189,4,8462844,False,3,Thấp,Ngắn hạn
786,187,Ruth B.,Dandelions,34,187,127,8453576,False,0,Thấp,Dài hạn
787,188,Coldplay,A Sky Full of Stars,188,-1,1,8438867,True,-189,Thấp,Ngắn hạn
788,189,Fuerza Regida,CRAZYZ,187,-1,2,8432290,True,-190,Thấp,Ngắn hạn
789,190,Maroon 5,Maps,190,199,6,8389593,False,9,Thấp,Trung hạn
790,191,New West,Those Eyes,86,192,43,8360995,False,1,Thấp,Dài hạn
791,192,"The Weeknd, Ariana Grande",Save Your Tears (Remix) (with Ariana Grande) - Bonus Track,5,174,106,8357183,False,-18,Thấp,Dài hạn
792,193,"Alex Favela, Grupo Marca Registrada, Joaquin Medina",ELOVRGA,59,175,21,8266566,False,-18,Thấp,Dài hạn
793,194,KAROL G,MI EX TENÍA RAZÓN,22,170,23,8231530,False,-24,Thấp,Dài hạn
794,195,"Eminem, Juice WRLD",Godzilla (feat. Juice WRLD),4,200,87,8227492,False,5,Thấp,Dài hạn
795,196,Miguel,Sure Thing,14,196,58,8215506,False,0,Thấp,Dài hạn
796,197,Taylor Swift,You’re Losing Me (From The Vault),14,169,9,8176582,False,-28,Thấp,Trung hạn
797,198,Plan B,Es un Secreto,157,-1,18,8157431,True,-199,Thấp,Dài hạn
798,199,21 Savage,all of me,41,41,2,8157135,False,-158,Thấp,Ngắn hạn
799,200,NewJeans,Super Shy,9,188,28,8134327,False,-12,Thấp,Dài hạn
800,1,Xavi,La Diabla,1,1,8,38138312,False,0,Rất cao,Trung hạn
801,2,Tate McRae,greedy,1,3,20,34683094,False,1,Rất cao,Dài hạn
802,3,"The Weeknd, JENNIE, Lily-Rose Depp","One Of The Girls (with JENNIE, Lily Rose Depp)",3,5,17,33713485,False,2,Rất cao,Dài hạn
803,4,Jack Harlow,Lovin On Me,3,4,12,30442268,False,0,Rất cao,Trung hạn
804,5,Mitski,My Love Mine All Mine,3,6,19,30158423,False,1,Rất cao,Dài hạn
805,6,Ariana Grande,"yes, and?",1,2,3,29404865,False,-4,Rất cao,Ngắn hạn
806,7,Taylor Swift,Cruel Summer,2,7,52,29189655,False,0,Rất cao,Dài hạn
807,8,Noah Kahan,Stick Season,7,8,17,28868638,False,0,Rất cao,Dài hạn
808,9,21 Savage,redrum,8,9,3,28695407,False,0,Rất cao,Ngắn hạn
809,10,"Feid, ATL Jacob",LUNA,10,10,8,27676311,False,0,Rất cao,Trung hạn
810,11,"Kali Uchis, Peso Pluma",Igual Que Un Ángel (with Peso Pluma),11,11,3,26325031,False,0,Rất cao,Ngắn hạn
811,12,"The Weeknd, Playboi Carti, Madonna",Popular (with Playboi Carti & Madonna) - From The Idol Vol. 1 (Music from the HBO Original Series),12,14,35,26312521,False,2,Rất cao,Dài hạn
812,13,Xavi,La Víctima,8,12,10,24631977,False,-1,Rất cao,Trung hạn
813,14,Teddy Swims,Lose Control,14,17,12,24120262,False,3,Rất cao,Trung hạn
814,15,Benson Boone,Beautiful Things,15,24,2,23767818,False,9,Rất cao,Ngắn hạn
815,16,Sophie Ellis-Bextor,Murder On The Dancefloor,13,13,5,23546126,False,-3,Rất cao,Trung hạn
816,17,"Bizarrap, Young Miko","Young Miko: Bzrp Music Sessions, Vol. 58",12,15,3,21663467,False,-2,Rất cao,Ngắn hạn
817,18,Arctic Monkeys,I Wanna Be Yours,15,18,82,21021481,False,0,Rất cao,Dài hạn
818,19,"Peso Pluma, Anitta",BELLAKEO,10,16,8,20345765,False,-3,Rất cao,Trung hạn
819,20,"Bad Bunny, Feid",PERRO NEGRO,4,19,16,20146338,False,-1,Rất cao,Dài hạn
820,21,Kenya Grace,Strangers,4,20,22,19466260,False,-1,Rất cao,Dài hạn
821,22,Doja Cat,Paint The Town Red,1,21,26,19041247,False,-1,Rất cao,Dài hạn
822,23,"Jung Kook, Latto",Seven (feat. Latto) (Explicit Ver.),1,22,29,18707066,False,-1,Rất cao,Dài hạn
823,24,"KAROL G, Peso Pluma",QLONA,5,23,25,18112224,False,-1,Rất cao,Dài hạn
824,25,Flo Milli,Never Lose Me,25,37,3,17993057,False,12,Rất cao,Ngắn hạn
825,26,Dua Lipa,Houdini,6,27,12,17917741,False,1,Rất cao,Trung hạn
826,27,"The Weeknd, Daft Punk",Starboy,1,26,174,17748558,False,-1,Rất cao,Dài hạn
827,28,Natasha Bedingfield,Unwritten,28,56,3,17645297,False,28,Rất cao,Ngắn hạn
828,29,"Calle 24, Chino Pacas, Fuerza Regida",Que Onda,16,28,22,17194036,False,-1,Rất cao,Dài hạn
829,30,Lord Huron,The Night We Met,30,31,67,17182938,False,1,Rất cao,Dài hạn
830,31,Tyla,Water,12,25,19,16839872,False,-6,Rất cao,Dài hạn
831,32,Vance Joy,Riptide,30,33,155,16685659,False,1,Rất cao,Dài hạn
832,33,"Zach Bryan, Kacey Musgraves",I Remember Everything (feat. Kacey Musgraves),20,42,23,16261813,False,9,Rất cao,Dài hạn
833,34,Olivia Rodrigo,vampire,1,29,31,16241802,False,-5,Rất cao,Dài hạn
834,35,Megan Thee Stallion,HISS,35,-1,1,16145328,True,-36,Rất cao,Ngắn hạn
835,36,Coldplay,Yellow,36,45,163,16131576,False,9,Rất cao,Dài hạn
836,37,Harry Styles,As It Was,1,36,96,15868437,False,-1,Rất cao,Dài hạn
837,38,Billie Eilish,"What Was I Made For? [From The Motion Picture ""Barbie""]",3,30,29,15828392,False,-8,Rất cao,Dài hạn
838,39,David Kushner,Daylight,5,43,42,15721318,False,4,Rất cao,Dài hạn
839,40,iñigo quintero,Si No Estás,1,35,19,15517238,False,-5,Rất cao,Dài hạn
840,41,"Oscar Ortiz, Edgardo Nuñez",FIRST LOVE,41,58,3,15456056,False,17,Rất cao,Ngắn hạn
841,42,"Drake, Sexyy Red, SZA",Rich Baby Daddy (feat. Sexyy Red & SZA),28,40,16,15376287,False,-2,Rất cao,Dài hạn
842,43,Sabrina Carpenter,Feather,34,34,9,15334725,False,-9,Rất cao,Trung hạn
843,44,"Fuerza Regida, Marshmello",HARLEY QUINN,11,39,14,15298643,False,-5,Rất cao,Dài hạn
844,45,"JID, 21 Savage, Baby Tate",Surround Sound (feat. 21 Savage & Baby Tate),34,38,11,15245184,False,-7,Rất cao,Trung hạn
845,46,"cassö, RAYE, D-Block Europe",Prada,17,44,24,15209851,False,-2,Rất cao,Dài hạn
846,47,Jung Kook,Standing Next to You,1,32,13,14889615,False,-15,Cao,Dài hạn
847,48,Doja Cat,Agora Hills,16,41,19,14797659,False,-7,Cao,Dài hạn
848,49,Dua Lipa,Dance The Night - From Barbie The Album,5,46,36,14088402,False,-3,Cao,Dài hạn
849,50,The Weeknd,Die For You,12,49,103,14022739,False,-1,Cao,Dài hạn
850,51,"Maluma, Carin Leon",Según Quién,17,47,20,13616997,False,-4,Cao,Dài hạn
851,52,The Weeknd,Blinding Lights,1,53,218,13538342,False,1,Cao,Dài hạn
852,53,The Neighbourhood,Sweater Weather,19,57,179,13435003,False,4,Cao,Dài hạn
853,54,Miley Cyrus,Flowers,1,50,55,13417322,False,-4,Cao,Dài hạn
854,55,SZA,Kill Bill,1,55,60,13387331,False,0,Cao,Dài hạn
855,56,Tom Odell,Another Love,15,52,147,13328125,False,-4,Cao,Dài hạn
856,57,Creepy Nuts,Bling-Bang-Bang-Born,57,59,3,13257996,False,2,Cao,Ngắn hạn
857,58,"Mesita, Nicki Nicole, Tiago PZK, Emilia",Una Foto Remix (feat. Emilia),58,63,3,13232332,False,5,Cao,Ngắn hạn
858,59,"Grupo Frontera, Grupo Firme",EL AMOR DE SU VIDA,47,54,26,13109276,False,-5,Cao,Dài hạn
859,60,Lewis Capaldi,Someone You Loved,4,51,264,12567876,False,-9,Cao,Dài hạn
860,61,"Eugenio Esquivel, Grupo Marca Registrada, Sebastian Esquivel, Los Esquivel",Alucin,60,60,5,12549433,False,-1,Cao,Trung hạn
861,62,"Drake, Wizkid, Kyla",One Dance,12,66,179,12479928,False,4,Cao,Dài hạn
862,63,Coldplay,Viva La Vida,57,62,75,12466704,False,-1,Cao,Dài hạn
863,64,Bruno Mars,Locked out of Heaven,39,71,86,12430405,False,7,Cao,Dài hạn
864,65,Travis Scott,I KNOW ?,14,78,27,12429257,False,13,Cao,Dài hạn
865,66,Gunna,fukumean,9,61,33,12382932,False,-5,Cao,Dài hạn
866,67,Myke Towers,LA FALDA,67,87,5,12273671,False,20,Cao,Trung hạn
867,68,Tate McRae,exes,26,64,11,12092798,False,-4,Cao,Trung hạn
868,69,Frank Ocean,Pink + White,69,72,37,12089524,False,3,Cao,Dài hạn
869,70,Taylor Swift,Lover,2,73,52,12057234,False,3,Cao,Dài hạn
870,71,"Travis Scott, Playboi Carti",FE!N (feat. Playboi Carti),5,75,20,11937042,False,4,Cao,Dài hạn
871,72,Junior H,Y LLORO,55,65,17,11917566,False,-7,Cao,Dài hạn
872,73,"Tyler, The Creator, Kali Uchis",See You Again (feat. Kali Uchis),16,67,49,11916189,False,-6,Cao,Dài hạn
873,74,Quevedo,Columbia,7,81,30,11843568,False,7,Cao,Dài hạn
874,75,YG Marley,Praise Jah In The Moonlight,75,-1,1,11832641,True,-76,Cao,Ngắn hạn
875,76,"David Guetta, Bebe Rexha",I'm Good (Blue),2,74,75,11803252,False,-2,Cao,Dài hạn
876,77,SZA,Snooze,32,83,58,11776830,False,6,Cao,Dài hạn
877,78,Jimin,Like Crazy,15,91,45,11733268,False,13,Cao,Dài hạn
878,79,Bad Bunny,MONACO,1,70,16,11726659,False,-9,Cao,Dài hạn
879,80,Keane,Somewhere Only We Know,80,84,67,11605429,False,4,Cao,Dài hạn
880,81,Bruno Mars,When I Was Your Man,72,96,74,11526129,False,15,Cao,Dài hạn
881,82,Taylor Swift,Is It Over Now? (Taylor's Version) (From The Vault),1,82,14,11514259,False,0,Cao,Dài hạn
882,83,OneRepublic,I Ain't Worried,7,76,87,11471702,False,-7,Cao,Dài hạn
883,84,Kanye West,Heartless,76,89,30,11467257,False,5,Cao,Dài hạn
884,85,"Xavi, Los Dareyes De La Sierra",Poco A Poco,69,69,6,11465776,False,-16,Cao,Trung hạn
885,86,"Post Malone, Swae Lee",Sunflower - Spider-Man: Into the Spider-Verse,1,85,269,11435388,False,-1,Cao,Dài hạn
886,87,Myke Towers,LALA,1,77,31,11374955,False,-10,Cao,Dài hạn
887,88,"Drake, Yeat",IDGAF (feat. Yeat),5,79,17,11369287,False,-9,Cao,Dài hạn
888,89,V,Love Me Again,11,80,25,11316780,False,-9,Cao,Dài hạn
889,90,Taylor Swift,Anti-Hero,1,97,67,11303243,False,7,Cao,Dài hạn
890,91,Cigarettes After Sex,Apocalypse,81,90,81,11259509,False,-1,Cao,Dài hạn
891,92,"21 Savage, Travis Scott, Metro Boomin",née-nah,15,48,3,11256371,False,-44,Trung bình,Ngắn hạn
892,93,Bruno Mars,Just the Way You Are,93,104,57,11164057,False,11,Trung bình,Dài hạn
893,94,Eminem,Without Me,31,93,123,11141386,False,-1,Trung bình,Dài hạn
894,95,"Jung Kook, Jack Harlow",3D (feat. Jack Harlow),3,86,18,11101480,False,-9,Trung bình,Dài hạn
895,96,"Kygo, Ava Max",Whatever,96,133,2,10954611,False,37,Trung bình,Ngắn hạn
896,97,OneRepublic,Counting Stars,86,94,146,10914974,False,-3,Trung bình,Dài hạn
897,98,Taylor Swift,cardigan,1,131,58,10870481,False,33,Trung bình,Dài hạn
898,99,Hotel Ugly,Shut up My Moms Calling,82,102,56,10842722,False,3,Trung bình,Dài hạn
899,100,"Christian Nodal, Peso Pluma",La Intención,100,-1,1,10697072,True,-101,Trung bình,Ngắn hạn
900,101,The Police,Every Breath You Take,99,99,112,10657776,False,-2,Trung bình,Dài hạn
901,102,"Peso Pluma, Gabito Ballesteros, Junior H",LADY GAGA,9,98,32,10632095,False,-4,Trung bình,Dài hạn
902,103,"The Weeknd, Lana Del Rey",Stargirl Interlude,92,113,79,10614834,False,10,Trung bình,Dài hạn
903,104,Creedence Clearwater Revival,Have You Ever Seen The Rain,92,92,24,10612835,False,-12,Trung bình,Dài hạn
904,105,"Billie Eilish, Khalid",lovely (with Khalid),24,103,302,10558551,False,-2,Trung bình,Dài hạn
905,106,Zach Bryan,Something in the Orange,57,108,56,10534114,False,2,Trung bình,Dài hạn
906,107,TV Girl,Lovers Rock,100,101,32,10523730,False,-6,Trung bình,Dài hạn
907,108,Linkin Park,In the End,22,112,30,10518930,False,4,Trung bình,Dài hạn
908,109,The Walters,I Love You So,21,109,90,10502994,False,0,Trung bình,Dài hạn
909,110,"Metro Boomin, The Weeknd, 21 Savage",Creepin' (with The Weeknd & 21 Savage),2,105,61,10483856,False,-5,Trung bình,Dài hạn
910,111,Imagine Dragons,Demons,111,118,62,10347605,False,7,Trung bình,Dài hạn
911,112,Justin Bieber,Ghost,11,127,121,10315892,False,15,Trung bình,Dài hạn
912,113,d4vd,Romantic Homicide,17,111,74,10289301,False,-2,Trung bình,Dài hạn
913,114,Travis Scott,MY EYES,15,117,12,10273117,False,3,Trung bình,Trung hạn
914,115,"Peso Pluma, Junior H, Oscar Maydon",ROMPE LA DOMPE,38,88,5,10267081,False,-27,Trung bình,Trung hạn
915,116,"Grupo Frontera, Bad Bunny",un x100to,1,121,42,10260916,False,5,Trung bình,Dài hạn
916,117,Eminem,Mockingbird,24,116,68,10242333,False,-1,Trung bình,Dài hạn
917,118,Ice Spice,Think U The Shit (Fart),118,-1,1,10203953,True,-119,Trung bình,Ngắn hạn
918,119,The Weeknd,Save Your Tears,2,123,159,10174818,False,4,Trung bình,Dài hạn
919,120,J. Cole,No Role Modelz,76,115,132,10169576,False,-5,Trung bình,Dài hạn
920,121,Rauw Alejandro,DILUVIO,59,110,12,10130023,False,-11,Trung bình,Trung hạn
921,122,Carin Leon,Primera Cita,21,95,31,10068205,False,-27,Trung bình,Dài hạn
922,123,"Rihanna, Calvin Harris",We Found Love,59,125,48,10026379,False,2,Trung bình,Dài hạn
923,124,Nicki Minaj,FTCU,63,100,7,9921982,False,-24,Trung bình,Trung hạn
924,125,"Jere Klein, Gittobeatz",ANDO,99,124,9,9919878,False,-1,Trung bình,Trung hạn
925,126,Olivia Rodrigo,Can’t Catch Me Now - from The Hunger Games: The Ballad of Songbirds & Snakes,35,106,13,9822117,False,-20,Trung bình,Dài hạn
926,127,"Rema, Selena Gomez",Calm Down (with Selena Gomez),9,114,75,9819503,False,-13,Trung bình,Dài hạn
927,128,"Feid, Young Miko",CLASSY 101,8,119,44,9819373,False,-9,Trung bình,Dài hạn
928,129,Manuel Turizo,La Bachata,4,132,83,9804219,False,3,Trung bình,Dài hạn
929,130,"Macklemore, Ryan Lewis, Macklemore & Ryan Lewis, Ray Dalton",Can't Hold Us (feat. Ray Dalton),86,120,103,9747190,False,-10,Trung bình,Dài hạn
930,131,Kanye West,Father Stretch My Hands Pt. 1,131,139,9,9724530,False,8,Trung bình,Trung hạn
931,132,Arctic Monkeys,Why'd You Only Call Me When You're High?,95,129,112,9711742,False,-3,Trung bình,Dài hạn
932,133,Adele,Set Fire to the Rain,61,141,59,9693061,False,8,Trung bình,Dài hạn
933,134,"Vishal Mishra, Raj Shekhar",Pehle Bhi Main,49,135,8,9661192,False,1,Thấp,Trung hạn
934,135,Lana Del Rey,Summertime Sadness,83,126,77,9656734,False,-9,Thấp,Dài hạn
935,136,KAROL G,AMARGURA,53,128,37,9635122,False,-8,Thấp,Dài hạn
936,137,"21 Savage, Doja Cat",n.h.i.e.,27,68,3,9634847,False,-69,Thấp,Ngắn hạn
937,138,Anuv Jain,Husn,88,136,5,9632004,False,-2,Thấp,Trung hạn
938,139,Lil Tecca,500lbs,89,122,15,9625373,False,-17,Thấp,Dài hạn
939,140,Richy Mitch & The Coal Miners,Evergreen,140,148,3,9581659,False,8,Thấp,Ngắn hạn
940,141,Taylor Swift,Don’t Blame Me,71,147,76,9519258,False,6,Thấp,Dài hạn
941,142,The Killers,Mr. Brightside,94,138,123,9462814,False,-4,Thấp,Dài hạn
942,143,BENNETT,Vois sur ton chemin - Techno Mix,85,150,15,9414207,False,7,Thấp,Dài hạn
943,144,LE SSERAFIM,Perfect Night,57,130,14,9410848,False,-14,Thấp,Dài hạn
944,145,Arctic Monkeys,505,43,145,108,9372630,False,0,Thấp,Dài hạn
945,146,Conan Gray,Heather,12,134,147,9329704,False,-12,Thấp,Dài hạn
946,147,Morgan Wallen,Last Night,14,160,50,9322887,False,13,Thấp,Dài hạn
947,148,Ed Sheeran,Perfect,4,152,357,9299761,False,4,Thấp,Dài hạn
948,149,Eminem,The Real Slim Shady,51,142,117,9298997,False,-7,Thấp,Dài hạn
949,150,"The Kid LAROI, Justin Bieber",STAY (with Justin Bieber),1,143,133,9292792,False,-7,Thấp,Dài hạn
950,151,"Gaby Music, Lunay, Luar La L",No Te Quieren Conmigo,140,140,2,9242284,False,-11,Thấp,Ngắn hạn
951,152,Tory Lanez,The Color Violet,70,155,50,9195067,False,3,Thấp,Dài hạn
952,153,"Kanye West, Pusha T",Runaway,153,176,7,9187672,False,23,Thấp,Trung hạn
953,154,Imagine Dragons,Believer,16,146,361,9124883,False,-8,Thấp,Dài hạn
954,155,The Goo Goo Dolls,Iris,124,181,27,9124141,False,26,Thấp,Dài hạn
955,156,Glass Animals,Heat Waves,1,154,158,9117637,False,-2,Thấp,Dài hạn
956,157,"Kanye West, Dwele",Flashing Lights,121,168,19,9100162,False,11,Thấp,Dài hạn
957,158,Steve Lacy,Dark Red,66,164,111,9092788,False,6,Thấp,Dài hạn
958,159,Radiohead,Creep,143,161,29,9047511,False,2,Thấp,Dài hạn
959,160,James Arthur,Say You Won't Let Go,7,159,291,9024278,False,-1,Thấp,Dài hạn
960,161,Arctic Monkeys,Do I Wanna Know?,98,165,122,9012131,False,4,Thấp,Dài hạn
961,162,Hozier,Take Me To Church,108,151,127,8987124,False,-11,Thấp,Dài hạn
962,163,"Metro Boomin, Future, Don Toliver",Too Many Nights (feat. Don Toliver & with Future),33,157,47,8985105,False,-6,Thấp,Dài hạn
963,164,The Weeknd,The Hills,52,171,93,8984676,False,7,Thấp,Dài hạn
964,165,New West,Those Eyes,86,191,44,8984631,False,26,Thấp,Dài hạn
965,166,Bruno Mars,That's What I Like,6,170,97,8974921,False,4,Thấp,Dài hạn
966,167,Justin Timberlake,Selfish,167,-1,1,8973723,True,-168,Thấp,Ngắn hạn
967,168,"Xavi, Tony Aguirre",Modo DND,127,137,5,8965020,False,-31,Thấp,Trung hạn
968,169,Eminem,Lose Yourself,44,158,131,8954269,False,-11,Thấp,Dài hạn
969,170,Taylor Swift,august,11,166,51,8951787,False,-4,Thấp,Dài hạn
970,171,Sabrina Carpenter,Nonsense,17,144,54,8859023,False,-27,Thấp,Dài hạn
971,172,4batz,act ii: date @ 8,172,-1,1,8837488,True,-173,Thấp,Ngắn hạn
972,173,Kali Uchis,Moonlight,37,149,47,8808563,False,-24,Thấp,Dài hạn
973,174,"Metro Boomin, Travis Scott, Young Thug",Trance (with Travis Scott & Young Thug),65,153,35,8798774,False,-21,Thấp,Dài hạn
974,175,"Blessd, Feid",SI SABE FERXXO,175,-1,1,8783985,True,-176,Thấp,Ngắn hạn
975,176,Coldplay,Sparks,176,177,7,8765058,False,1,Thấp,Trung hạn
976,177,"The Chainsmokers, Coldplay",Something Just Like This,2,175,195,8761779,False,-2,Thấp,Dài hạn
977,178,Natanael Cano,O Me Voy O Te Vas,156,156,4,8751513,False,-22,Thấp,Ngắn hạn
978,179,Travis Scott,goosebumps,13,173,232,8731135,False,-6,Thấp,Dài hạn
979,180,Tears For Fears,Everybody Wants To Rule The World,91,167,71,8724679,False,-13,Thấp,Dài hạn
980,181,"Stephen Sanchez, Em Beihold",Until I Found You (with Em Beihold) - Em Beihold Version,10,179,57,8712624,False,-2,Thấp,Dài hạn
981,182,Rich Amiri,ONE CALL,182,-1,1,8710567,True,-183,Thấp,Ngắn hạn
982,183,"Elton John, Dua Lipa, PNAU",Cold Heart - PNAU Remix,4,174,124,8683147,False,-9,Thấp,Dài hạn
983,184,TV Girl,Not Allowed,165,169,7,8676262,False,-15,Thấp,Trung hạn
984,185,Imagine Dragons,Bones,26,184,94,8669719,False,-1,Thấp,Dài hạn
985,186,Maroon 5,Maps,186,190,7,8622394,False,4,Thấp,Trung hạn
986,187,"Don Omar, Lucenzo",Danza Kuduro,104,182,19,8621062,False,-5,Thấp,Dài hạn
987,188,d4vd,Here With Me,14,163,65,8596012,False,-25,Thấp,Dài hạn
988,189,a-ha,Take on Me,83,172,25,8588362,False,-17,Thấp,Dài hạn
989,190,"Drake, J. Cole",First Person Shooter (feat. J. Cole),6,178,17,8576503,False,-12,Thấp,Dài hạn
990,191,"Drake, 21 Savage",Jimmy Cooks (feat. 21 Savage),7,180,80,8559388,False,-11,Thấp,Dài hạn
991,192,Lana Del Rey,Say Yes To Heaven,18,183,32,8501258,False,-9,Thấp,Dài hạn
992,193,Coldplay,A Sky Full of Stars,188,188,2,8461081,False,-5,Thấp,Ngắn hạn
993,194,"Luan Santana, Ana Castela",DEJA VU,54,-1,5,8443310,True,-195,Thấp,Trung hạn
994,195,"Marvin Gaye, Tammi Terrell",Ain't No Mountain High Enough,162,162,2,8436078,False,-33,Thấp,Ngắn hạn
995,196,Ruth B.,Dandelions,34,187,128,8418978,False,-9,Thấp,Dài hạn
996,197,Milo j,M.A.I,197,-1,1,8322557,True,-198,Thấp,Ngắn hạn
997,198,"Calle 24, Chino Pacas",Apaga El Cel,198,-1,1,8310972,True,-199,Thấp,Ngắn hạn
998,199,"Ofenbach, Norma Jean Martine",Overdrive (feat. Norma Jean Martine),199,-1,1,8268592,True,-200,Thấp,Ngắn hạn
999,200,"Eslabon Armado, Peso Pluma",Ella Baila Sola,1,185,46,8264586,False,-15,Thấp,Dài hạn
1000,1,Xavi,La Diabla,1,1,9,36184432,False,0,Rất cao,Trung hạn
1001,2,Tate McRae,greedy,1,2,21,35438103,False,0,Rất cao,Dài hạn
1002,3,Benson Boone,Beautiful Things,3,15,3,34070246,False,12,Rất cao,Ngắn hạn
1003,4,"The Weeknd, JENNIE, Lily-Rose Depp","One Of The Girls (with JENNIE, Lily Rose Depp)",3,3,18,33826703,False,-1,Rất cao,Dài hạn
1004,5,Taylor Swift,Cruel Summer,2,7,53,30425874,False,2,Rất cao,Dài hạn
1005,6,Mitski,My Love Mine All Mine,3,5,20,29851326,False,-1,Rất cao,Dài hạn
1006,7,Noah Kahan,Stick Season,7,8,18,28596970,False,1,Rất cao,Dài hạn
1007,8,21 Savage,redrum,8,9,4,27434353,False,1,Rất cao,Ngắn hạn
1008,9,Jack Harlow,Lovin On Me,3,4,13,27344135,False,-5,Rất cao,Dài hạn
1009,10,"Feid, ATL Jacob",LUNA,10,10,9,27190288,False,0,Rất cao,Trung hạn
1010,11,Ariana Grande,"yes, and?",1,6,4,25539532,False,-5,Rất cao,Ngắn hạn
1011,12,Teddy Swims,Lose Control,12,14,13,24989147,False,2,Rất cao,Dài hạn
1012,13,"The Weeknd, Playboi Carti, Madonna",Popular (with Playboi Carti & Madonna) - From The Idol Vol. 1 (Music from the HBO Original Series),12,12,36,23886595,False,-1,Rất cao,Dài hạn
1013,14,"Kali Uchis, Peso Pluma",Igual Que Un Ángel (with Peso Pluma),11,11,4,22839902,False,-3,Rất cao,Ngắn hạn
1014,15,Xavi,La Víctima,8,13,11,22814003,False,-2,Rất cao,Trung hạn
1015,16,Sophie Ellis-Bextor,Murder On The Dancefloor,13,16,6,20869934,False,0,Rất cao,Trung hạn
1016,17,Natasha Bedingfield,Unwritten,17,28,4,20751083,False,11,Rất cao,Ngắn hạn
1017,18,YG Marley,Praise Jah In The Moonlight,18,75,2,20623964,False,57,Rất cao,Ngắn hạn
1018,19,"Bad Bunny, Feid",PERRO NEGRO,4,20,17,20367412,False,1,Rất cao,Dài hạn
1019,20,Arctic Monkeys,I Wanna Be Yours,15,18,83,20350639,False,-2,Rất cao,Dài hạn
1020,21,Dua Lipa,Houdini,6,26,13,19503751,False,5,Rất cao,Dài hạn
1021,22,"Bizarrap, Young Miko","Young Miko: Bzrp Music Sessions, Vol. 58",12,17,4,19444174,False,-5,Rất cao,Ngắn hạn
1022,23,"Jung Kook, Latto",Seven (feat. Latto) (Explicit Ver.),1,23,30,19114816,False,0,Rất cao,Dài hạn
1023,24,"Peso Pluma, Anitta",BELLAKEO,10,19,9,18974263,False,-5,Rất cao,Trung hạn
1024,25,Kenya Grace,Strangers,4,21,23,18683845,False,-4,Rất cao,Dài hạn
1025,26,Flo Milli,Never Lose Me,25,25,4,18555581,False,-1,Rất cao,Ngắn hạn
1026,27,Miley Cyrus,Flowers,1,54,56,18256996,False,27,Rất cao,Dài hạn
1027,28,Doja Cat,Paint The Town Red,1,22,27,17764915,False,-6,Rất cao,Dài hạn
1028,29,Billie Eilish,"What Was I Made For? [From The Motion Picture ""Barbie""]",3,38,30,17412948,False,9,Rất cao,Dài hạn
1029,30,Olivia Rodrigo,vampire,1,34,32,17275318,False,4,Rất cao,Dài hạn
1030,31,"KAROL G, Peso Pluma",QLONA,5,24,26,17238645,False,-7,Rất cao,Dài hạn
1031,32,"The Weeknd, Daft Punk",Starboy,1,27,175,17134567,False,-5,Rất cao,Dài hạn
1032,33,Lord Huron,The Night We Met,30,30,68,17089874,False,-3,Rất cao,Dài hạn
1033,34,Tyla,Water,12,31,20,16884132,False,-3,Rất cao,Dài hạn
1034,35,Harry Styles,As It Was,1,37,97,16004404,False,2,Rất cao,Dài hạn
1035,36,"Zach Bryan, Kacey Musgraves",I Remember Everything (feat. Kacey Musgraves),20,33,24,15986762,False,-3,Rất cao,Dài hạn
1036,37,SZA,Snooze,32,77,59,15970872,False,40,Rất cao,Dài hạn
1037,38,Bruno Mars,When I Was Your Man,38,81,75,15866628,False,43,Rất cao,Dài hạn
1038,39,"Calle 24, Chino Pacas, Fuerza Regida",Que Onda,16,29,23,15749843,False,-10,Rất cao,Dài hạn
1039,40,Vance Joy,Riptide,30,32,156,15668957,False,-8,Rất cao,Dài hạn
1040,41,Coldplay,Yellow,36,36,164,15640798,False,-5,Rất cao,Dài hạn
1041,42,"Oscar Ortiz, Edgardo Nuñez",FIRST LOVE,41,41,4,15535905,False,-1,Rất cao,Ngắn hạn
1042,43,Bruno Mars,Just the Way You Are,43,93,58,15526240,False,50,Rất cao,Dài hạn
1043,44,David Kushner,Daylight,5,39,43,15473208,False,-5,Rất cao,Dài hạn
1044,45,Jung Kook,Standing Next to You,1,47,14,15410203,False,2,Rất cao,Dài hạn
1045,46,Myke Towers,LA FALDA,46,67,6,15322137,False,21,Rất cao,Trung hạn
1046,47,"Fuerza Regida, Marshmello",HARLEY QUINN,11,44,15,14813785,False,-3,Cao,Dài hạn
1047,48,"Drake, Sexyy Red, SZA",Rich Baby Daddy (feat. Sexyy Red & SZA),28,42,17,14766125,False,-6,Cao,Dài hạn
1048,49,SZA,Kill Bill,1,55,61,14652994,False,6,Cao,Dài hạn
1049,50,"cassö, RAYE, D-Block Europe",Prada,17,46,25,14308489,False,-4,Cao,Dài hạn
1050,51,The Weeknd,Blinding Lights,1,52,219,14063604,False,1,Cao,Dài hạn
1051,52,Doja Cat,Agora Hills,16,48,20,14051030,False,-4,Cao,Dài hạn
1052,53,"JID, 21 Savage, Baby Tate",Surround Sound (feat. 21 Savage & Baby Tate),34,45,12,13882201,False,-8,Cao,Trung hạn
1053,54,"Maluma, Carin Leon",Según Quién,17,51,21,13789018,False,-3,Cao,Dài hạn
1054,55,iñigo quintero,Si No Estás,1,40,20,13767533,False,-15,Cao,Dài hạn
1055,56,Megan Thee Stallion,HISS,35,35,2,13707553,False,-21,Cao,Ngắn hạn
1056,57,"Travis Scott, Playboi Carti",FE!N (feat. Playboi Carti),5,71,21,13684422,False,14,Cao,Dài hạn
1057,58,Taylor Swift,Anti-Hero,1,90,68,13629187,False,32,Cao,Dài hạn
1058,59,The Weeknd,Die For You,12,50,104,13627807,False,-9,Cao,Dài hạn
1059,60,Lewis Capaldi,Someone You Loved,4,60,265,13558537,False,0,Cao,Dài hạn
1060,61,Dua Lipa,Dance The Night - From Barbie The Album,5,49,37,13520191,False,-12,Cao,Dài hạn
1061,62,Taylor Swift,Lover,2,70,53,13331018,False,8,Cao,Dài hạn
1062,63,Sabrina Carpenter,Feather,34,43,10,13274853,False,-20,Cao,Trung hạn
1063,64,The Neighbourhood,Sweater Weather,19,53,180,13122566,False,-11,Cao,Dài hạn
1064,65,Creepy Nuts,Bling-Bang-Bang-Born,57,57,4,13051129,False,-8,Cao,Ngắn hạn
1065,66,Tom Odell,Another Love,15,56,148,13026453,False,-10,Cao,Dài hạn
1066,67,Travis Scott,I KNOW ?,14,65,28,13016612,False,-2,Cao,Dài hạn
1067,68,"Mesita, Nicki Nicole, Tiago PZK, Emilia",Una Foto Remix (feat. Emilia),58,58,4,12781512,False,-10,Cao,Ngắn hạn
1068,69,Gunna,fukumean,9,66,34,12591629,False,-3,Cao,Dài hạn
1069,70,Frank Ocean,Pink + White,69,69,38,12489197,False,-1,Cao,Dài hạn
1070,71,Tate McRae,exes,26,68,12,12475891,False,-3,Cao,Trung hạn
1071,72,Taylor Swift,cardigan,1,98,59,12427614,False,26,Cao,Dài hạn
1072,73,Bruno Mars,Locked out of Heaven,39,64,87,12422771,False,-9,Cao,Dài hạn
1073,74,"Drake, Wizkid, Kyla",One Dance,12,62,180,12405754,False,-12,Cao,Dài hạn
1074,75,"Eugenio Esquivel, Grupo Marca Registrada, Sebastian Esquivel, Los Esquivel",Alucin,60,61,6,12394837,False,-14,Cao,Trung hạn
1075,76,Rich Amiri,ONE CALL,76,182,2,12194700,False,106,Cao,Ngắn hạn
1076,77,The Police,Every Breath You Take,77,101,113,12041387,False,24,Cao,Dài hạn
1077,78,Coldplay,Viva La Vida,57,63,76,11916654,False,-15,Cao,Dài hạn
1078,79,Taylor Swift,Is It Over Now? (Taylor's Version) (From The Vault),1,82,15,11862757,False,3,Cao,Dài hạn
1079,80,Quevedo,Columbia,7,74,31,11834553,False,-6,Cao,Dài hạn
1080,81,"Tyler, The Creator, Kali Uchis",See You Again (feat. Kali Uchis),16,73,50,11687456,False,-8,Cao,Dài hạn
1081,82,"David Guetta, Bebe Rexha",I'm Good (Blue),2,76,76,11560027,False,-6,Cao,Dài hạn
1082,83,Don Toliver,BANDIT,83,-1,1,11547775,True,-84,Cao,Ngắn hạn
1083,84,"Grupo Frontera, Grupo Firme",EL AMOR DE SU VIDA,47,59,27,11447285,False,-25,Cao,Dài hạn
1084,85,Travis Scott,MY EYES,15,114,13,11444339,False,29,Cao,Dài hạn
1085,86,V,Love Me Again,11,89,26,11413806,False,3,Cao,Dài hạn
1086,87,"Post Malone, Swae Lee",Sunflower - Spider-Man: Into the Spider-Verse,1,86,270,11402549,False,-1,Cao,Dài hạn
1087,88,"Xavi, Los Dareyes De La Sierra",Poco A Poco,69,85,7,11369645,False,-3,Cao,Trung hạn
1088,89,"Jung Kook, Jack Harlow",3D (feat. Jack Harlow),3,95,19,11354278,False,6,Cao,Dài hạn
1089,90,Myke Towers,LALA,1,87,32,11318426,False,-3,Cao,Dài hạn
1090,91,Cigarettes After Sex,Apocalypse,81,91,82,11288132,False,0,Cao,Dài hạn
1091,92,"Kygo, Ava Max",Whatever,92,96,3,11238266,False,4,Trung bình,Ngắn hạn
1092,93,The Goo Goo Dolls,Iris,93,155,28,11204208,False,62,Trung bình,Dài hạn
1093,94,Kanye West,Heartless,76,84,31,11141077,False,-10,Trung bình,Dài hạn
1094,95,OneRepublic,I Ain't Worried,7,83,88,11127712,False,-12,Trung bình,Dài hạn
1095,96,"Billie Eilish, Khalid",lovely (with Khalid),24,105,303,11070577,False,9,Trung bình,Dài hạn
1096,97,"Christian Nodal, Peso Pluma",La Intención,97,100,2,10966050,False,3,Trung bình,Ngắn hạn
1097,98,Bad Bunny,MONACO,1,79,17,10842268,False,-19,Trung bình,Dài hạn
1098,99,OneRepublic,Counting Stars,86,97,147,10729339,False,-2,Trung bình,Dài hạn
1099,100,The Walters,I Love You So,21,109,91,10723619,False,9,Trung bình,Dài hạn
1100,101,Jimin,Like Crazy,15,78,46,10715142,False,-23,Trung bình,Dài hạn
1101,102,Keane,Somewhere Only We Know,80,80,68,10711578,False,-22,Trung bình,Dài hạn
1102,103,d4vd,Romantic Homicide,17,113,75,10695764,False,10,Trung bình,Dài hạn
1103,104,Justin Bieber,Ghost,11,112,122,10676541,False,8,Trung bình,Dài hạn
1104,105,"Drake, Yeat",IDGAF (feat. Yeat),5,88,18,10670782,False,-17,Trung bình,Dài hạn
1105,106,"The Weeknd, Lana Del Rey",Stargirl Interlude,92,103,80,10670248,False,-3,Trung bình,Dài hạn
1106,107,Linkin Park,In the End,22,108,31,10649300,False,1,Trung bình,Dài hạn
1107,108,Eminem,Without Me,31,94,124,10645004,False,-14,Trung bình,Dài hạn
1108,109,Hotel Ugly,Shut up My Moms Calling,82,99,57,10641874,False,-10,Trung bình,Dài hạn
1109,110,Adele,Set Fire to the Rain,61,133,60,10621365,False,23,Trung bình,Dài hạn
1110,111,Taylor Swift,Don’t Blame Me,71,141,77,10455883,False,30,Trung bình,Dài hạn
1111,112,TV Girl,Lovers Rock,100,107,33,10414343,False,-5,Trung bình,Dài hạn
1112,113,Creedence Clearwater Revival,Have You Ever Seen The Rain,92,104,25,10366739,False,-9,Trung bình,Dài hạn
1113,114,Kanye West,Father Stretch My Hands Pt. 1,114,131,10,10358656,False,17,Trung bình,Trung hạn
1114,115,"Metro Boomin, The Weeknd, 21 Savage",Creepin' (with The Weeknd & 21 Savage),2,110,62,10223255,False,-5,Trung bình,Dài hạn
1115,116,Junior H,Y LLORO,55,72,18,10220951,False,-44,Trung bình,Dài hạn
1116,117,Carin Leon,Primera Cita,21,122,32,10158531,False,5,Trung bình,Dài hạn
1117,118,Taylor Swift,august,11,170,52,10034765,False,52,Trung bình,Dài hạn
1118,119,Zach Bryan,Something in the Orange,57,106,57,10020449,False,-13,Trung bình,Dài hạn
1119,120,"Jere Klein, Gittobeatz",ANDO,99,125,10,10013311,False,5,Trung bình,Trung hạn
1120,121,"Rihanna, Calvin Harris",We Found Love,59,123,49,10013185,False,2,Trung bình,Dài hạn
1121,122,Tears For Fears,Everybody Wants To Rule The World,91,180,72,9993023,False,58,Trung bình,Dài hạn
1122,123,"Peso Pluma, Gabito Ballesteros, Junior H",LADY GAGA,9,102,33,9953635,False,-21,Trung bình,Dài hạn
1123,124,The Weeknd,Save Your Tears,2,119,160,9944684,False,-5,Trung bình,Dài hạn
1124,125,Lana Del Rey,Summertime Sadness,83,135,78,9931535,False,10,Trung bình,Dài hạn
1125,126,J. Cole,No Role Modelz,76,120,133,9882996,False,-6,Trung bình,Dài hạn
1126,127,"21 Savage, Travis Scott, Metro Boomin",née-nah,15,92,4,9857420,False,-35,Trung bình,Ngắn hạn
1127,128,Imagine Dragons,Demons,111,111,63,9852591,False,-17,Trung bình,Dài hạn
1128,129,Eminem,Mockingbird,24,117,69,9841089,False,-12,Trung bình,Dài hạn
1129,130,Richy Mitch & The Coal Miners,Evergreen,130,140,4,9790011,False,10,Trung bình,Ngắn hạn
1130,131,"Grupo Frontera, Bad Bunny",un x100to,1,116,43,9767673,False,-15,Trung bình,Dài hạn
1131,132,4batz,act ii: date @ 8,132,172,2,9707311,False,40,Trung bình,Ngắn hạn
1132,133,Rauw Alejandro,DILUVIO,59,121,13,9690433,False,-12,Trung bình,Dài hạn
1133,134,Coldplay,The Scientist,134,-1,27,9595822,True,-135,Thấp,Dài hạn
1134,135,"Vishal Mishra, Raj Shekhar",Pehle Bhi Main,49,134,9,9575050,False,-1,Thấp,Trung hạn
1135,136,"Peso Pluma, Junior H, Oscar Maydon",ROMPE LA DOMPE,38,115,6,9555676,False,-21,Thấp,Trung hạn
1136,137,Arctic Monkeys,Why'd You Only Call Me When You're High?,95,132,113,9514321,False,-5,Thấp,Dài hạn
1137,138,"Kanye West, Pusha T",Runaway,138,153,8,9511283,False,15,Thấp,Trung hạn
1138,139,Manuel Turizo,La Bachata,4,129,84,9493965,False,-10,Thấp,Dài hạn
1139,140,Justin Timberlake,Selfish,140,167,2,9454957,False,27,Thấp,Ngắn hạn
1140,141,Ed Sheeran,Perfect,4,148,358,9452743,False,7,Thấp,Dài hạn
1141,142,"Rema, Selena Gomez",Calm Down (with Selena Gomez),9,127,76,9444066,False,-15,Thấp,Dài hạn
1142,143,Anuv Jain,Husn,88,138,6,9443586,False,-5,Thấp,Trung hạn
1143,144,KAROL G,AMARGURA,53,136,38,9443296,False,-8,Thấp,Dài hạn
1144,145,Conan Gray,Heather,12,146,148,9442601,False,1,Thấp,Dài hạn
1145,146,Lil Tecca,500lbs,89,139,16,9421061,False,-7,Thấp,Dài hạn
1146,147,Michael Marcagi,Scared To Start,147,-1,1,9373147,True,-148,Thấp,Ngắn hạn
1147,148,Good Neighbours,Home,148,-1,1,9358092,True,-149,Thấp,Ngắn hạn
1148,149,Ice Spice,Think U The Shit (Fart),118,118,2,9266307,False,-31,Thấp,Ngắn hạn
1149,150,"The Kid LAROI, Justin Bieber",STAY (with Justin Bieber),1,150,134,9265764,False,0,Thấp,Dài hạn
1150,151,Tory Lanez,The Color Violet,70,152,51,9260466,False,1,Thấp,Dài hạn
1151,152,New West,Those Eyes,86,165,45,9186134,False,13,Thấp,Dài hạn
1152,153,"Stephen Sanchez, Em Beihold",Until I Found You (with Em Beihold) - Em Beihold Version,10,181,58,9164159,False,28,Thấp,Dài hạn
1153,154,"Feid, Young Miko",CLASSY 101,8,128,45,9147699,False,-26,Thấp,Dài hạn
1154,155,Arctic Monkeys,505,43,145,109,9139867,False,-10,Thấp,Dài hạn
1155,156,"Metro Boomin, Future, Don Toliver",Too Many Nights (feat. Don Toliver & with Future),33,163,48,9085845,False,7,Thấp,Dài hạn
1156,157,Benson Boone,In The Stars,54,-1,19,9073314,True,-158,Thấp,Dài hạn
1157,158,Olivia Rodrigo,Can’t Catch Me Now - from The Hunger Games: The Ballad of Songbirds & Snakes,35,126,14,9045457,False,-32,Thấp,Dài hạn
1158,159,Milo j,M.A.I,159,197,2,9037556,False,38,Thấp,Ngắn hạn
1159,160,"Kanye West, Dwele",Flashing Lights,121,157,20,9013818,False,-3,Thấp,Dài hạn
1160,161,Imagine Dragons,Believer,16,154,362,9003059,False,-7,Thấp,Dài hạn
1161,162,Steve Lacy,Dark Red,66,158,112,9001500,False,-4,Thấp,Dài hạn
1162,163,James Arthur,Say You Won't Let Go,7,160,292,8971621,False,-3,Thấp,Dài hạn
1163,164,Arctic Monkeys,Do I Wanna Know?,98,161,123,8952020,False,-3,Thấp,Dài hạn
1164,165,Hozier,Take Me To Church,108,162,128,8930791,False,-3,Thấp,Dài hạn
1165,166,The Killers,Mr. Brightside,94,142,124,8844341,False,-24,Thấp,Dài hạn
1166,167,Travis Scott,goosebumps,13,179,233,8824320,False,12,Thấp,Dài hạn
1167,168,Morgan Wallen,Last Night,14,147,51,8807858,False,-21,Thấp,Dài hạn
1168,169,Eminem,The Real Slim Shady,51,149,118,8803513,False,-20,Thấp,Dài hạn
1169,170,LE SSERAFIM,Perfect Night,57,144,15,8802201,False,-26,Thấp,Dài hạn
1170,171,Eminem,Lose Yourself,44,169,132,8759805,False,-2,Thấp,Dài hạn
1171,172,The Weeknd,The Hills,52,164,94,8715269,False,-8,Thấp,Dài hạn
1172,173,"Metro Boomin, Travis Scott, Young Thug",Trance (with Travis Scott & Young Thug),65,174,36,8701754,False,1,Thấp,Dài hạn
1173,174,Sabrina Carpenter,Nonsense,17,171,55,8677441,False,-3,Thấp,Dài hạn
1174,175,Fleetwood Mac,Dreams - 2004 Remaster,20,-1,69,8669173,True,-176,Thấp,Dài hạn
1175,176,d4vd,Here With Me,14,188,66,8642100,False,12,Thấp,Dài hạn
1176,177,Radiohead,Creep,143,159,30,8633239,False,-18,Thấp,Dài hạn
1177,178,"Gaby Music, Lunay, Luar La L",No Te Quieren Conmigo,140,151,3,8621205,False,-27,Thấp,Ngắn hạn
1178,179,"Calle 24, Chino Pacas",Apaga El Cel,179,198,2,8617020,False,19,Thấp,Ngắn hạn
1179,180,Glass Animals,Heat Waves,1,156,159,8613043,False,-24,Thấp,Dài hạn
1180,181,Lana Del Rey,Say Yes To Heaven,18,192,33,8572449,False,11,Thấp,Dài hạn
1181,182,Coldplay,Sparks,176,176,8,8539905,False,-6,Thấp,Trung hạn
1182,183,a-ha,Take on Me,83,189,26,8532034,False,6,Thấp,Dài hạn
1183,184,BENNETT,Vois sur ton chemin - Techno Mix,85,143,16,8525590,False,-41,Thấp,Dài hạn
1184,185,"Drake, 21 Savage",Jimmy Cooks (feat. 21 Savage),7,191,81,8523842,False,6,Thấp,Dài hạn
1185,186,"The Chainsmokers, Coldplay",Something Just Like This,2,177,196,8481311,False,-9,Thấp,Dài hạn
1186,187,TV Girl,Not Allowed,165,184,8,8477792,False,-3,Thấp,Trung hạn
1187,188,Maroon 5,Maps,186,186,8,8475118,False,-2,Thấp,Trung hạn
1188,189,"Elton John, Dua Lipa, PNAU",Cold Heart - PNAU Remix,4,183,125,8461925,False,-6,Thấp,Dài hạn
1189,190,Nicki Minaj,FTCU,63,124,8,8455081,False,-66,Thấp,Trung hạn
1190,191,Taylor Swift,Blank Space,27,-1,108,8449234,True,-192,Thấp,Dài hạn
1191,192,Kali Uchis,Moonlight,37,173,48,8417452,False,-19,Thấp,Dài hạn
1192,193,"Don Omar, Lucenzo",Danza Kuduro,104,187,20,8407392,False,-6,Thấp,Dài hạn
1193,194,Bruno Mars,That's What I Like,6,166,98,8394519,False,-28,Thấp,Dài hạn
1194,195,Lana Del Rey,Young And Beautiful,195,-1,1,8363983,True,-196,Thấp,Ngắn hạn
1195,196,Taylor Swift,Karma,8,-1,41,8353037,True,-197,Thấp,Dài hạn
1196,197,Ruth B.,Dandelions,34,196,129,8339187,False,-1,Thấp,Dài hạn
1197,198,Miguel,Sure Thing,14,-1,59,8336064,True,-199,Thấp,Dài hạn
1198,199,"Xavi, Tony Aguirre",Modo DND,127,168,6,8305459,False,-31,Thấp,Trung hạn
1199,200,"Drake, J. Cole",First Person Shooter (feat. J. Cole),6,190,18,8289337,False,-10,Thấp,Dài hạn
1200,1,Benson Boone,Beautiful Things,1,3,4,37091551,False,2,Rất cao,Ngắn hạn
1201,2,Xavi,La Diabla,1,1,10,34460045,False,-1,Rất cao,Trung hạn
1202,3,Tate McRae,greedy,1,2,22,32367995,False,-1,Rất cao,Dài hạn
1203,4,"¥$, Kanye West, Ty Dolla $ign",CARNIVAL,4,-1,1,32277135,True,-5,Rất cao,Ngắn hạn
1204,5,Taylor Swift,Cruel Summer,2,5,54,31799436,False,0,Rất cao,Dài hạn
1205,6,Noah Kahan,Stick Season,6,7,19,28608645,False,1,Rất cao,Dài hạn
1206,7,Mitski,My Love Mine All Mine,3,6,21,28369573,False,-1,Rất cao,Dài hạn
1207,8,"The Weeknd, JENNIE, Lily-Rose Depp","One Of The Girls (with JENNIE, Lily Rose Depp)",3,4,19,27892810,False,-4,Rất cao,Dài hạn
1208,9,"Feid, ATL Jacob",LUNA,9,10,10,26053293,False,1,Rất cao,Trung hạn
1209,10,21 Savage,redrum,8,8,5,25949317,False,-2,Rất cao,Trung hạn
1210,11,Jack Harlow,Lovin On Me,3,9,14,25076915,False,-2,Rất cao,Dài hạn
1211,12,Teddy Swims,Lose Control,12,12,14,24491773,False,0,Rất cao,Dài hạn
1212,13,YG Marley,Praise Jah In The Moonlight,13,18,3,22368908,False,5,Rất cao,Ngắn hạn
1213,14,Xavi,La Víctima,8,15,12,22351002,False,1,Rất cao,Trung hạn
1214,15,Ariana Grande,"yes, and?",1,11,5,21027882,False,-4,Rất cao,Trung hạn
1215,16,Miley Cyrus,Flowers,1,27,57,20884069,False,11,Rất cao,Dài hạn
1216,17,"¥$, Kanye West, Ty Dolla $ign",FUK SUMN,17,-1,1,20785329,True,-18,Rất cao,Ngắn hạn
1217,18,Arctic Monkeys,I Wanna Be Yours,15,20,84,20140890,False,2,Rất cao,Dài hạn
1218,19,Natasha Bedingfield,Unwritten,17,17,5,20079723,False,-2,Rất cao,Trung hạn
1219,20,"The Weeknd, Playboi Carti, Madonna",Popular (with Playboi Carti & Madonna),12,13,37,19854985,False,-7,Rất cao,Dài hạn
1220,21,"¥$, Kanye West, Ty Dolla $ign",BURN,21,-1,1,19646355,True,-22,Rất cao,Ngắn hạn
1221,22,"¥$, Kanye West, Ty Dolla $ign",TALKING,22,-1,1,19503365,True,-23,Rất cao,Ngắn hạn
1222,23,"Bad Bunny, Feid",PERRO NEGRO,4,19,18,19029116,False,-4,Rất cao,Dài hạn
1223,24,"¥$, Kanye West, Ty Dolla $ign",BACK TO ME,24,-1,1,19028110,True,-25,Rất cao,Ngắn hạn
1224,25,"Kali Uchis, Peso Pluma",Igual Que Un Ángel (with Peso Pluma),11,14,5,18691205,False,-11,Rất cao,Trung hạn
1225,26,"Jung Kook, Latto",Seven (feat. Latto) (Explicit Ver.),1,23,31,18288759,False,-3,Rất cao,Dài hạn
1226,27,Dua Lipa,Houdini,6,21,14,18191510,False,-6,Rất cao,Dài hạn
1227,28,"KAROL G, Peso Pluma",QLONA,5,31,27,18068047,False,3,Rất cao,Dài hạn
1228,29,Kenya Grace,Strangers,4,25,24,18039709,False,-4,Rất cao,Dài hạn
1229,30,"¥$, Kanye West, Ty Dolla $ign",STARS,30,-1,1,17876674,True,-31,Rất cao,Ngắn hạn
1230,31,Beyoncé,TEXAS HOLD 'EM,31,-1,1,17770893,True,-32,Rất cao,Ngắn hạn
1231,32,Sophie Ellis-Bextor,Murder On The Dancefloor,13,16,7,17605889,False,-16,Rất cao,Trung hạn
1232,33,"The Weeknd, Daft Punk",Starboy,1,32,176,17418745,False,-1,Rất cao,Dài hạn
1233,34,Myke Towers,LA FALDA,34,46,7,17269435,False,12,Rất cao,Trung hạn
1234,35,Olivia Rodrigo,vampire,1,30,33,17201364,False,-5,Rất cao,Dài hạn
1235,36,Flo Milli,Never Lose Me,25,26,5,17161427,False,-10,Rất cao,Trung hạn
1236,37,"Peso Pluma, Anitta",BELLAKEO,10,24,10,17038565,False,-13,Rất cao,Trung hạn
1237,38,Mahmood,TUTA GOLD,38,-1,1,16956393,True,-39,Rất cao,Ngắn hạn
1238,39,SZA,Snooze,32,37,60,16785065,False,-2,Rất cao,Dài hạn
1239,40,Doja Cat,Paint The Town Red,1,28,28,16622199,False,-12,Rất cao,Dài hạn
1240,41,Billie Eilish,"What Was I Made For? [From The Motion Picture ""Barbie""]",3,29,31,16612148,False,-12,Rất cao,Dài hạn
1241,42,Lord Huron,The Night We Met,30,33,69,16435766,False,-9,Rất cao,Dài hạn
1242,43,Tyla,Water,12,34,21,16202351,False,-9,Rất cao,Dài hạn
1243,44,Bruno Mars,Just the Way You Are,43,43,59,15907942,False,-1,Rất cao,Dài hạn
1244,45,"Calle 24, Chino Pacas, Fuerza Regida",Que Onda,16,39,24,15624980,False,-6,Rất cao,Dài hạn
1245,46,"Zach Bryan, Kacey Musgraves",I Remember Everything (feat. Kacey Musgraves),20,36,25,15552075,False,-10,Rất cao,Dài hạn
1246,47,SZA,Kill Bill,1,49,62,15488909,False,2,Rất cao,Dài hạn
1247,48,"Bizarrap, Young Miko","Young Miko: Bzrp Music Sessions, Vol. 58",12,22,5,15451546,False,-26,Rất cao,Trung hạn
1248,49,Jung Kook,Standing Next to You,1,45,15,15321265,False,-4,Rất cao,Dài hạn
1249,50,"Geolier, Michelangelo","I P’ ME, TU P’ TE",50,-1,1,15236142,True,-51,Rất cao,Ngắn hạn
1250,51,"¥$, Kanye West, Ty Dolla $ign",PAID,51,-1,1,15158082,True,-52,Rất cao,Ngắn hạn
1251,52,Vance Joy,Riptide,30,40,157,15123402,False,-12,Rất cao,Dài hạn
1252,53,Harry Styles,As It Was,1,35,98,14939730,False,-18,Cao,Dài hạn
1253,54,"Travis Scott, Playboi Carti",FE!N (feat. Playboi Carti),5,57,22,14925198,False,3,Cao,Dài hạn
1254,55,Taylor Swift,Lover,2,62,54,14833804,False,7,Cao,Dài hạn
1255,56,David Kushner,Daylight,5,44,44,14677771,False,-12,Cao,Dài hạn
1256,57,Coldplay,Yellow,36,41,165,14581397,False,-16,Cao,Dài hạn
1257,58,"Oscar Ortiz, Edgardo Nuñez",FIRST LOVE,41,42,5,14565434,False,-16,Cao,Trung hạn
1258,59,"¥$, Kanye West, Ty Dolla $ign",DO IT,59,-1,1,14290306,True,-60,Cao,Ngắn hạn
1259,60,Bruno Mars,When I Was Your Man,38,38,76,14159355,False,-22,Cao,Dài hạn
1260,61,"Fuerza Regida, Marshmello",HARLEY QUINN,11,47,16,13909772,False,-14,Cao,Dài hạn
1261,62,The Weeknd,Die For You,12,59,105,13846684,False,-3,Cao,Dài hạn
1262,63,Rich Amiri,ONE CALL,63,76,3,13715997,False,13,Cao,Ngắn hạn
1263,64,"¥$, Kanye West, Ty Dolla $ign",KEYS TO MY LIFE,64,-1,1,13713012,True,-65,Cao,Ngắn hạn
1264,65,"Drake, Sexyy Red, SZA",Rich Baby Daddy (feat. Sexyy Red & SZA),28,48,18,13534253,False,-17,Cao,Dài hạn
1265,66,Taylor Swift,Anti-Hero,1,58,69,13523411,False,-8,Cao,Dài hạn
1266,67,"¥$, Kanye West, Ty Dolla $ign",PAPERWORK,67,-1,1,13503054,True,-68,Cao,Ngắn hạn
1267,68,The Weeknd,Blinding Lights,1,51,220,13431682,False,-17,Cao,Dài hạn
1268,69,"cassö, RAYE, D-Block Europe",Prada,17,50,26,13360412,False,-19,Cao,Dài hạn
1269,70,Creepy Nuts,Bling-Bang-Bang-Born,57,65,5,13166985,False,-5,Cao,Trung hạn
1270,71,Sabrina Carpenter,Feather,34,63,11,13108111,False,-8,Cao,Trung hạn
1271,72,Dua Lipa,Dance The Night - From Barbie The Album,5,61,38,13038665,False,-11,Cao,Dài hạn
1272,73,Lewis Capaldi,Someone You Loved,4,60,266,12996476,False,-13,Cao,Dài hạn
1273,74,"USHER, Lil Jon, Ludacris",Yeah! (feat. Lil Jon & Ludacris),74,-1,1,12878007,True,-75,Cao,Ngắn hạn
1274,75,"¥$, Kanye West, Ty Dolla $ign",VULTURES,75,-1,1,12788706,True,-76,Cao,Ngắn hạn
1275,76,"Maluma, Carin Leon",Según Quién,17,54,22,12779201,False,-22,Cao,Dài hạn
1276,77,Doja Cat,Agora Hills,16,52,21,12610630,False,-25,Cao,Dài hạn
1277,78,Kanye West,Father Stretch My Hands Pt. 1,78,114,11,12488552,False,36,Cao,Trung hạn
1278,79,Travis Scott,I KNOW ?,14,67,29,12469276,False,-12,Cao,Dài hạn
1279,80,"JID, 21 Savage, Baby Tate",Surround Sound (feat. 21 Savage & Baby Tate),34,53,13,12415477,False,-27,Cao,Dài hạn
1280,81,The Neighbourhood,Sweater Weather,19,64,181,12253309,False,-17,Cao,Dài hạn
1281,82,Tom Odell,Another Love,15,66,149,12252697,False,-16,Cao,Dài hạn
1282,83,iñigo quintero,Si No Estás,1,55,21,12195450,False,-28,Cao,Dài hạn
1283,84,Tate McRae,exes,26,71,13,11998954,False,-13,Cao,Dài hạn
1284,85,Kanye West,Heartless,76,94,32,11967452,False,9,Cao,Dài hạn
1285,86,Taylor Swift,cardigan,1,72,60,11933246,False,-14,Cao,Dài hạn
1286,87,"Mesita, Nicki Nicole, Tiago PZK, Emilia",Una Foto Remix (feat. Emilia),58,68,5,11835499,False,-19,Cao,Trung hạn
1287,88,"Drake, Wizkid, Kyla",One Dance,12,74,181,11824582,False,-14,Cao,Dài hạn
1288,89,"¥$, Kanye West, Ty Dolla $ign",BEG FORGIVENESS,89,-1,1,11802992,True,-90,Cao,Ngắn hạn
1289,90,Annalisa,Sinceramente,90,-1,1,11744002,True,-91,Cao,Ngắn hạn
1290,91,"Post Malone, Swae Lee",Sunflower - Spider-Man: Into the Spider-Verse,1,87,271,11642637,False,-4,Cao,Dài hạn
1291,92,"Ivete Sangalo, LUDMILLA",Macetando,92,-1,1,11626550,True,-93,Cao,Ngắn hạn
1292,93,Bruno Mars,Locked out of Heaven,39,73,88,11579667,False,-20,Cao,Dài hạn
1293,94,Gunna,fukumean,9,69,35,11497803,False,-25,Cao,Dài hạn
1294,95,Angelina Mango,la noia,95,-1,1,11411679,True,-96,Cao,Ngắn hạn
1295,96,Frank Ocean,Pink + White,69,70,39,11325522,False,-26,Cao,Dài hạn
1296,97,KAROL G,AMARGURA,53,144,39,11232857,False,47,Trung bình,Dài hạn
1297,98,"¥$, Kanye West, Ty Dolla $ign",HOODRAT,98,-1,1,11213960,True,-99,Trung bình,Ngắn hạn
1298,99,Taylor Swift,Is It Over Now? (Taylor's Version) (From The Vault),1,79,16,11196643,False,-20,Trung bình,Dài hạn
1299,100,"Xavi, Los Dareyes De La Sierra",Poco A Poco,69,88,8,11181599,False,-12,Trung bình,Trung hạn
1300,101,The Police,Every Breath You Take,77,77,114,11112302,False,-24,Trung bình,Dài hạn
1301,102,"Eugenio Esquivel, Grupo Marca Registrada, Sebastian Esquivel, Los Esquivel",Alucin,60,75,7,11096750,False,-27,Trung bình,Trung hạn
1302,103,Jimin,Like Crazy,15,101,47,11043847,False,-2,Trung bình,Dài hạn
1303,104,"David Guetta, Bebe Rexha",I'm Good (Blue),2,82,77,11043431,False,-22,Trung bình,Dài hạn
1304,105,Coldplay,Viva La Vida,57,78,77,10987435,False,-27,Trung bình,Dài hạn
1305,106,Travis Scott,MY EYES,15,85,14,10984102,False,-21,Trung bình,Dài hạn
1306,107,V,Love Me Again,11,86,27,10974554,False,-21,Trung bình,Dài hạn
1307,108,Noah Kahan,Forever,108,-1,1,10972110,True,-109,Trung bình,Ngắn hạn
1308,109,"Tyler, The Creator, Kali Uchis",See You Again (feat. Kali Uchis),16,81,51,10964070,False,-28,Trung bình,Dài hạn
1309,110,Adele,Set Fire to the Rain,61,110,61,10885067,False,0,Trung bình,Dài hạn
1310,111,Cigarettes After Sex,Apocalypse,81,91,83,10805699,False,-20,Trung bình,Dài hạn
1311,112,"The Weeknd, Lana Del Rey",Stargirl Interlude,92,106,81,10800610,False,-6,Trung bình,Dài hạn
1312,113,"Parangolé, Léo Santana",Perna Bamba,113,-1,1,10683040,True,-114,Trung bình,Ngắn hạn
1313,114,"Jung Kook, Jack Harlow",3D (feat. Jack Harlow),3,89,20,10657527,False,-25,Trung bình,Dài hạn
1314,115,Quevedo,Columbia,7,80,32,10609076,False,-35,Trung bình,Dài hạn
1315,116,Myke Towers,LALA,1,90,33,10588239,False,-26,Trung bình,Dài hạn
1316,117,OneRepublic,I Ain't Worried,7,95,89,10575492,False,-22,Trung bình,Dài hạn
1317,118,The Goo Goo Dolls,Iris,93,93,29,10539775,False,-25,Trung bình,Dài hạn
1318,119,"Grupo Frontera, Grupo Firme",EL AMOR DE SU VIDA,47,84,28,10534451,False,-35,Trung bình,Dài hạn
1319,120,Lil Tecca,500lbs,89,146,17,10515275,False,26,Trung bình,Dài hạn
1320,121,Eminem,Without Me,31,108,125,10480942,False,-13,Trung bình,Dài hạn
1321,122,Creedence Clearwater Revival,Have You Ever Seen The Rain,92,113,26,10478272,False,-9,Trung bình,Dài hạn
1322,123,Hotel Ugly,Shut up My Moms Calling,82,109,58,10471342,False,-14,Trung bình,Dài hạn
1323,124,OneRepublic,Counting Stars,86,99,148,10428161,False,-25,Trung bình,Dài hạn
1324,125,"¥$, Kanye West, Ty Dolla $ign",PROBLEMATIC,125,-1,1,10345514,True,-126,Trung bình,Ngắn hạn
1325,126,"Billie Eilish, Khalid",lovely (with Khalid),24,96,304,10327150,False,-30,Trung bình,Dài hạn
1326,127,"Drake, Yeat",IDGAF (feat. Yeat),5,105,19,10298793,False,-22,Trung bình,Dài hạn
1327,128,Taylor Swift,Don’t Blame Me,71,111,78,10275949,False,-17,Trung bình,Dài hạn
1328,129,TV Girl,Lovers Rock,100,112,34,10246637,False,-17,Trung bình,Dài hạn
1329,130,The Walters,I Love You So,21,100,92,10236799,False,-30,Trung bình,Dài hạn
1330,131,"Grupo Frontera, Bad Bunny",un x100to,1,131,44,10197224,False,0,Trung bình,Dài hạn
1331,132,Good Neighbours,Home,132,148,2,10185818,False,16,Trung bình,Ngắn hạn
1332,133,Linkin Park,In the End,22,107,32,10155956,False,-26,Trung bình,Dài hạn
1333,134,Zach Bryan,Something in the Orange,57,119,58,10108657,False,-15,Trung bình,Dài hạn
1334,135,Junior H,Y LLORO,55,116,19,10089576,False,-19,Trung bình,Dài hạn
1335,136,Justin Bieber,Ghost,11,104,123,10066394,False,-32,Trung bình,Dài hạn
1336,137,"Metro Boomin, The Weeknd, 21 Savage",Creepin' (with The Weeknd & 21 Savage),2,115,63,10033139,False,-22,Trung bình,Dài hạn
1337,138,"Kanye West, Dwele",Flashing Lights,121,160,21,9984662,False,22,Trung bình,Dài hạn
1338,139,"Kygo, Ava Max",Whatever,92,92,4,9964325,False,-47,Trung bình,Ngắn hạn
1339,140,"Rihanna, Calvin Harris",We Found Love,59,121,50,9937745,False,-19,Trung bình,Dài hạn
1340,141,d4vd,Romantic Homicide,17,103,76,9876578,False,-38,Trung bình,Dài hạn
1341,142,J. Cole,No Role Modelz,76,126,134,9845891,False,-16,Trung bình,Dài hạn
1342,143,"FloyyMenor, Cris Mj",Gata Only,143,-1,1,9836049,True,-144,Trung bình,Ngắn hạn
1343,144,Keane,Somewhere Only We Know,80,102,69,9827752,False,-42,Trung bình,Dài hạn
1344,145,The Weeknd,Save Your Tears,2,124,161,9817659,False,-21,Trung bình,Dài hạn
1345,146,"Peso Pluma, Gabito Ballesteros, Junior H",LADY GAGA,9,123,34,9778609,False,-23,Trung bình,Dài hạn
1346,147,Lana Del Rey,Summertime Sadness,83,125,79,9681790,False,-22,Trung bình,Dài hạn
1347,148,"Christian Nodal, Peso Pluma",La Intención,97,97,3,9677502,False,-51,Trung bình,Ngắn hạn
1348,149,Ghali,Casa Mia,149,-1,1,9631062,True,-150,Thấp,Ngắn hạn
1349,150,Carin Leon,Primera Cita,21,117,33,9560892,False,-33,Thấp,Dài hạn
1350,151,"Feid, Young Miko",CLASSY 101,8,154,46,9494537,False,3,Thấp,Dài hạn
1351,152,Eminem,Mockingbird,24,129,70,9470248,False,-23,Thấp,Dài hạn
1352,153,Luke Combs,Fast Car,82,-1,27,9459773,True,-154,Thấp,Dài hạn
1353,154,"Jere Klein, Gittobeatz",ANDO,99,120,11,9457293,False,-34,Thấp,Trung hạn
1354,155,Tears For Fears,Everybody Wants To Rule The World,91,122,73,9415793,False,-33,Thấp,Dài hạn
1355,156,"Kanye West, Pusha T",Runaway,138,138,9,9366451,False,-18,Thấp,Trung hạn
1356,157,Richy Mitch & The Coal Miners,Evergreen,130,130,5,9360674,False,-27,Thấp,Trung hạn
1357,158,Ed Sheeran,Perfect,4,141,359,9343372,False,-17,Thấp,Dài hạn
1358,159,Michael Marcagi,Scared To Start,147,147,2,9287958,False,-12,Thấp,Ngắn hạn
1359,160,Manuel Turizo,La Bachata,4,139,85,9276036,False,-21,Thấp,Dài hạn
1360,161,Imagine Dragons,Demons,111,128,64,9275511,False,-33,Thấp,Dài hạn
1361,162,Arctic Monkeys,Why'd You Only Call Me When You're High?,95,137,114,9249306,False,-25,Thấp,Dài hạn
1362,163,Anuv Jain,Husn,88,143,7,9123882,False,-20,Thấp,Trung hạn
1363,164,KAROL G,MI EX TENÍA RAZÓN,22,-1,24,9097765,True,-165,Thấp,Dài hạn
1364,165,Morgan Wallen,Last Night,14,168,52,9090231,False,3,Thấp,Dài hạn
1365,166,Sabrina Carpenter,Nonsense,17,174,56,9059063,False,8,Thấp,Dài hạn
1366,167,Taylor Swift,august,11,118,53,9053274,False,-49,Thấp,Dài hạn
1367,168,Bad Bunny,MONACO,1,98,18,9041191,False,-70,Thấp,Dài hạn
1368,169,Conan Gray,Heather,12,145,149,9029407,False,-24,Thấp,Dài hạn
1369,170,"Rema, Selena Gomez",Calm Down (with Selena Gomez),9,142,77,9029006,False,-28,Thấp,Dài hạn
1370,171,Lana Del Rey,Say Yes To Heaven,18,181,34,9016882,False,10,Thấp,Dài hạn
1371,172,PEDRO SAMPAIO,POCPOC,172,-1,1,8997253,True,-173,Thấp,Ngắn hạn
1372,173,"Vishal Mishra, Raj Shekhar",Pehle Bhi Main,49,135,10,8977024,False,-38,Thấp,Trung hạn
1373,174,"The Kid LAROI, Justin Bieber",STAY (with Justin Bieber),1,150,135,8939447,False,-24,Thấp,Dài hạn
1374,175,"Metro Boomin, Future, Don Toliver",Too Many Nights (feat. Don Toliver & with Future),33,156,49,8873233,False,-19,Thấp,Dài hạn
1375,176,Rauw Alejandro,DILUVIO,59,133,14,8861113,False,-43,Thấp,Dài hạn
1376,177,"TWENTY SIX, Tayson Kryss",Buscando Money,177,-1,1,8854659,True,-178,Thấp,Ngắn hạn
1377,178,James Arthur,Say You Won't Let Go,7,163,293,8852697,False,-15,Thấp,Dài hạn
1378,179,The Weeknd,The Hills,52,172,95,8840705,False,-7,Thấp,Dài hạn
1379,180,"Stephen Sanchez, Em Beihold",Until I Found You (with Em Beihold) - Em Beihold Version,10,153,59,8803529,False,-27,Thấp,Dài hạn
1380,181,Imagine Dragons,Believer,16,161,363,8800905,False,-20,Thấp,Dài hạn
1381,182,Arctic Monkeys,505,43,155,110,8792063,False,-27,Thấp,Dài hạn
1382,183,4batz,act ii: date @ 8,132,132,3,8759963,False,-51,Thấp,Ngắn hạn
1383,184,d4vd,Here With Me,14,176,67,8759006,False,-8,Thấp,Dài hạn
1384,185,Travis Scott,goosebumps,13,167,234,8758184,False,-18,Thấp,Dài hạn
1385,186,Tory Lanez,The Color Violet,70,151,52,8749291,False,-35,Thấp,Dài hạn
1386,187,Glass Animals,Heat Waves,1,180,160,8749180,False,-7,Thấp,Dài hạn
1387,188,Irama,Tu No,188,-1,1,8736241,True,-189,Thấp,Ngắn hạn
1388,189,"Peso Pluma, Junior H, Oscar Maydon",ROMPE LA DOMPE,38,136,7,8721677,False,-53,Thấp,Trung hạn
1389,190,Arctic Monkeys,Do I Wanna Know?,98,164,124,8697200,False,-26,Thấp,Dài hạn
1390,191,Plan B,Es un Secreto,157,-1,19,8679587,True,-192,Thấp,Dài hạn
1391,192,Eminem,The Real Slim Shady,51,169,119,8610625,False,-23,Thấp,Dài hạn
1392,193,Taylor Swift,Karma,8,196,42,8592330,False,3,Thấp,Dài hạn
1393,194,Steve Lacy,Dark Red,66,162,113,8591156,False,-32,Thấp,Dài hạn
1394,195,Kali Uchis,Moonlight,37,192,49,8543019,False,-3,Thấp,Dài hạn
1395,196,"USHER, Pitbull",DJ Got Us Fallin' In Love (feat. Pitbull),196,-1,1,8535915,True,-197,Thấp,Ngắn hạn
1396,197,New West,Those Eyes,86,152,46,8520708,False,-45,Thấp,Dài hạn
1397,198,"Don Omar, Lucenzo",Danza Kuduro,104,193,21,8477390,False,-5,Thấp,Dài hạn
1398,199,"Metro Boomin, Travis Scott, Young Thug",Trance (with Travis Scott & Young Thug),65,173,37,8464838,False,-26,Thấp,Dài hạn
1399,200,"USHER, Alicia Keys",My Boo,200,-1,1,8464651,True,-201,Thấp,Ngắn hạn
1400,1,Benson Boone,Beautiful Things,1,1,5,41483503,False,0,Rất cao,Trung hạn
1401,2,Beyoncé,TEXAS HOLD 'EM,2,31,2,36879384,False,29,Rất cao,Ngắn hạn
1402,3,"¥$, Kanye West, Ty Dolla $ign",CARNIVAL,3,4,2,34127981,False,1,Rất cao,Ngắn hạn
1403,4,Taylor Swift,Cruel Summer,2,5,55,33526124,False,1,Rất cao,Dài hạn
1404,5,Tate McRae,greedy,1,3,23,33039462,False,-2,Rất cao,Dài hạn
1405,6,Xavi,La Diabla,1,2,11,32489742,False,-4,Rất cao,Trung hạn
1406,7,"The Weeknd, JENNIE, Lily-Rose Depp","One Of The Girls (with JENNIE, Lily Rose Depp)",3,8,20,28178421,False,1,Rất cao,Dài hạn
1407,8,Mitski,My Love Mine All Mine,3,7,22,28107376,False,-1,Rất cao,Dài hạn
1408,9,Noah Kahan,Stick Season,6,6,20,27068008,False,-3,Rất cao,Dài hạn
1409,10,Teddy Swims,Lose Control,10,12,15,26783279,False,2,Rất cao,Dài hạn
1410,11,"Feid, ATL Jacob",LUNA,9,9,11,25284723,False,-2,Rất cao,Trung hạn
1411,12,21 Savage,redrum,8,10,6,25176266,False,-2,Rất cao,Trung hạn
1412,13,YG Marley,Praise Jah In The Moonlight,13,13,4,24631453,False,0,Rất cao,Ngắn hạn
1413,14,Jack Harlow,Lovin On Me,3,11,15,24304852,False,-3,Rất cao,Dài hạn
1414,15,Dua Lipa,Training Season,15,-1,1,23840357,True,-16,Rất cao,Ngắn hạn
1415,16,Xavi,La Víctima,8,14,13,21496994,False,-2,Rất cao,Dài hạn
1416,17,Natasha Bedingfield,Unwritten,17,19,6,21263381,False,2,Rất cao,Trung hạn
1417,18,Arctic Monkeys,I Wanna Be Yours,15,18,85,20387448,False,0,Rất cao,Dài hạn
1418,19,Dua Lipa,Houdini,6,27,15,19685392,False,8,Rất cao,Dài hạn
1419,20,Ariana Grande,"yes, and?",1,15,6,19647177,False,-5,Rất cao,Trung hạn
1420,21,Miley Cyrus,Flowers,1,16,58,19391855,False,-5,Rất cao,Dài hạn
1421,22,"The Weeknd, Playboi Carti, Madonna",Popular (with Playboi Carti & Madonna),12,20,38,18456125,False,-2,Rất cao,Dài hạn
1422,23,"Bad Bunny, Feid",PERRO NEGRO,4,23,19,18454157,False,0,Rất cao,Dài hạn
1423,24,Myke Towers,LA FALDA,24,34,8,18012868,False,10,Rất cao,Trung hạn
1424,25,"Jung Kook, Latto",Seven (feat. Latto) (Explicit Ver.),1,26,32,17778047,False,1,Rất cao,Dài hạn
1425,26,"KAROL G, Peso Pluma",QLONA,5,28,28,17505859,False,2,Rất cao,Dài hạn
1426,27,SZA,Snooze,27,39,61,17296437,False,12,Rất cao,Dài hạn
1427,28,"KAROL G, Tiësto",CONTIGO (with Tiësto),28,-1,1,17246236,True,-29,Rất cao,Ngắn hạn
1428,29,Kenya Grace,Strangers,4,29,25,17079690,False,0,Rất cao,Dài hạn
1429,30,"The Weeknd, Daft Punk",Starboy,1,33,177,17025150,False,3,Rất cao,Dài hạn
1430,31,Lord Huron,The Night We Met,30,42,70,16863568,False,11,Rất cao,Dài hạn
1431,32,Olivia Rodrigo,vampire,1,35,34,16788696,False,3,Rất cao,Dài hạn
1432,33,"Kali Uchis, Peso Pluma",Igual Que Un Ángel (with Peso Pluma),11,25,6,16421260,False,-8,Rất cao,Trung hạn
1433,34,Sophie Ellis-Bextor,Murder On The Dancefloor,13,32,8,16342501,False,-2,Rất cao,Trung hạn
1434,35,Doja Cat,Paint The Town Red,1,40,29,16321418,False,5,Rất cao,Dài hạn
1435,36,"¥$, Kanye West, Ty Dolla $ign",BURN,21,21,2,16253330,False,-15,Rất cao,Ngắn hạn
1436,37,Flo Milli,Never Lose Me,25,36,6,16203802,False,-1,Rất cao,Trung hạn
1437,38,Tyla,Water,12,43,22,16117269,False,5,Rất cao,Dài hạn
1438,39,"Peso Pluma, Anitta",BELLAKEO,10,37,11,15908397,False,-2,Rất cao,Trung hạn
1439,40,Billie Eilish,"What Was I Made For? [From The Motion Picture ""Barbie""]",3,41,32,15735451,False,1,Rất cao,Dài hạn
1440,41,Djo,End of Beginning,41,-1,1,15465981,True,-42,Rất cao,Ngắn hạn
1441,42,Bruno Mars,Just the Way You Are,42,44,60,15390174,False,2,Rất cao,Dài hạn
1442,43,"Zach Bryan, Kacey Musgraves",I Remember Everything (feat. Kacey Musgraves),20,46,26,15292974,False,3,Rất cao,Dài hạn
1443,44,Vance Joy,Riptide,30,52,158,15285383,False,8,Rất cao,Dài hạn
1444,45,Jung Kook,Standing Next to You,1,49,16,15117209,False,4,Rất cao,Dài hạn
1445,46,Harry Styles,As It Was,1,53,99,14907002,False,7,Cao,Dài hạn
1446,47,SZA,Kill Bill,1,47,63,14846535,False,0,Cao,Dài hạn
1447,48,David Kushner,Daylight,5,56,45,14826677,False,8,Cao,Dài hạn
1448,49,"Travis Scott, Playboi Carti",FE!N (feat. Playboi Carti),5,54,23,14765238,False,5,Cao,Dài hạn
1449,50,Taylor Swift,Lover,2,55,55,14601899,False,5,Cao,Dài hạn
1450,51,Rich Amiri,ONE CALL,51,63,4,14598147,False,12,Cao,Ngắn hạn
1451,52,"FloyyMenor, Cris Mj",Gata Only,52,143,2,14324883,False,91,Cao,Ngắn hạn
1452,53,"Calle 24, Chino Pacas, Fuerza Regida",Que Onda,16,45,25,14191042,False,-8,Cao,Dài hạn
1453,54,Sabrina Carpenter,Feather,34,71,12,14184947,False,17,Cao,Trung hạn
1454,55,"Oscar Ortiz, Edgardo Nuñez",FIRST LOVE,41,58,6,13849438,False,3,Cao,Trung hạn
1455,56,"¥$, Kanye West, Ty Dolla $ign",FUK SUMN,17,17,2,13795501,False,-39,Cao,Ngắn hạn
1456,57,Coldplay,Yellow,36,57,166,13702831,False,0,Cao,Dài hạn
1457,58,Bruno Mars,When I Was Your Man,38,60,77,13645926,False,2,Cao,Dài hạn
1458,59,"Drake, Sexyy Red, SZA",Rich Baby Daddy (feat. Sexyy Red & SZA),28,65,19,13555816,False,6,Cao,Dài hạn
1459,60,"Bizarrap, Young Miko","Young Miko: Bzrp Music Sessions, Vol. 58",12,48,6,13493850,False,-12,Cao,Trung hạn
1460,61,Taylor Swift,Anti-Hero,1,66,70,13362871,False,5,Cao,Dài hạn
1461,62,The Weeknd,Die For You,12,62,106,13216523,False,0,Cao,Dài hạn
1462,63,Dua Lipa,Dance The Night - From Barbie The Album,5,72,39,13184427,False,9,Cao,Dài hạn
1463,64,The Weeknd,Blinding Lights,1,68,221,13151253,False,4,Cao,Dài hạn
1464,65,Lewis Capaldi,Someone You Loved,4,73,267,13044667,False,8,Cao,Dài hạn
1465,66,"Fuerza Regida, Marshmello",HARLEY QUINN,11,61,17,12974981,False,-5,Cao,Dài hạn
1466,67,Creepy Nuts,Bling-Bang-Bang-Born,57,70,6,12949761,False,3,Cao,Trung hạn
1467,68,Good Neighbours,Home,68,132,3,12586514,False,64,Cao,Ngắn hạn
1468,69,Tate McRae,exes,26,84,14,12475574,False,15,Cao,Dài hạn
1469,70,Tom Odell,Another Love,15,82,150,12426658,False,12,Cao,Dài hạn
1470,71,"cassö, RAYE, D-Block Europe",Prada,17,69,27,12389388,False,-2,Cao,Dài hạn
1471,72,The Neighbourhood,Sweater Weather,19,81,182,12330101,False,9,Cao,Dài hạn
1472,73,"Mesita, Nicki Nicole, Tiago PZK, Emilia",Una Foto Remix (feat. Emilia),58,87,6,12289446,False,14,Cao,Trung hạn
1473,74,Doja Cat,Agora Hills,16,77,22,12244750,False,3,Cao,Dài hạn
1474,75,Travis Scott,I KNOW ?,14,79,30,12229451,False,4,Cao,Dài hạn
1475,76,"Maluma, Carin Leon",Según Quién,17,76,23,12178873,False,0,Cao,Dài hạn
1476,77,"Drake, Wizkid, Kyla",One Dance,12,88,182,12039083,False,11,Cao,Dài hạn
1477,78,Mahmood,TUTA GOLD,38,38,2,11942462,False,-40,Cao,Ngắn hạn
1478,79,"JID, 21 Savage, Baby Tate",Surround Sound (feat. 21 Savage & Baby Tate),34,80,14,11933911,False,1,Cao,Dài hạn
1479,80,Taylor Swift,cardigan,1,86,61,11902381,False,6,Cao,Dài hạn
1480,81,"¥$, Kanye West, Ty Dolla $ign",BACK TO ME,24,24,2,11837092,False,-57,Cao,Ngắn hạn
1481,82,Kanye West,Father Stretch My Hands Pt. 1,78,78,12,11766511,False,-4,Cao,Trung hạn
1482,83,Kanye West,Heartless,76,85,33,11660031,False,2,Cao,Dài hạn
1483,84,iñigo quintero,Si No Estás,1,83,22,11657569,False,-1,Cao,Dài hạn
1484,85,"Post Malone, Swae Lee",Sunflower - Spider-Man: Into the Spider-Verse,1,91,272,11632261,False,6,Cao,Dài hạn
1485,86,Taylor Swift,Is It Over Now? (Taylor's Version) (From The Vault),1,99,17,11325841,False,13,Cao,Dài hạn
1486,87,Jimin,Like Crazy,15,103,48,11309292,False,16,Cao,Dài hạn
1487,88,The Police,Every Breath You Take,77,101,115,11288787,False,13,Cao,Dài hạn
1488,89,Bruno Mars,Locked out of Heaven,39,93,89,11207945,False,4,Trung bình,Dài hạn
1489,90,Frank Ocean,Pink + White,69,96,40,11090646,False,6,Trung bình,Dài hạn
1490,91,Coldplay,Viva La Vida,57,105,78,11079517,False,14,Trung bình,Dài hạn
1491,92,"Trueno, Nicki Nicole, Bizarrap, Taiu, TATOOL",Mamichula - con Nicki Nicole,37,-1,15,11020754,True,-93,Trung bình,Dài hạn
1492,93,Gunna,fukumean,9,94,36,11017604,False,1,Trung bình,Dài hạn
1493,94,KAROL G,AMARGURA,53,97,40,10985511,False,3,Trung bình,Dài hạn
1494,95,Yeat,Breathe,95,-1,1,10902954,True,-96,Trung bình,Ngắn hạn
1495,96,Creedence Clearwater Revival,Have You Ever Seen The Rain,92,122,27,10890053,False,26,Trung bình,Dài hạn
1496,97,"David Guetta, Bebe Rexha",I'm Good (Blue),2,104,78,10876261,False,7,Trung bình,Dài hạn
1497,98,Adele,Set Fire to the Rain,61,110,62,10824105,False,12,Trung bình,Dài hạn
1498,99,Cigarettes After Sex,Apocalypse,81,111,84,10758821,False,12,Trung bình,Dài hạn
1499,100,Richy Mitch & The Coal Miners,Evergreen,100,157,6,10749200,False,57,Trung bình,Trung hạn
1500,101,Taylor Swift,Don’t Blame Me,71,128,79,10644570,False,27,Trung bình,Dài hạn
1501,102,"Xavi, Los Dareyes De La Sierra",Poco A Poco,69,100,9,10637398,False,-2,Trung bình,Trung hạn
1502,103,OneRepublic,I Ain't Worried,7,117,90,10623102,False,14,Trung bình,Dài hạn
1503,104,The Goo Goo Dolls,Iris,93,118,30,10610335,False,14,Trung bình,Dài hạn
1504,105,OneRepublic,Counting Stars,86,124,149,10591982,False,19,Trung bình,Dài hạn
1505,106,"The Weeknd, Lana Del Rey",Stargirl Interlude,92,112,82,10575124,False,6,Trung bình,Dài hạn
1506,107,Hotel Ugly,Shut up My Moms Calling,82,123,59,10559882,False,16,Trung bình,Dài hạn
1507,108,Travis Scott,MY EYES,15,106,15,10487412,False,-2,Trung bình,Dài hạn
1508,109,"Tyler, The Creator, Kali Uchis",See You Again (feat. Kali Uchis),16,109,52,10452321,False,0,Trung bình,Dài hạn
1509,110,Justin Bieber,Ghost,11,136,124,10432673,False,26,Trung bình,Dài hạn
1510,111,The Walters,I Love You So,21,130,93,10430555,False,19,Trung bình,Dài hạn
1511,112,Linkin Park,In the End,22,133,33,10418307,False,21,Trung bình,Dài hạn
1512,113,"Kygo, Ava Max",Whatever,92,139,5,10414814,False,26,Trung bình,Trung hạn
1513,114,V,Love Me Again,11,107,28,10361157,False,-7,Trung bình,Dài hạn
1514,115,Quevedo,Columbia,7,115,33,10334416,False,0,Trung bình,Dài hạn
1515,116,Eminem,Without Me,31,121,126,10330425,False,5,Trung bình,Dài hạn
1516,117,Lil Tecca,500lbs,89,120,18,10319662,False,3,Trung bình,Dài hạn
1517,118,Myke Towers,LALA,1,116,34,10225910,False,-2,Trung bình,Dài hạn
1518,119,"Geolier, Michelangelo","I P’ ME, TU P’ TE",50,50,2,10206061,False,-69,Trung bình,Ngắn hạn
1519,120,Keane,Somewhere Only We Know,80,144,70,10192650,False,24,Trung bình,Dài hạn
1520,121,"Jung Kook, Jack Harlow",3D (feat. Jack Harlow),3,114,21,10192583,False,-7,Trung bình,Dài hạn
1521,122,"Rihanna, Calvin Harris",We Found Love,59,140,51,10101907,False,18,Trung bình,Dài hạn
1522,123,"Billie Eilish, Khalid",lovely (with Khalid),24,126,305,10054099,False,3,Trung bình,Dài hạn
1523,124,d4vd,Romantic Homicide,17,141,77,10025127,False,17,Trung bình,Dài hạn
1524,125,Michael Marcagi,Scared To Start,125,159,3,10010324,False,34,Trung bình,Ngắn hạn
1525,126,"Grupo Frontera, Bad Bunny",un x100to,1,131,45,10008812,False,5,Trung bình,Dài hạn
1526,127,TV Girl,Lovers Rock,100,129,35,9990159,False,2,Trung bình,Dài hạn
1527,128,"Drake, Yeat",IDGAF (feat. Yeat),5,127,20,9899379,False,-1,Trung bình,Dài hạn
1528,129,Tears For Fears,Everybody Wants To Rule The World,91,155,74,9857318,False,26,Trung bình,Dài hạn
1529,130,Zach Bryan,Something in the Orange,57,134,59,9824894,False,4,Trung bình,Dài hạn
1530,131,J. Cole,No Role Modelz,76,142,135,9813229,False,11,Trung bình,Dài hạn
1531,132,Imagine Dragons,Demons,111,161,65,9797296,False,29,Trung bình,Dài hạn
1532,133,Sabrina Carpenter,Nonsense,17,166,57,9715729,False,33,Trung bình,Dài hạn
1533,134,"Metro Boomin, The Weeknd, 21 Savage",Creepin' (with The Weeknd & 21 Savage),2,137,64,9632373,False,3,Thấp,Dài hạn
1534,135,"USHER, Lil Jon, Ludacris",Yeah! (feat. Lil Jon & Ludacris),74,74,2,9581554,False,-61,Thấp,Ngắn hạn
1535,136,"Jere Klein, Gittobeatz",ANDO,99,154,12,9553196,False,18,Thấp,Trung hạn
1536,137,Arctic Monkeys,Why'd You Only Call Me When You're High?,95,162,115,9527629,False,25,Thấp,Dài hạn
1537,138,Eminem,Mockingbird,24,152,71,9498647,False,14,Thấp,Dài hạn
1538,139,The Weeknd,Save Your Tears,2,145,162,9458260,False,6,Thấp,Dài hạn
1539,140,"Feid, Young Miko",CLASSY 101,8,151,47,9454924,False,11,Thấp,Dài hạn
1540,141,"Grupo Frontera, Grupo Firme",EL AMOR DE SU VIDA,47,119,29,9442911,False,-22,Thấp,Dài hạn
1541,142,"Eugenio Esquivel, Grupo Marca Registrada, Sebastian Esquivel, Los Esquivel",Alucin,60,102,8,9437606,False,-40,Thấp,Trung hạn
1542,143,Morgan Wallen,Last Night,14,165,53,9437127,False,22,Thấp,Dài hạn
1543,144,Julión Álvarez y su Norteño Banda,Regalo De Dios,144,-1,1,9425497,True,-145,Thấp,Ngắn hạn
1544,145,Lana Del Rey,Summertime Sadness,83,147,80,9421328,False,2,Thấp,Dài hạn
1545,146,"Kanye West, Dwele",Flashing Lights,121,138,22,9419963,False,-8,Thấp,Dài hạn
1546,147,"Peso Pluma, Gabito Ballesteros, Junior H",LADY GAGA,9,146,35,9371030,False,-1,Thấp,Dài hạn
1547,148,Taylor Swift,august,11,167,54,9311979,False,19,Thấp,Dài hạn
1548,149,Manuel Turizo,La Bachata,4,160,86,9176401,False,11,Thấp,Dài hạn
1549,150,Ed Sheeran,Perfect,4,158,360,9171083,False,8,Thấp,Dài hạn
1550,151,"Rema, Selena Gomez",Calm Down (with Selena Gomez),9,170,78,9114942,False,19,Thấp,Dài hạn
1551,152,Imagine Dragons,Believer,16,181,364,9100916,False,29,Thấp,Dài hạn
1552,153,Muni Long,Made For Me,153,-1,1,9082245,True,-154,Thấp,Ngắn hạn
1553,154,Luke Combs,Fast Car,82,153,28,9041794,False,-1,Thấp,Dài hạn
1554,155,"Junior H, Peso Pluma",A Tu Manera,155,-1,1,9023916,True,-156,Thấp,Ngắn hạn
1555,156,Junior H,Y LLORO,55,135,20,9001715,False,-21,Thấp,Dài hạn
1556,157,"Kanye West, Pusha T",Runaway,138,156,10,8978819,False,-1,Thấp,Trung hạn
1557,158,Carin Leon,Primera Cita,21,150,34,8947783,False,-8,Thấp,Dài hạn
1558,159,"Christian Nodal, Peso Pluma",La Intención,97,148,4,8937217,False,-11,Thấp,Ngắn hạn
1559,160,"The Kid LAROI, Justin Bieber",STAY (with Justin Bieber),1,174,136,8885922,False,14,Thấp,Dài hạn
1560,161,"Metro Boomin, Future, Don Toliver",Too Many Nights (feat. Don Toliver & with Future),33,175,50,8877357,False,14,Thấp,Dài hạn
1561,162,KAROL G,MI EX TENÍA RAZÓN,22,164,25,8840314,False,2,Thấp,Dài hạn
1562,163,Arctic Monkeys,505,43,182,111,8829580,False,19,Thấp,Dài hạn
1563,164,Glass Animals,Heat Waves,1,187,161,8817193,False,23,Thấp,Dài hạn
1564,165,Conan Gray,Heather,12,169,150,8816443,False,4,Thấp,Dài hạn
1565,166,The Weeknd,The Hills,52,179,96,8783834,False,13,Thấp,Dài hạn
1566,167,Milo j,M.A.I,159,-1,3,8756095,True,-168,Thấp,Ngắn hạn
1567,168,"¥$, Kanye West, Ty Dolla $ign",STARS,30,30,2,8746751,False,-138,Thấp,Ngắn hạn
1568,169,Travis Scott,goosebumps,13,185,235,8722676,False,16,Thấp,Dài hạn
1569,170,Don Toliver,BANDIT,83,-1,2,8715863,True,-171,Thấp,Ngắn hạn
1570,171,"Calle 24, Chino Pacas",Apaga El Cel,171,-1,3,8710192,True,-172,Thấp,Ngắn hạn
1571,172,LE SSERAFIM,Perfect Night,57,-1,16,8696942,True,-173,Thấp,Dài hạn
1572,173,4batz,act ii: date @ 8,132,183,4,8692939,False,10,Thấp,Ngắn hạn
1573,174,Taylor Swift,Karma,8,193,43,8677788,False,19,Thấp,Dài hạn
1574,175,Bad Bunny,MONACO,1,168,19,8651739,False,-7,Thấp,Dài hạn
1575,176,"Elton John, Dua Lipa, PNAU",Cold Heart - PNAU Remix,4,-1,126,8619360,True,-177,Thấp,Dài hạn
1576,177,Arctic Monkeys,Do I Wanna Know?,98,190,125,8614548,False,13,Thấp,Dài hạn
1577,178,"Stephen Sanchez, Em Beihold",Until I Found You (with Em Beihold) - Em Beihold Version,10,180,60,8587281,False,2,Thấp,Dài hạn
1578,179,Lana Del Rey,Say Yes To Heaven,18,171,35,8570851,False,-8,Thấp,Dài hạn
1579,180,Tory Lanez,The Color Violet,70,186,53,8568778,False,6,Thấp,Dài hạn
1580,181,"Don Omar, Lucenzo",Danza Kuduro,104,198,22,8551829,False,17,Thấp,Dài hạn
1581,182,Hozier,Take Me To Church,108,-1,129,8549486,True,-183,Thấp,Dài hạn
1582,183,James Arthur,Say You Won't Let Go,7,178,294,8544999,False,-5,Thấp,Dài hạn
1583,184,Steve Lacy,Dark Red,66,194,114,8510950,False,10,Thấp,Dài hạn
1584,185,Coldplay,The Scientist,134,-1,28,8508700,True,-186,Thấp,Dài hạn
1585,186,Rauw Alejandro,DILUVIO,59,176,15,8508424,False,-10,Thấp,Dài hạn
1586,187,Plan B,Es un Secreto,157,191,20,8491608,False,4,Thấp,Dài hạn
1587,188,Bob Marley & The Wailers,Could You Be Loved,188,-1,1,8484795,True,-189,Thấp,Ngắn hạn
1588,189,New West,Those Eyes,86,197,47,8467240,False,8,Thấp,Dài hạn
1589,190,Eminem,The Real Slim Shady,51,192,120,8458540,False,2,Thấp,Dài hạn
1590,191,"TWENTY SIX, Tayson Kryss",Buscando Money,177,177,2,8458346,False,-14,Thấp,Ngắn hạn
1591,192,d4vd,Here With Me,14,184,68,8437650,False,-8,Thấp,Dài hạn
1592,193,a-ha,Take on Me,83,-1,27,8400564,True,-194,Thấp,Dài hạn
1593,194,"Metro Boomin, Travis Scott, Young Thug",Trance (with Travis Scott & Young Thug),65,199,38,8379493,False,5,Thấp,Dài hạn
1594,195,Radiohead,Creep,143,-1,31,8363007,True,-196,Thấp,Dài hạn
1595,196,Creedence Clearwater Revival,Fortunate Son,196,-1,1,8322325,True,-197,Thấp,Ngắn hạn
1596,197,Anuv Jain,Husn,88,163,8,8308959,False,-34,Thấp,Trung hạn
1597,198,Ruth B.,Dandelions,34,-1,130,8278687,True,-199,Thấp,Dài hạn
1598,199,"¥$, Kanye West, Ty Dolla $ign",DO IT,59,59,2,8277182,False,-140,Thấp,Ngắn hạn
1599,200,Eminem,Lose Yourself,44,-1,133,8250537,True,-201,Thấp,Dài hạn
1600,1,Benson Boone,Beautiful Things,1,1,6,44953221,False,0,Rất cao,Trung hạn
1601,2,Beyoncé,TEXAS HOLD 'EM,2,2,3,40652527,False,0,Rất cao,Ngắn hạn
1602,3,"¥$, Kanye West, Ty Dolla $ign",CARNIVAL,3,3,3,40242905,False,0,Rất cao,Ngắn hạn
1603,4,Taylor Swift,Cruel Summer,2,4,56,32346731,False,0,Rất cao,Dài hạn
1604,5,Tate McRae,greedy,1,5,24,31877107,False,0,Rất cao,Dài hạn
1605,6,Xavi,La Diabla,1,6,12,31144186,False,0,Rất cao,Trung hạn
1606,7,Teddy Swims,Lose Control,7,10,16,30422517,False,3,Rất cao,Dài hạn
1607,8,"The Weeknd, JENNIE, Lily-Rose Depp","One Of The Girls (with JENNIE, Lily Rose Depp)",3,7,21,29334606,False,-1,Rất cao,Dài hạn
1608,9,Noah Kahan,Stick Season,6,9,21,27791888,False,0,Rất cao,Dài hạn
1609,10,Mitski,My Love Mine All Mine,3,8,23,26820970,False,-2,Rất cao,Dài hạn
1610,11,Djo,End of Beginning,11,41,2,26622848,False,30,Rất cao,Ngắn hạn
1611,12,21 Savage,redrum,8,12,7,25733799,False,0,Rất cao,Trung hạn
1612,13,YG Marley,Praise Jah In The Moonlight,13,13,5,24948255,False,0,Rất cao,Trung hạn
1613,14,"Feid, ATL Jacob",LUNA,9,11,12,23651377,False,-3,Rất cao,Trung hạn
1614,15,Jack Harlow,Lovin On Me,3,14,16,22617591,False,-1,Rất cao,Dài hạn
1615,16,Natasha Bedingfield,Unwritten,16,17,7,22288159,False,1,Rất cao,Trung hạn
1616,17,SZA,Saturn,17,-1,1,21433834,True,-18,Rất cao,Ngắn hạn
1617,18,Arctic Monkeys,I Wanna Be Yours,15,18,86,20327372,False,0,Rất cao,Dài hạn
1618,19,Xavi,La Víctima,8,16,14,20018913,False,-3,Rất cao,Dài hạn
1619,20,"FloyyMenor, Cris Mj",Gata Only,20,52,3,19294093,False,32,Rất cao,Ngắn hạn
1620,21,Dua Lipa,Training Season,15,15,2,19103609,False,-6,Rất cao,Ngắn hạn
1621,22,"The Weeknd, Playboi Carti, Madonna",Popular (with Playboi Carti & Madonna),12,22,39,18611787,False,0,Rất cao,Dài hạn
1622,23,Dua Lipa,Houdini,6,19,16,18515781,False,-4,Rất cao,Dài hạn
1623,24,Myke Towers,LA FALDA,24,24,9,18494289,False,0,Rất cao,Trung hạn
1624,25,"Bad Bunny, Feid",PERRO NEGRO,4,23,20,18273084,False,-2,Rất cao,Dài hạn
1625,26,"Jung Kook, Latto",Seven (feat. Latto) (Explicit Ver.),1,25,33,17937675,False,-1,Rất cao,Dài hạn
1626,27,Ariana Grande,"yes, and?",1,20,7,17453335,False,-7,Rất cao,Trung hạn
1627,28,Lord Huron,The Night We Met,28,31,71,17210299,False,3,Rất cao,Dài hạn
1628,29,"KAROL G, Peso Pluma",QLONA,5,26,29,17109969,False,-3,Rất cao,Dài hạn
1629,30,Miley Cyrus,Flowers,1,21,59,16931600,False,-9,Rất cao,Dài hạn
1630,31,Kenya Grace,Strangers,4,29,26,16872051,False,-2,Rất cao,Dài hạn
1631,32,Olivia Rodrigo,vampire,1,32,35,16758640,False,0,Rất cao,Dài hạn
1632,33,"The Weeknd, Daft Punk",Starboy,1,30,178,16621006,False,-3,Rất cao,Dài hạn
1633,34,SZA,Snooze,27,27,62,16220248,False,-7,Rất cao,Dài hạn
1634,35,"Zach Bryan, Kacey Musgraves",I Remember Everything (feat. Kacey Musgraves),20,43,27,15710171,False,8,Rất cao,Dài hạn
1635,36,Tyla,Water,12,38,23,15681839,False,2,Rất cao,Dài hạn
1636,37,Doja Cat,Paint The Town Red,1,35,30,15510369,False,-2,Rất cao,Dài hạn
1637,38,Vance Joy,Riptide,30,44,159,15496714,False,6,Rất cao,Dài hạn
1638,39,Bruno Mars,Just the Way You Are,39,42,61,15485016,False,3,Rất cao,Dài hạn
1639,40,"Travis Scott, Playboi Carti",FE!N (feat. Playboi Carti),5,49,24,15385318,False,9,Rất cao,Dài hạn
1640,41,Beat Record,Standing Next to You - Sped Up - Remix,1,45,17,15367818,False,4,Rất cao,Dài hạn
1641,42,"Kali Uchis, Peso Pluma",Igual Que Un Ángel (with Peso Pluma),11,33,7,15348516,False,-9,Rất cao,Trung hạn
1642,43,"¥$, Kanye West, Ty Dolla $ign",BURN,21,36,3,15249789,False,-7,Rất cao,Ngắn hạn
1643,44,"KAROL G, Tiësto",CONTIGO (with Tiësto),28,28,2,15142312,False,-16,Rất cao,Ngắn hạn
1644,45,Flo Milli,Never Lose Me,25,37,7,15121572,False,-8,Rất cao,Trung hạn
1645,46,David Kushner,Daylight,5,48,46,15059139,False,2,Rất cao,Dài hạn
1646,47,"Peso Pluma, Anitta",BELLAKEO,10,39,12,15039952,False,-8,Cao,Trung hạn
1647,48,Harry Styles,As It Was,1,46,100,14924821,False,-2,Cao,Dài hạn
1648,49,Billie Eilish,"What Was I Made For? [From The Motion Picture ""Barbie""]",3,40,33,14886454,False,-9,Cao,Dài hạn
1649,50,Sophie Ellis-Bextor,Murder On The Dancefloor,13,34,9,14862706,False,-16,Cao,Trung hạn
1650,51,"Oscar Ortiz, Edgardo Nuñez",FIRST LOVE,41,55,7,14337013,False,4,Cao,Trung hạn
1651,52,Sabrina Carpenter,Feather,34,54,13,14280280,False,2,Cao,Dài hạn
1652,53,Rich Amiri,ONE CALL,51,51,5,14071554,False,-2,Cao,Trung hạn
1653,54,"Calle 24, Chino Pacas, Fuerza Regida",Que Onda,16,53,26,13853223,False,-1,Cao,Dài hạn
1654,55,LE SSERAFIM,EASY,55,-1,1,13796378,True,-56,Cao,Ngắn hạn
1655,56,Taylor Swift,Lover,2,50,56,13794780,False,-6,Cao,Dài hạn
1656,57,Bruno Mars,When I Was Your Man,38,58,78,13548030,False,1,Cao,Dài hạn
1657,58,Coldplay,Yellow,36,57,167,13248055,False,-1,Cao,Dài hạn
1658,59,"Fuerza Regida, Marshmello",HARLEY QUINN,11,66,18,13244611,False,7,Cao,Dài hạn
1659,60,SZA,Kill Bill,1,47,64,13229917,False,-13,Cao,Dài hạn
1660,61,The Weeknd,Blinding Lights,1,64,222,13110026,False,3,Cao,Dài hạn
1661,62,"Drake, Sexyy Red, SZA",Rich Baby Daddy (feat. Sexyy Red & SZA),28,59,20,13105969,False,-3,Cao,Dài hạn
1662,63,"Trueno, Nicki Nicole, Bizarrap, Taiu, TATOOL",Mamichula - con Nicki Nicole,37,92,16,13104464,False,29,Cao,Dài hạn
1663,64,Lewis Capaldi,Someone You Loved,4,65,268,13063857,False,1,Cao,Dài hạn
1664,65,"Bizarrap, Young Miko","Young Miko: Bzrp Music Sessions, Vol. 58",12,60,7,13010341,False,-5,Cao,Trung hạn
1665,66,Taylor Swift,Anti-Hero,1,61,71,12997353,False,-5,Cao,Dài hạn
1666,67,The Weeknd,Die For You,12,62,107,12995347,False,-5,Cao,Dài hạn
1667,68,"Maluma, Carin Leon",Según Quién,17,76,24,12975471,False,8,Cao,Dài hạn
1668,69,Good Neighbours,Home,68,68,4,12649342,False,-1,Cao,Ngắn hạn
1669,70,"Drake, Wizkid, Kyla",One Dance,12,77,183,12593994,False,7,Cao,Dài hạn
1670,71,Creepy Nuts,Bling-Bang-Bang-Born,57,67,7,12553827,False,-4,Cao,Trung hạn
1671,72,Dua Lipa,Dance The Night - From Barbie The Album,5,63,40,12505961,False,-9,Cao,Dài hạn
1672,73,Jimin,Like Crazy,15,87,49,12436727,False,14,Cao,Dài hạn
1673,74,Travis Scott,I KNOW ?,14,75,31,12380537,False,1,Cao,Dài hạn
1674,75,The Neighbourhood,Sweater Weather,19,72,183,12292649,False,-3,Cao,Dài hạn
1675,76,Tom Odell,Another Love,15,70,151,12276379,False,-6,Cao,Dài hạn
1676,77,Yeat,Breathe,77,95,2,11992418,False,18,Cao,Ngắn hạn
1677,78,"cassö, RAYE, D-Block Europe",Prada,17,71,28,11936212,False,-7,Cao,Dài hạn
1678,79,Doja Cat,Agora Hills,16,74,23,11828278,False,-5,Cao,Dài hạn
1679,80,Kanye West,Heartless,76,83,34,11788298,False,3,Cao,Dài hạn
1680,81,Tate McRae,exes,26,69,15,11727392,False,-12,Cao,Dài hạn
1681,82,"Mesita, Nicki Nicole, Tiago PZK, Emilia",Una Foto Remix (feat. Emilia),58,73,7,11652047,False,-9,Cao,Trung hạn
1682,83,Richy Mitch & The Coal Miners,Evergreen,83,100,7,11646875,False,17,Cao,Trung hạn
1683,84,Kanye West,Father Stretch My Hands Pt. 1,78,82,13,11628812,False,-2,Cao,Dài hạn
1684,85,"Post Malone, Swae Lee",Sunflower - Spider-Man: Into the Spider-Verse,1,85,273,11572853,False,0,Cao,Dài hạn
1685,86,Bruno Mars,Locked out of Heaven,39,89,90,11520485,False,3,Cao,Dài hạn
1686,87,"JID, 21 Savage, Baby Tate",Surround Sound (feat. 21 Savage & Baby Tate),34,79,15,11504414,False,-8,Cao,Dài hạn
1687,88,Taylor Swift,cardigan,1,80,62,11468827,False,-8,Cao,Dài hạn
1688,89,Bryson Tiller,Whatever She Wants,89,-1,1,11452312,True,-90,Cao,Ngắn hạn
1689,90,Frank Ocean,Pink + White,69,90,41,11451032,False,0,Cao,Dài hạn
1690,91,Creedence Clearwater Revival,Have You Ever Seen The Rain,91,96,28,11431222,False,5,Cao,Dài hạn
1691,92,The Police,Every Breath You Take,77,88,116,11383539,False,-4,Cao,Dài hạn
1692,93,iñigo quintero,Si No Estás,1,84,23,11294734,False,-9,Cao,Dài hạn
1693,94,"David Guetta, Bebe Rexha",I'm Good (Blue),2,97,79,11248778,False,3,Trung bình,Dài hạn
1694,95,OneRepublic,I Ain't Worried,7,103,91,11168122,False,8,Trung bình,Dài hạn
1695,96,"The Weeknd, Lana Del Rey",Stargirl Interlude,92,106,83,11079510,False,10,Trung bình,Dài hạn
1696,97,"¥$, Kanye West, Ty Dolla $ign",FUK SUMN,17,56,3,11046439,False,-41,Trung bình,Ngắn hạn
1697,98,Taylor Swift,Is It Over Now? (Taylor's Version) (From The Vault),1,86,18,11005446,False,-12,Trung bình,Dài hạn
1698,99,Linkin Park,In the End,22,112,34,10966976,False,13,Trung bình,Dài hạn
1699,100,Cigarettes After Sex,Apocalypse,81,99,85,10941862,False,-1,Trung bình,Dài hạn
1700,101,Coldplay,Viva La Vida,57,91,79,10916843,False,-10,Trung bình,Dài hạn
1701,102,Justin Bieber,Ghost,11,110,125,10859179,False,8,Trung bình,Dài hạn
1702,103,The Goo Goo Dolls,Iris,93,104,31,10819046,False,1,Trung bình,Dài hạn
1703,104,KAROL G,AMARGURA,53,94,41,10780746,False,-10,Trung bình,Dài hạn
1704,105,"Tyler, The Creator, Kali Uchis",See You Again (feat. Kali Uchis),16,109,53,10667567,False,4,Trung bình,Dài hạn
1705,106,Julión Álvarez y su Norteño Banda,Regalo De Dios,106,144,2,10644339,False,38,Trung bình,Ngắn hạn
1706,107,OneRepublic,Counting Stars,86,105,150,10640595,False,-2,Trung bình,Dài hạn
1707,108,V,Love Me Again,11,114,29,10571970,False,6,Trung bình,Dài hạn
1708,109,"Kygo, Ava Max",Whatever,92,113,6,10522988,False,4,Trung bình,Trung hạn
1709,110,Adele,Set Fire to the Rain,61,98,63,10519128,False,-12,Trung bình,Dài hạn
1710,111,The Walters,I Love You So,21,111,94,10482214,False,0,Trung bình,Dài hạn
1711,112,Michael Marcagi,Scared To Start,112,125,4,10426387,False,13,Trung bình,Ngắn hạn
1712,113,Hotel Ugly,Shut up My Moms Calling,82,107,60,10379364,False,-6,Trung bình,Dài hạn
1713,114,"Rihanna, Calvin Harris",We Found Love,59,122,52,10378533,False,8,Trung bình,Dài hạn
1714,115,d4vd,Romantic Homicide,17,124,78,10338797,False,9,Trung bình,Dài hạn
1715,116,Tears For Fears,Everybody Wants To Rule The World,91,129,75,10327757,False,13,Trung bình,Dài hạn
1716,117,Lil Tecca,500lbs,89,117,19,10323181,False,0,Trung bình,Dài hạn
1717,118,Travis Scott,MY EYES,15,108,16,10284719,False,-10,Trung bình,Dài hạn
1718,119,Eminem,Without Me,31,116,127,10268159,False,-3,Trung bình,Dài hạn
1719,120,Myke Towers,LALA,1,118,35,10266375,False,-2,Trung bình,Dài hạn
1720,121,Taylor Swift,Don’t Blame Me,71,101,80,10247671,False,-20,Trung bình,Dài hạn
1721,122,"Jung Kook, Jack Harlow",3D (feat. Jack Harlow),3,121,22,10237997,False,-1,Trung bình,Dài hạn
1722,123,Muni Long,Made For Me,123,153,2,10167784,False,30,Trung bình,Ngắn hạn
1723,124,Sabrina Carpenter,Nonsense,17,133,58,10122379,False,9,Trung bình,Dài hạn
1724,125,Gunna,fukumean,9,93,37,10114922,False,-32,Trung bình,Dài hạn
1725,126,"Xavi, Los Dareyes De La Sierra",Poco A Poco,69,102,10,10087762,False,-24,Trung bình,Trung hạn
1726,127,Zach Bryan,Something in the Orange,57,130,60,10054287,False,3,Trung bình,Dài hạn
1727,128,Imagine Dragons,Demons,111,132,66,10020039,False,4,Trung bình,Dài hạn
1728,129,"Billie Eilish, Khalid",lovely (with Khalid),24,123,306,9984508,False,-6,Trung bình,Dài hạn
1729,130,J. Cole,No Role Modelz,76,131,136,9914691,False,1,Trung bình,Dài hạn
1730,131,TV Girl,Lovers Rock,100,127,36,9865453,False,-4,Trung bình,Dài hạn
1731,132,Keane,Somewhere Only We Know,80,120,71,9860465,False,-12,Trung bình,Dài hạn
1732,133,Morgan Wallen,Last Night,14,143,54,9775471,False,10,Trung bình,Dài hạn
1733,134,LE SSERAFIM,Smart,134,-1,1,9704449,True,-135,Trung bình,Ngắn hạn
1734,135,"Eugenio Esquivel, Grupo Marca Registrada, Sebastian Esquivel, Los Esquivel",Alucin,60,142,9,9591899,False,7,Thấp,Trung hạn
1735,136,Manuel Turizo,La Bachata,4,149,87,9552155,False,13,Thấp,Dài hạn
1736,137,The Weeknd,Save Your Tears,2,139,163,9543147,False,2,Thấp,Dài hạn
1737,138,"Drake, Yeat",IDGAF (feat. Yeat),5,128,21,9509501,False,-10,Thấp,Dài hạn
1738,139,"Grupo Frontera, Bad Bunny",un x100to,1,126,46,9495493,False,-13,Thấp,Dài hạn
1739,140,Quevedo,Columbia,7,115,34,9474002,False,-25,Thấp,Dài hạn
1740,141,"Metro Boomin, The Weeknd, 21 Savage",Creepin' (with The Weeknd & 21 Savage),2,134,65,9473475,False,-7,Thấp,Dài hạn
1741,142,Selena Gomez,Love On,142,-1,1,9386776,True,-143,Thấp,Ngắn hạn
1742,143,"Jere Klein, Gittobeatz",ANDO,99,136,13,9363379,False,-7,Thấp,Dài hạn
1743,144,Lana Del Rey,Summertime Sadness,83,145,81,9344732,False,1,Thấp,Dài hạn
1744,145,Eminem,Mockingbird,24,138,72,9335607,False,-7,Thấp,Dài hạn
1745,146,"Kanye West, Dwele",Flashing Lights,121,146,23,9304912,False,0,Thấp,Dài hạn
1746,147,Carin Leon,Primera Cita,21,158,35,9281885,False,11,Thấp,Dài hạn
1747,148,Arctic Monkeys,Why'd You Only Call Me When You're High?,95,137,116,9238888,False,-11,Thấp,Dài hạn
1748,149,Taylor Swift,august,11,148,55,9237108,False,-1,Thấp,Dài hạn
1749,150,Imagine Dragons,Believer,16,152,365,9088472,False,2,Thấp,Dài hạn
1750,151,"Peso Pluma, Gabito Ballesteros, Junior H",LADY GAGA,9,147,36,9060459,False,-4,Thấp,Dài hạn
1751,152,"Rema, Selena Gomez",Calm Down (with Selena Gomez),9,151,79,9059855,False,-1,Thấp,Dài hạn
1752,153,Junior H,Y LLORO,55,156,21,9049234,False,3,Thấp,Dài hạn
1753,154,"Grupo Frontera, Grupo Firme",EL AMOR DE SU VIDA,47,141,30,9043595,False,-13,Thấp,Dài hạn
1754,155,"The Kid LAROI, Justin Bieber",STAY (with Justin Bieber),1,160,137,9018161,False,5,Thấp,Dài hạn
1755,156,"Feid, Young Miko",CLASSY 101,8,140,48,9000644,False,-16,Thấp,Dài hạn
1756,157,Ed Sheeran,Perfect,4,150,361,8993160,False,-7,Thấp,Dài hạn
1757,158,Creedence Clearwater Revival,Fortunate Son,158,196,2,8978610,False,38,Thấp,Ngắn hạn
1758,159,"Don Omar, Lucenzo",Danza Kuduro,104,181,23,8969190,False,22,Thấp,Dài hạn
1759,160,KAROL G,MI EX TENÍA RAZÓN,22,162,26,8959192,False,2,Thấp,Dài hạn
1760,161,Glass Animals,Heat Waves,1,164,162,8893865,False,3,Thấp,Dài hạn
1761,162,Arctic Monkeys,505,43,163,112,8892462,False,1,Thấp,Dài hạn
1762,163,Bad Bunny,MONACO,1,175,20,8862993,False,12,Thấp,Dài hạn
1763,164,Milo j,M.A.I,159,167,4,8768725,False,3,Thấp,Ngắn hạn
1764,165,"Kendrick Lamar, SZA",All The Stars (with SZA),2,-1,45,8740472,True,-166,Thấp,Dài hạn
1765,166,Conan Gray,Heather,12,165,151,8731118,False,-1,Thấp,Dài hạn
1766,167,The Weeknd,The Hills,52,166,97,8715833,False,-1,Thấp,Dài hạn
1767,168,One Direction,Night Changes,108,-1,70,8703759,True,-169,Thấp,Dài hạn
1768,169,Arctic Monkeys,Do I Wanna Know?,98,177,126,8697506,False,8,Thấp,Dài hạn
1769,170,"Elton John, Dua Lipa, PNAU",Cold Heart - PNAU Remix,4,176,127,8670411,False,6,Thấp,Dài hạn
1770,171,Maroon 5,Maps,171,-1,9,8667140,True,-172,Thấp,Trung hạn
1771,172,Coldplay,The Scientist,134,185,29,8663354,False,13,Thấp,Dài hạn
1772,173,Rauw Alejandro,DILUVIO,59,186,16,8652195,False,13,Thấp,Dài hạn
1773,174,"Metro Boomin, Future, Don Toliver",Too Many Nights (feat. Don Toliver & with Future),33,161,51,8651929,False,-13,Thấp,Dài hạn
1774,175,"Stephen Sanchez, Em Beihold",Until I Found You (with Em Beihold) - Em Beihold Version,10,178,61,8640632,False,3,Thấp,Dài hạn
1775,176,Bob Marley & The Wailers,Could You Be Loved,176,188,2,8628041,False,12,Thấp,Ngắn hạn
1776,177,Benson Boone,In The Stars,54,-1,20,8623374,True,-178,Thấp,Dài hạn
1777,178,"Calle 24, Chino Pacas",Apaga El Cel,171,171,4,8599545,False,-7,Thấp,Ngắn hạn
1778,179,LE SSERAFIM,Perfect Night,57,172,17,8564195,False,-7,Thấp,Dài hạn
1779,180,Travis Scott,goosebumps,13,169,236,8539649,False,-11,Thấp,Dài hạn
1780,181,New West,Those Eyes,86,189,48,8512951,False,8,Thấp,Dài hạn
1781,182,James Arthur,Say You Won't Let Go,7,183,295,8500871,False,1,Thấp,Dài hạn
1782,183,"Metro Boomin, Travis Scott, Young Thug",Trance (with Travis Scott & Young Thug),65,194,39,8497153,False,11,Thấp,Dài hạn
1783,184,a-ha,Take on Me,83,193,28,8469956,False,9,Thấp,Dài hạn
1784,185,Frank Ocean,Thinkin Bout You,185,-1,1,8435333,True,-186,Thấp,Ngắn hạn
1785,186,Taylor Swift,Karma,8,174,44,8414838,False,-12,Thấp,Dài hạn
1786,187,Avicii,Wake Me Up,13,-1,95,8413631,True,-188,Thấp,Dài hạn
1787,188,"USHER, Lil Jon, Ludacris",Yeah! (feat. Lil Jon & Ludacris),74,135,3,8413514,False,-53,Thấp,Ngắn hạn
1788,189,"Dimitri Vegas & Like Mike, Tiësto, Dido, W&W, Dimitri Vegas, Like Mike",Thank You (Not So Bad),189,-1,1,8412394,True,-190,Thấp,Ngắn hạn
1789,190,"Ofenbach, Norma Jean Martine",Overdrive (feat. Norma Jean Martine),190,-1,2,8401624,True,-191,Thấp,Ngắn hạn
1790,191,Plan B,Es un Secreto,157,187,21,8388951,False,-4,Thấp,Dài hạn
1791,192,Radiohead,Creep,143,195,32,8372387,False,3,Thấp,Dài hạn
1792,193,Mahmood,TUTA GOLD,38,78,3,8364324,False,-115,Thấp,Ngắn hạn
1793,194,Luke Combs,Fast Car,82,154,29,8353526,False,-40,Thấp,Dài hạn
1794,195,"Kanye West, Pusha T",Runaway,138,157,11,8349941,False,-38,Thấp,Trung hạn
1795,196,"Junior H, Peso Pluma",A Tu Manera,155,155,2,8288567,False,-41,Thấp,Ngắn hạn
1796,197,Steve Lacy,Dark Red,66,184,115,8285963,False,-13,Thấp,Dài hạn
1797,198,Hozier,Take Me To Church,108,182,130,8279884,False,-16,Thấp,Dài hạn
1798,199,Eminem,The Real Slim Shady,51,190,121,8271309,False,-9,Thấp,Dài hạn
1799,200,Imagine Dragons,Bones,26,-1,95,8270349,True,-201,Thấp,Dài hạn
1800,1,Benson Boone,Beautiful Things,1,1,7,50093515,False,0,Rất cao,Trung hạn
1801,2,"¥$, Kanye West, Ty Dolla $ign",CARNIVAL,2,3,4,45279771,False,1,Rất cao,Ngắn hạn
1802,3,Djo,End of Beginning,3,11,3,38831906,False,8,Rất cao,Ngắn hạn
1803,4,Tate McRae,greedy,1,5,25,36520027,False,1,Rất cao,Dài hạn
1804,5,Beyoncé,TEXAS HOLD 'EM,2,2,4,35016943,False,-3,Rất cao,Ngắn hạn
1805,6,Taylor Swift,Cruel Summer,2,4,57,32568549,False,-2,Rất cao,Dài hạn
1806,7,Teddy Swims,Lose Control,7,7,17,31732013,False,0,Rất cao,Dài hạn
1807,8,"The Weeknd, JENNIE, Lily-Rose Depp","One Of The Girls (with JENNIE, Lily Rose Depp)",3,8,22,28771218,False,0,Rất cao,Dài hạn
1808,9,Mitski,My Love Mine All Mine,3,10,24,27385786,False,1,Rất cao,Dài hạn
1809,10,Xavi,La Diabla,1,6,13,27328522,False,-4,Rất cao,Dài hạn
1810,11,Noah Kahan,Stick Season,6,9,22,26463313,False,-2,Rất cao,Dài hạn
1811,12,21 Savage,redrum,8,12,8,25824302,False,0,Rất cao,Trung hạn
1812,13,"FloyyMenor, Cris Mj",Gata Only,13,20,4,24608844,False,7,Rất cao,Ngắn hạn
1813,14,"Feid, ATL Jacob",LUNA,9,14,13,23442845,False,0,Rất cao,Dài hạn
1814,15,Jack Harlow,Lovin On Me,3,15,17,22163590,False,0,Rất cao,Dài hạn
1815,16,YG Marley,Praise Jah In The Moonlight,13,13,6,21900494,False,-3,Rất cao,Trung hạn
1816,17,Natasha Bedingfield,Unwritten,16,16,8,21011284,False,-1,Rất cao,Trung hạn
1817,18,SZA,Saturn,17,17,2,20564197,False,-1,Rất cao,Ngắn hạn
1818,19,"Travis Scott, Playboi Carti",FE!N (feat. Playboi Carti),5,40,25,19807496,False,21,Rất cao,Dài hạn
1819,20,Arctic Monkeys,I Wanna Be Yours,15,18,87,19801923,False,-2,Rất cao,Dài hạn
1820,21,Xavi,La Víctima,8,19,15,18219485,False,-2,Rất cao,Dài hạn
1821,22,Dua Lipa,Houdini,6,23,17,18136154,False,1,Rất cao,Dài hạn
1822,23,Dua Lipa,Training Season,15,21,3,17918178,False,-2,Rất cao,Ngắn hạn
1823,24,"Bad Bunny, Feid",PERRO NEGRO,4,25,21,17854144,False,1,Rất cao,Dài hạn
1824,25,"The Weeknd, Playboi Carti, Madonna",Popular (with Playboi Carti & Madonna),12,22,40,17750858,False,-3,Rất cao,Dài hạn
1825,26,Myke Towers,LA FALDA,24,24,10,17724770,False,-2,Rất cao,Trung hạn
1826,27,Tyla,Water,12,36,24,17563266,False,9,Rất cao,Dài hạn
1827,28,"Jung Kook, Latto",Seven (feat. Latto) (Explicit Ver.),1,26,34,17416610,False,-2,Rất cao,Dài hạn
1828,29,Lord Huron,The Night We Met,28,28,72,17257115,False,-1,Rất cao,Dài hạn
1829,30,Ariana Grande,"yes, and?",1,27,8,17198891,False,-3,Rất cao,Trung hạn
1830,31,Miley Cyrus,Flowers,1,30,60,16884246,False,-1,Rất cao,Dài hạn
1831,32,"KAROL G, Peso Pluma",QLONA,5,29,30,16830188,False,-3,Rất cao,Dài hạn
1832,33,Kenya Grace,Strangers,4,31,27,16794734,False,-2,Rất cao,Dài hạn
1833,34,"The Weeknd, Daft Punk",Starboy,1,33,179,16429229,False,-1,Rất cao,Dài hạn
1834,35,Olivia Rodrigo,vampire,1,32,36,16374485,False,-3,Rất cao,Dài hạn
1835,36,"Zach Bryan, Kacey Musgraves",I Remember Everything (feat. Kacey Musgraves),20,35,28,15892727,False,-1,Rất cao,Dài hạn
1836,37,Doja Cat,Paint The Town Red,1,37,31,15135409,False,0,Rất cao,Dài hạn
1837,38,Bryson Tiller,Whatever She Wants,38,89,2,15104863,False,51,Rất cao,Ngắn hạn
1838,39,SZA,Snooze,27,34,63,14995277,False,-5,Cao,Dài hạn
1839,40,David Kushner,Daylight,5,46,47,14948807,False,6,Cao,Dài hạn
1840,41,Flo Milli,Never Lose Me,25,45,8,14932313,False,4,Cao,Trung hạn
1841,42,Rich Amiri,ONE CALL,42,53,6,14794253,False,11,Cao,Trung hạn
1842,43,Harry Styles,As It Was,1,48,101,14779137,False,5,Cao,Dài hạn
1843,44,"KAROL G, Tiësto",CONTIGO (with Tiësto),28,44,3,14718822,False,0,Cao,Ngắn hạn
1844,45,Jung Kook,Standing Next to You,1,-1,17,14492909,True,-46,Cao,Dài hạn
1845,46,Billie Eilish,"What Was I Made For? [From The Motion Picture ""Barbie""]",3,49,34,14441106,False,3,Cao,Dài hạn
1846,47,"Peso Pluma, Anitta",BELLAKEO,10,47,13,14334853,False,0,Cao,Dài hạn
1847,48,"Kali Uchis, Peso Pluma",Igual Que Un Ángel (with Peso Pluma),11,42,8,14133599,False,-6,Cao,Trung hạn
1848,49,"Maluma, Carin Leon",Según Quién,17,68,25,14072604,False,19,Cao,Dài hạn
1849,50,Bruno Mars,Locked out of Heaven,39,86,91,14027819,False,36,Cao,Dài hạn
1850,51,Sabrina Carpenter,Feather,34,52,14,13953492,False,1,Cao,Dài hạn
1851,52,"¥$, Kanye West, Ty Dolla $ign",BURN,21,43,4,13919105,False,-9,Cao,Ngắn hạn
1852,53,Coldplay,Viva La Vida,53,101,80,13889198,False,48,Cao,Dài hạn
1853,54,Taylor Swift,Lover,2,56,57,13561863,False,2,Cao,Dài hạn
1854,55,Sophie Ellis-Bextor,Murder On The Dancefloor,13,50,10,13339581,False,-5,Cao,Trung hạn
1855,56,"Calle 24, Chino Pacas, Fuerza Regida",Que Onda,16,54,27,13243800,False,-2,Cao,Dài hạn
1856,57,The Weeknd,Blinding Lights,1,61,223,13243226,False,4,Cao,Dài hạn
1857,58,Doja Cat,Agora Hills,16,79,24,13119924,False,21,Cao,Dài hạn
1858,59,"Oscar Ortiz, Edgardo Nuñez",FIRST LOVE,41,51,8,13046523,False,-8,Cao,Trung hạn
1859,60,The Weeknd,Die For You,12,67,108,12967864,False,7,Cao,Dài hạn
1860,61,Taylor Swift,Anti-Hero,1,66,72,12957011,False,5,Cao,Dài hạn
1861,62,SZA,Kill Bill,1,60,65,12901100,False,-2,Cao,Dài hạn
1862,63,"Fuerza Regida, Marshmello",HARLEY QUINN,11,59,19,12883274,False,-4,Cao,Dài hạn
1863,64,Jimin,Like Crazy,15,73,50,12873702,False,9,Cao,Dài hạn
1864,65,Coldplay,Yellow,36,58,168,12865105,False,-7,Cao,Dài hạn
1865,66,"Trueno, Nicki Nicole, Bizarrap, Taiu, TATOOL",Mamichula - con Nicki Nicole,37,63,17,12836892,False,-3,Cao,Dài hạn
1866,67,Lewis Capaldi,Someone You Loved,4,64,269,12676942,False,-3,Cao,Dài hạn
1867,68,"cassö, RAYE, D-Block Europe",Prada,17,78,29,12652270,False,10,Cao,Dài hạn
1868,69,"Drake, Sexyy Red, SZA",Rich Baby Daddy (feat. Sexyy Red & SZA),28,62,21,12591585,False,-7,Cao,Dài hạn
1869,70,LE SSERAFIM,EASY,55,55,2,12563212,False,-15,Cao,Ngắn hạn
1870,71,Good Neighbours,Home,68,69,5,12390085,False,-2,Cao,Trung hạn
1871,72,Tom Odell,Another Love,15,76,152,12326372,False,4,Cao,Dài hạn
1872,73,The Neighbourhood,Sweater Weather,19,75,184,12200137,False,2,Cao,Dài hạn
1873,74,Creepy Nuts,Bling-Bang-Bang-Born,57,71,8,12194112,False,-3,Cao,Trung hạn
1874,75,Dua Lipa,Dance The Night - From Barbie The Album,5,72,41,12189965,False,-3,Cao,Dài hạn
1875,76,Travis Scott,MY EYES,15,118,17,12159539,False,42,Cao,Dài hạn
1876,77,Travis Scott,I KNOW ?,14,74,32,12134331,False,-3,Cao,Dài hạn
1877,78,Yeat,Breathe,77,77,3,11993909,False,-1,Cao,Ngắn hạn
1878,79,Cigarettes After Sex,Apocalypse,79,100,86,11956845,False,21,Cao,Dài hạn
1879,80,Michael Marcagi,Scared To Start,80,112,5,11912684,False,32,Cao,Trung hạn
1880,81,Richy Mitch & The Coal Miners,Evergreen,81,83,8,11805464,False,2,Cao,Trung hạn
1881,82,Vance Joy,Riptide,30,38,160,11778484,False,-44,Cao,Dài hạn
1882,83,Taylor Swift,cardigan,1,88,63,11714029,False,5,Cao,Dài hạn
1883,84,"JID, 21 Savage, Baby Tate",Surround Sound (feat. 21 Savage & Baby Tate),34,87,16,11682449,False,3,Cao,Dài hạn
1884,85,Tate McRae,exes,26,81,16,11630324,False,-4,Cao,Dài hạn
1885,86,"Drake, Wizkid, Kyla",One Dance,12,70,184,11556006,False,-16,Cao,Dài hạn
1886,87,"David Guetta, Bebe Rexha",I'm Good (Blue),2,94,80,11538916,False,7,Cao,Dài hạn
1887,88,"Post Malone, Swae Lee",Sunflower - Spider-Man: Into the Spider-Verse,1,85,274,11522460,False,-3,Cao,Dài hạn
1888,89,"Bizarrap, Young Miko","Young Miko: Bzrp Music Sessions, Vol. 58",12,65,8,11506691,False,-24,Cao,Trung hạn
1889,90,Manuel Turizo,La Bachata,4,136,88,11217069,False,46,Trung bình,Dài hạn
1890,91,"Mesita, Nicki Nicole, Tiago PZK, Emilia",Una Foto Remix (feat. Emilia),58,82,8,11204584,False,-9,Trung bình,Trung hạn
1891,92,Frank Ocean,Pink + White,69,90,42,11118645,False,-2,Trung bình,Dài hạn
1892,93,OneRepublic,I Ain't Worried,7,95,92,11114918,False,2,Trung bình,Dài hạn
1893,94,Kanye West,Heartless,76,80,35,11054823,False,-14,Trung bình,Dài hạn
1894,95,Bruno Mars,Just the Way You Are,39,39,62,11015433,False,-56,Trung bình,Dài hạn
1895,96,Creedence Clearwater Revival,Have You Ever Seen The Rain,91,91,29,11003830,False,-5,Trung bình,Dài hạn
1896,97,Taylor Swift,Is It Over Now? (Taylor's Version) (From The Vault),1,98,19,10958920,False,1,Trung bình,Dài hạn
1897,98,KAROL G,AMARGURA,53,104,42,10891875,False,6,Trung bình,Dài hạn
1898,99,a-ha,Take on Me,83,184,29,10848009,False,85,Trung bình,Dài hạn
1899,100,Julión Álvarez y su Norteño Banda,Regalo De Dios,100,106,3,10841491,False,6,Trung bình,Ngắn hạn
1900,101,OneRepublic,Counting Stars,86,107,151,10839514,False,6,Trung bình,Dài hạn
1901,102,"Kygo, Ava Max",Whatever,92,109,7,10735343,False,7,Trung bình,Trung hạn
1902,103,iñigo quintero,Si No Estás,1,93,24,10723874,False,-10,Trung bình,Dài hạn
1903,104,LE SSERAFIM,Smart,104,134,2,10706900,False,30,Trung bình,Ngắn hạn
1904,105,"Rihanna, Calvin Harris",We Found Love,59,114,53,10699717,False,9,Trung bình,Dài hạn
1905,106,Muni Long,Made For Me,106,123,3,10663980,False,17,Trung bình,Ngắn hạn
1906,107,The Police,Every Breath You Take,77,92,117,10640737,False,-15,Trung bình,Dài hạn
1907,108,James Arthur,Say You Won't Let Go,7,182,296,10604210,False,74,Trung bình,Dài hạn
1908,109,The Walters,I Love You So,21,111,95,10559951,False,2,Trung bình,Dài hạn
1909,110,One Direction,Night Changes,108,168,71,10558641,False,58,Trung bình,Dài hạn
1910,111,"Tyler, The Creator, Kali Uchis",See You Again (feat. Kali Uchis),16,105,54,10542844,False,-6,Trung bình,Dài hạn
1911,112,V,Love Me Again,11,108,30,10537525,False,-4,Trung bình,Dài hạn
1912,113,The Goo Goo Dolls,Iris,93,103,32,10489683,False,-10,Trung bình,Dài hạn
1913,114,Justin Bieber,Ghost,11,102,126,10416019,False,-12,Trung bình,Dài hạn
1914,115,Ruth B.,Dandelions,34,-1,131,10277446,True,-116,Trung bình,Dài hạn
1915,116,Hotel Ugly,Shut up My Moms Calling,82,113,61,10257234,False,-3,Trung bình,Dài hạn
1916,117,d4vd,Romantic Homicide,17,115,79,10254124,False,-2,Trung bình,Dài hạn
1917,118,Travis Scott,goosebumps,13,180,237,10237284,False,62,Trung bình,Dài hạn
1918,119,Taylor Swift,Don’t Blame Me,71,121,81,10232118,False,2,Trung bình,Dài hạn
1919,120,Adele,Set Fire to the Rain,61,110,64,10192727,False,-10,Trung bình,Dài hạn
1920,121,Sabrina Carpenter,Nonsense,17,124,59,10095137,False,3,Trung bình,Dài hạn
1921,122,TV Girl,Lovers Rock,100,131,37,10059019,False,9,Trung bình,Dài hạn
1922,123,"Billie Eilish, Khalid",lovely (with Khalid),24,129,307,10058820,False,6,Trung bình,Dài hạn
1923,124,"Pharrell Williams, Miley Cyrus",Doctor (Work It Out) [feat. Miley Cyrus],124,-1,1,10058191,True,-125,Trung bình,Ngắn hạn
1924,125,Eminem,Without Me,31,119,128,10028126,False,-6,Trung bình,Dài hạn
1925,126,"Eugenio Esquivel, Grupo Marca Registrada, Sebastian Esquivel, Los Esquivel",Alucin,60,135,10,9965056,False,9,Trung bình,Trung hạn
1926,127,Zach Bryan,Something in the Orange,57,127,61,9959306,False,0,Trung bình,Dài hạn
1927,128,Bruno Mars,That's What I Like,6,-1,99,9948650,True,-129,Trung bình,Dài hạn
1928,129,Linkin Park,In the End,22,99,35,9926744,False,-30,Trung bình,Dài hạn
1929,130,Morgan Wallen,Last Night,14,133,55,9922391,False,3,Trung bình,Dài hạn
1930,131,Keane,Somewhere Only We Know,80,132,72,9887148,False,1,Trung bình,Dài hạn
1931,132,J. Cole,No Role Modelz,76,130,137,9851218,False,-2,Trung bình,Dài hạn
1932,133,"The Weeknd, Lana Del Rey",Stargirl Interlude,92,96,84,9850211,False,-37,Trung bình,Dài hạn
1933,134,Tears For Fears,Everybody Wants To Rule The World,91,116,76,9820303,False,-18,Trung bình,Dài hạn
1934,135,Imagine Dragons,Demons,111,128,67,9776019,False,-7,Trung bình,Dài hạn
1935,136,Kanye West,Father Stretch My Hands Pt. 1,78,84,14,9749533,False,-52,Trung bình,Dài hạn
1936,137,"¥$, Kanye West, Ty Dolla $ign",FUK SUMN,17,97,4,9746138,False,-40,Trung bình,Ngắn hạn
1937,138,Myke Towers,LALA,1,120,36,9675733,False,-18,Trung bình,Dài hạn
1938,139,Gunna,fukumean,9,125,38,9660498,False,-14,Thấp,Dài hạn
1939,140,Bruno Mars,When I Was Your Man,38,57,79,9616275,False,-83,Thấp,Dài hạn
1940,141,"Jung Kook, Jack Harlow",3D (feat. Jack Harlow),3,122,23,9574867,False,-19,Thấp,Dài hạn
1941,142,"The Chainsmokers, Coldplay",Something Just Like This,2,-1,197,9570767,True,-143,Thấp,Dài hạn
1942,143,"Macklemore, Ryan Lewis, Macklemore & Ryan Lewis, Ray Dalton",Can't Hold Us (feat. Ray Dalton),86,-1,104,9509608,True,-144,Thấp,Dài hạn
1943,144,Taylor Swift,august,11,149,56,9328828,False,5,Thấp,Dài hạn
1944,145,Lil Tecca,500lbs,89,117,20,9326879,False,-28,Thấp,Dài hạn
1945,146,Arctic Monkeys,Why'd You Only Call Me When You're High?,95,148,117,9295286,False,2,Thấp,Dài hạn
1946,147,The Weeknd,Save Your Tears,2,137,164,9281845,False,-10,Thấp,Dài hạn
1947,148,"Jere Klein, Gittobeatz",ANDO,99,143,14,9256154,False,-5,Thấp,Dài hạn
1948,149,Imagine Dragons,Believer,16,150,366,9243910,False,1,Thấp,Dài hạn
1949,150,"Metro Boomin, The Weeknd, 21 Savage",Creepin' (with The Weeknd & 21 Savage),2,141,66,9233572,False,-9,Thấp,Dài hạn
1950,151,"Rema, Selena Gomez",Calm Down (with Selena Gomez),9,152,80,9232597,False,1,Thấp,Dài hạn
1951,152,"Drake, Yeat",IDGAF (feat. Yeat),5,138,22,9195113,False,-14,Thấp,Dài hạn
1952,153,Coldplay,Sparks,153,-1,9,9183083,True,-154,Thấp,Trung hạn
1953,154,Eminem,Mockingbird,24,145,73,9170264,False,-9,Thấp,Dài hạn
1954,155,Lana Del Rey,Summertime Sadness,83,144,82,9169771,False,-11,Thấp,Dài hạn
1955,156,"Xavi, Los Dareyes De La Sierra",Poco A Poco,69,126,11,9158008,False,-30,Thấp,Trung hạn
1956,157,"USHER, Lil Jon, Ludacris",Yeah! (feat. Lil Jon & Ludacris),74,188,4,9156183,False,31,Thấp,Ngắn hạn
1957,158,Ed Sheeran,Perfect,4,157,362,9145949,False,-1,Thấp,Dài hạn
1958,159,Arctic Monkeys,505,43,162,113,9116856,False,3,Thấp,Dài hạn
1959,160,Quevedo,Columbia,7,140,35,9108416,False,-20,Thấp,Dài hạn
1960,161,"Don Omar, Lucenzo",Danza Kuduro,104,159,24,9066585,False,-2,Thấp,Dài hạn
1961,162,Glass Animals,Heat Waves,1,161,163,9052730,False,-1,Thấp,Dài hạn
1962,163,Carin Leon,Primera Cita,21,147,36,9027196,False,-16,Thấp,Dài hạn
1963,164,Harry Styles,Watermelon Sugar,4,-1,204,9021545,True,-165,Thấp,Dài hạn
1964,165,Junior H,Y LLORO,55,153,22,9007121,False,-12,Thấp,Dài hạn
1965,166,Linkin Park,Numb,34,-1,14,8981876,True,-167,Thấp,Dài hạn
1966,167,"The Kid LAROI, Justin Bieber",STAY (with Justin Bieber),1,155,138,8975508,False,-12,Thấp,Dài hạn
1967,168,Fuerza Regida,TÚ NAME,168,-1,1,8961928,True,-169,Thấp,Ngắn hạn
1968,169,"Elton John, Dua Lipa, PNAU",Cold Heart - PNAU Remix,4,170,128,8923987,False,1,Thấp,Dài hạn
1969,170,"French Montana, Swae Lee",Unforgettable,3,-1,79,8902993,True,-171,Thấp,Dài hạn
1970,171,KAROL G,MI EX TENÍA RAZÓN,22,160,27,8867781,False,-11,Thấp,Dài hạn
1971,172,Joost,Europapa,172,-1,1,8867556,True,-173,Thấp,Ngắn hạn
1972,173,"Feid, Young Miko",CLASSY 101,8,156,49,8780432,False,-17,Thấp,Dài hạn
1973,174,"Grupo Frontera, Grupo Firme",EL AMOR DE SU VIDA,47,154,31,8778056,False,-20,Thấp,Dài hạn
1974,175,4batz,act ii: date @ 8,132,-1,5,8767362,True,-176,Thấp,Trung hạn
1975,176,BENNETT,Vois sur ton chemin - Techno Mix,85,-1,17,8700564,True,-177,Thấp,Dài hạn
1976,177,Radiohead,Creep,143,192,33,8694342,False,15,Thấp,Dài hạn
1977,178,Conan Gray,Heather,12,166,152,8651739,False,-12,Thấp,Dài hạn
1978,179,"Kanye West, Dwele",Flashing Lights,121,146,24,8641174,False,-33,Thấp,Dài hạn
1979,180,Arctic Monkeys,Do I Wanna Know?,98,169,127,8635038,False,-11,Thấp,Dài hạn
1980,181,"Peso Pluma, Gabito Ballesteros, Junior H",LADY GAGA,9,151,37,8627175,False,-30,Thấp,Dài hạn
1981,182,"Kendrick Lamar, SZA",All The Stars (with SZA),2,165,46,8577541,False,-17,Thấp,Dài hạn
1982,183,The Weeknd,The Hills,52,167,98,8533665,False,-16,Thấp,Dài hạn
1983,184,"Ofenbach, Norma Jean Martine",Overdrive (feat. Norma Jean Martine),184,190,3,8528867,False,6,Thấp,Ngắn hạn
1984,185,Bad Bunny,MONACO,1,163,21,8448534,False,-22,Thấp,Dài hạn
1985,186,"Calle 24, Chino Pacas",Apaga El Cel,171,178,5,8435553,False,-8,Thấp,Trung hạn
1986,187,Hozier,Take Me To Church,108,198,131,8431966,False,11,Thấp,Dài hạn
1987,188,"Stephen Sanchez, Em Beihold",Until I Found You (with Em Beihold) - Em Beihold Version,10,175,62,8431555,False,-13,Thấp,Dài hạn
1988,189,Steve Lacy,Dark Red,66,197,116,8405996,False,8,Thấp,Dài hạn
1989,190,Maroon 5,Maps,171,171,10,8398328,False,-19,Thấp,Trung hạn
1990,191,New West,Those Eyes,86,181,49,8394748,False,-10,Thấp,Dài hạn
1991,192,Tory Lanez,The Color Violet,70,-1,54,8391351,True,-193,Thấp,Dài hạn
1992,193,"Dimitri Vegas & Like Mike, Tiësto, Dido, W&W, Dimitri Vegas, Like Mike",Thank You (Not So Bad),189,189,2,8364439,False,-4,Thấp,Ngắn hạn
1993,194,Imagine Dragons,Bones,26,200,96,8332846,False,6,Thấp,Dài hạn
1994,195,The Killers,Mr. Brightside,94,-1,125,8271408,True,-196,Thấp,Dài hạn
1995,196,d4vd,Here With Me,14,-1,69,8254383,True,-197,Thấp,Dài hạn
1996,197,Lazza,100 MESSAGGI,197,-1,1,8249034,True,-198,Thấp,Ngắn hạn
1997,198,Miley Cyrus,Angels Like You,24,-1,34,8245378,True,-199,Thấp,Dài hạn
1998,199,Avicii,Wake Me Up,13,187,96,8238827,False,-12,Thấp,Dài hạn
1999,200,Bill Withers,Ain't No Sunshine,200,-1,1,8230254,True,-201,Thấp,Ngắn hạn
2000,1,Ariana Grande,we can't be friends (wait for your love),1,-1,1,55652372,True,-2,Rất cao,Ngắn hạn
2001,2,Benson Boone,Beautiful Things,1,1,8,52771629,False,-1,Rất cao,Trung hạn
2002,3,Djo,End of Beginning,3,3,4,48457061,False,0,Rất cao,Ngắn hạn
2003,4,"¥$, Kanye West, Ty Dolla $ign",CARNIVAL,2,2,5,41902114,False,-2,Rất cao,Trung hạn
2004,5,Tate McRae,greedy,1,4,26,35854155,False,-1,Rất cao,Dài hạn
2005,6,Ariana Grande,"yes, and?",1,30,9,32693139,False,24,Rất cao,Trung hạn
2006,7,Taylor Swift,Cruel Summer,2,6,58,32460049,False,-1,Rất cao,Dài hạn
2007,8,Teddy Swims,Lose Control,7,7,18,31900627,False,-1,Rất cao,Dài hạn
2008,9,Beyoncé,TEXAS HOLD 'EM,2,5,5,29694951,False,-4,Rất cao,Trung hạn
2009,10,"The Weeknd, JENNIE, Lily-Rose Depp","One Of The Girls (with JENNIE, Lily Rose Depp)",3,8,23,28353800,False,-2,Rất cao,Dài hạn
2010,11,Ariana Grande,the boy is mine,11,-1,1,27666920,True,-12,Rất cao,Ngắn hạn
2011,12,"FloyyMenor, Cris Mj",Gata Only,12,13,5,27643145,False,1,Rất cao,Trung hạn
2012,13,Ariana Grande,bye,13,-1,1,27015821,True,-14,Rất cao,Ngắn hạn
2013,14,Mitski,My Love Mine All Mine,3,9,25,26069807,False,-5,Rất cao,Dài hạn
2014,15,Ariana Grande,eternal sunshine,15,-1,1,25640457,True,-16,Rất cao,Ngắn hạn
2015,16,Xavi,La Diabla,1,10,14,25620761,False,-6,Rất cao,Dài hạn
2016,17,Noah Kahan,Stick Season,6,11,23,24267687,False,-6,Rất cao,Dài hạn
2017,18,Ariana Grande,supernatural,18,-1,1,23652426,True,-19,Rất cao,Ngắn hạn
2018,19,"Feid, ATL Jacob",LUNA,9,14,14,23120068,False,-5,Rất cao,Dài hạn
2019,20,Ariana Grande,don't wanna break up again,20,-1,1,23023948,True,-21,Rất cao,Ngắn hạn
2020,21,21 Savage,redrum,8,12,9,22964148,False,-9,Rất cao,Trung hạn
2021,22,SZA,Saturn,17,18,3,22157048,False,-4,Rất cao,Ngắn hạn
2022,23,"Travis Scott, Playboi Carti",FE!N (feat. Playboi Carti),5,19,26,22017356,False,-4,Rất cao,Dài hạn
2023,24,Ariana Grande,true story,24,-1,1,21523456,True,-25,Rất cao,Ngắn hạn
2024,25,Ariana Grande,intro (end of the world),25,-1,1,21134707,True,-26,Rất cao,Ngắn hạn
2025,26,Jack Harlow,Lovin On Me,3,15,18,20658105,False,-11,Rất cao,Dài hạn
2026,27,Natasha Bedingfield,Unwritten,16,17,9,20187166,False,-10,Rất cao,Trung hạn
2027,28,Ariana Grande,i wish i hated you,28,-1,1,19417123,True,-29,Rất cao,Ngắn hạn
2028,29,Arctic Monkeys,I Wanna Be Yours,15,20,88,19124209,False,-9,Rất cao,Dài hạn
2029,30,YG Marley,Praise Jah In The Moonlight,13,16,7,18965395,False,-14,Rất cao,Trung hạn
2030,31,Dua Lipa,Houdini,6,22,18,18528287,False,-9,Rất cao,Dài hạn
2031,32,Myke Towers,LA FALDA,24,26,11,18488351,False,-6,Rất cao,Trung hạn
2032,33,Ariana Grande,imperfect for you,33,-1,1,18183455,True,-34,Rất cao,Ngắn hạn
2033,34,Xavi,La Víctima,8,21,16,17682856,False,-13,Rất cao,Dài hạn
2034,35,Tyla,Water,12,27,25,17350528,False,-8,Rất cao,Dài hạn
2035,36,Dua Lipa,Training Season,15,23,4,17145997,False,-13,Rất cao,Ngắn hạn
2036,37,"Bad Bunny, Feid",PERRO NEGRO,4,24,22,17100863,False,-13,Rất cao,Dài hạn
2037,38,Billie Eilish,"What Was I Made For? [From The Motion Picture ""Barbie""]",3,46,35,17087301,False,8,Rất cao,Dài hạn
2038,39,Kenya Grace,Strangers,4,33,28,16843609,False,-6,Rất cao,Dài hạn
2039,40,Lord Huron,The Night We Met,28,29,73,16754218,False,-11,Rất cao,Dài hạn
2040,41,"Jung Kook, Latto",Seven (feat. Latto) (Explicit Ver.),1,28,35,16586701,False,-13,Rất cao,Dài hạn
2041,42,Bryson Tiller,Whatever She Wants,38,38,3,16384038,False,-4,Rất cao,Ngắn hạn
2042,43,Miley Cyrus,Flowers,1,31,61,16228016,False,-12,Rất cao,Dài hạn
2043,44,"KAROL G, Peso Pluma",QLONA,5,32,31,16136739,False,-12,Rất cao,Dài hạn
2044,45,"The Weeknd, Playboi Carti, Madonna",Popular (with Playboi Carti & Madonna),12,25,41,16022952,False,-20,Rất cao,Dài hạn
2045,46,"Zach Bryan, Kacey Musgraves",I Remember Everything (feat. Kacey Musgraves),20,36,29,15963306,False,-10,Rất cao,Dài hạn
2046,47,"The Weeknd, Daft Punk",Starboy,1,34,180,15946215,False,-13,Rất cao,Dài hạn
2047,48,Ariana Grande,Saturn Returns Interlude,48,-1,1,15912093,True,-49,Rất cao,Ngắn hạn
2048,49,Olivia Rodrigo,vampire,1,35,37,15441597,False,-14,Rất cao,Dài hạn
2049,50,"Ariana Grande, Nonna",ordinary things (feat. Nonna),50,-1,1,14784408,True,-51,Cao,Ngắn hạn
2050,51,Michael Marcagi,Scared To Start,51,80,6,14628050,False,29,Cao,Trung hạn
2051,52,Flo Milli,Never Lose Me,25,41,9,14593621,False,-11,Cao,Trung hạn
2052,53,"Natanael Cano, Oscar Maydon",Madonna,53,-1,1,14542868,True,-54,Cao,Ngắn hạn
2053,54,Jung Kook,Standing Next to You,1,45,18,14507998,False,-9,Cao,Dài hạn
2054,55,"4batz, Drake",act ii: date @ 8 (feat. Drake) - remix,55,-1,1,14488042,True,-56,Cao,Ngắn hạn
2055,56,Harry Styles,As It Was,1,43,102,14408951,False,-13,Cao,Dài hạn
2056,57,Doja Cat,Paint The Town Red,1,37,32,14342308,False,-20,Cao,Dài hạn
2057,58,Sabrina Carpenter,Feather,34,51,15,14301268,False,-7,Cao,Dài hạn
2058,59,Rich Amiri,ONE CALL,42,42,7,14273412,False,-17,Cao,Trung hạn
2059,60,Bruno Mars,Locked out of Heaven,39,50,92,14157683,False,-10,Cao,Dài hạn
2060,61,SZA,Snooze,27,39,64,14076209,False,-22,Cao,Dài hạn
2061,62,"Maluma, Carin Leon",Según Quién,17,49,26,14070259,False,-13,Cao,Dài hạn
2062,63,Coldplay,Viva La Vida,53,53,81,13891288,False,-10,Cao,Dài hạn
2063,64,David Kushner,Daylight,5,40,48,13854604,False,-24,Cao,Dài hạn
2064,65,"Calle 24, Chino Pacas, Fuerza Regida",Que Onda,16,56,28,13842685,False,-9,Cao,Dài hạn
2065,66,Jimin,Like Crazy,15,64,51,13606714,False,-2,Cao,Dài hạn
2066,67,"KAROL G, Tiësto",CONTIGO (with Tiësto),28,44,4,13137132,False,-23,Cao,Ngắn hạn
2067,68,Taylor Swift,Lover,2,54,58,13122423,False,-14,Cao,Dài hạn
2068,69,Sophie Ellis-Bextor,Murder On The Dancefloor,13,55,11,13040049,False,-14,Cao,Trung hạn
2069,70,Richy Mitch & The Coal Miners,Evergreen,70,81,9,12859017,False,11,Cao,Trung hạn
2070,71,The Weeknd,Die For You,12,60,109,12807206,False,-11,Cao,Dài hạn
2071,72,Creepy Nuts,Bling-Bang-Bang-Born,57,74,9,12804912,False,2,Cao,Trung hạn
2072,73,The Weeknd,Blinding Lights,1,57,224,12678182,False,-16,Cao,Dài hạn
2073,74,Doja Cat,Agora Hills,16,58,25,12521955,False,-16,Cao,Dài hạn
2074,75,"Fuerza Regida, Marshmello",HARLEY QUINN,11,63,20,12508928,False,-12,Cao,Dài hạn
2075,76,Taylor Swift,Anti-Hero,1,61,73,12429198,False,-15,Cao,Dài hạn
2076,77,Coldplay,Yellow,36,65,169,12389001,False,-12,Cao,Dài hạn
2077,78,Good Neighbours,Home,68,71,6,12357953,False,-7,Cao,Trung hạn
2078,79,"Peso Pluma, Anitta",BELLAKEO,10,47,14,12349419,False,-32,Cao,Dài hạn
2079,80,Lewis Capaldi,Someone You Loved,4,67,270,12294212,False,-13,Cao,Dài hạn
2080,81,SZA,Kill Bill,1,62,66,12065372,False,-19,Cao,Dài hạn
2081,82,Tom Odell,Another Love,15,72,153,12028494,False,-10,Cao,Dài hạn
2082,83,"David Guetta, Bebe Rexha",I'm Good (Blue),2,87,81,11953305,False,4,Cao,Dài hạn
2083,84,LE SSERAFIM,Smart,84,104,3,11947662,False,20,Cao,Ngắn hạn
2084,85,Manuel Turizo,La Bachata,4,90,89,11945057,False,5,Cao,Dài hạn
2085,86,The Neighbourhood,Sweater Weather,19,73,185,11939330,False,-13,Cao,Dài hạn
2086,87,"cassö, RAYE, D-Block Europe",Prada,17,68,30,11915909,False,-19,Cao,Dài hạn
2087,88,"Drake, Sexyy Red, SZA",Rich Baby Daddy (feat. Sexyy Red & SZA),28,69,22,11676440,False,-19,Cao,Dài hạn
2088,89,Cigarettes After Sex,Apocalypse,79,79,87,11617656,False,-10,Cao,Dài hạn
2089,90,"Kali Uchis, Peso Pluma",Igual Que Un Ángel (with Peso Pluma),11,48,9,11608245,False,-42,Cao,Trung hạn
2090,91,"Drake, Wizkid, Kyla",One Dance,12,86,185,11593294,False,-5,Cao,Dài hạn
2091,92,"Post Malone, Swae Lee",Sunflower - Spider-Man: Into the Spider-Verse,1,88,275,11524974,False,-4,Cao,Dài hạn
2092,93,OneRepublic,I Ain't Worried,7,93,93,11427635,False,0,Cao,Dài hạn
2093,94,Travis Scott,I KNOW ?,14,77,33,11406961,False,-17,Cao,Dài hạn
2094,95,Dua Lipa,Dance The Night - From Barbie The Album,5,75,42,11392949,False,-20,Cao,Dài hạn
2095,96,Yeat,Breathe,77,78,4,11289062,False,-18,Cao,Ngắn hạn
2096,97,"¥$, Kanye West, Ty Dolla $ign",BURN,21,52,5,11274579,False,-45,Cao,Trung hạn
2097,98,LE SSERAFIM,EASY,55,70,3,11235252,False,-28,Trung bình,Ngắn hạn
2098,99,Vance Joy,Riptide,30,82,161,11208199,False,-17,Trung bình,Dài hạn
2099,100,Travis Scott,MY EYES,15,76,18,11195607,False,-24,Trung bình,Dài hạn
2100,101,The Walters,I Love You So,21,109,96,11110597,False,8,Trung bình,Dài hạn
2101,102,Taylor Swift,cardigan,1,83,64,11097916,False,-19,Trung bình,Dài hạn
2102,103,"Oscar Ortiz, Edgardo Nuñez",FIRST LOVE,41,59,9,11062976,False,-44,Trung bình,Trung hạn
2103,104,Tate McRae,exes,26,85,17,11050040,False,-19,Trung bình,Dài hạn
2104,105,James Arthur,Say You Won't Let Go,7,108,297,11033550,False,3,Trung bình,Dài hạn
2105,106,Frank Ocean,Pink + White,69,92,43,10964450,False,-14,Trung bình,Dài hạn
2106,107,a-ha,Take on Me,83,99,30,10897291,False,-8,Trung bình,Dài hạn
2107,108,One Direction,Night Changes,108,110,72,10845730,False,2,Trung bình,Dài hạn
2108,109,KAROL G,AMARGURA,53,98,43,10732612,False,-11,Trung bình,Dài hạn
2109,110,"JID, 21 Savage, Baby Tate",Surround Sound (feat. 21 Savage & Baby Tate),34,84,17,10731537,False,-26,Trung bình,Dài hạn
2110,111,Hotel Ugly,Shut up My Moms Calling,82,116,62,10708942,False,5,Trung bình,Dài hạn
2111,112,Sabrina Carpenter,Nonsense,17,121,60,10704189,False,9,Trung bình,Dài hạn
2112,113,OneRepublic,Counting Stars,86,101,152,10672919,False,-12,Trung bình,Dài hạn
2113,114,The Goo Goo Dolls,Iris,93,113,33,10613358,False,-1,Trung bình,Dài hạn
2114,115,"Kygo, Ava Max",Whatever,92,102,8,10504518,False,-13,Trung bình,Trung hạn
2115,116,iñigo quintero,Si No Estás,1,103,25,10487947,False,-13,Trung bình,Dài hạn
2116,117,Kanye West,Heartless,76,94,36,10448950,False,-23,Trung bình,Dài hạn
2117,118,"Tyler, The Creator, Kali Uchis",See You Again (feat. Kali Uchis),16,111,55,10396094,False,-7,Trung bình,Dài hạn
2118,119,Creedence Clearwater Revival,Have You Ever Seen The Rain,91,96,30,10367112,False,-23,Trung bình,Dài hạn
2119,120,Bruno Mars,That's What I Like,6,128,100,10356344,False,8,Trung bình,Dài hạn
2120,121,The Police,Every Breath You Take,77,107,118,10354483,False,-14,Trung bình,Dài hạn
2121,122,V,Love Me Again,11,112,31,10352130,False,-10,Trung bình,Dài hạn
2122,123,"Mesita, Nicki Nicole, Tiago PZK, Emilia",Una Foto Remix (feat. Emilia),58,91,9,10332470,False,-32,Trung bình,Trung hạn
2123,124,Taylor Swift,Is It Over Now? (Taylor's Version) (From The Vault),1,97,20,10316350,False,-27,Trung bình,Dài hạn
2124,125,"Rihanna, Calvin Harris",We Found Love,59,105,54,10305619,False,-20,Trung bình,Dài hạn
2125,126,TV Girl,Lovers Rock,100,122,38,10266228,False,-4,Trung bình,Dài hạn
2126,127,Dasha,Austin (Boots Stop Workin'),127,-1,1,10228356,True,-128,Trung bình,Ngắn hạn
2127,128,Ruth B.,Dandelions,34,115,132,10215547,False,-13,Trung bình,Dài hạn
2128,129,Travis Scott,goosebumps,13,118,238,10205241,False,-11,Trung bình,Dài hạn
2129,130,Zach Bryan,Something in the Orange,57,127,62,10203051,False,-3,Trung bình,Dài hạn
2130,131,Bruno Mars,Just the Way You Are,39,95,63,10192863,False,-36,Trung bình,Dài hạn
2131,132,"The Chainsmokers, Coldplay",Something Just Like This,2,142,198,10178227,False,10,Trung bình,Dài hạn
2132,133,Muni Long,Made For Me,106,106,4,10176380,False,-27,Trung bình,Ngắn hạn
2133,134,"Billie Eilish, Khalid",lovely (with Khalid),24,123,308,10117911,False,-11,Trung bình,Dài hạn
2134,135,Eminem,Without Me,31,125,129,10030815,False,-10,Trung bình,Dài hạn
2135,136,Fuerza Regida,TÚ NAME,136,168,2,10027573,False,32,Trung bình,Ngắn hạn
2136,137,Linkin Park,In the End,22,129,36,9941249,False,-8,Trung bình,Dài hạn
2137,138,"Trueno, Nicki Nicole, Bizarrap, Taiu, TATOOL",Mamichula - con Nicki Nicole,37,66,18,9922268,False,-72,Trung bình,Dài hạn
2138,139,Imagine Dragons,Demons,111,135,68,9873221,False,-4,Trung bình,Dài hạn
2139,140,Justin Bieber,Ghost,11,114,127,9823468,False,-26,Trung bình,Dài hạn
2140,141,"The Weeknd, Lana Del Rey",Stargirl Interlude,92,133,85,9797941,False,-8,Trung bình,Dài hạn
2141,142,Julión Álvarez y su Norteño Banda,Regalo De Dios,100,100,4,9789136,False,-42,Trung bình,Ngắn hạn
2142,143,Taylor Swift,Don’t Blame Me,71,119,82,9750473,False,-24,Trung bình,Dài hạn
2143,144,"Bizarrap, Young Miko","Young Miko: Bzrp Music Sessions, Vol. 58",12,89,9,9742719,False,-55,Trung bình,Trung hạn
2144,145,"French Montana, Swae Lee",Unforgettable,3,170,80,9653573,False,25,Thấp,Dài hạn
2145,146,Adele,Set Fire to the Rain,61,120,65,9597898,False,-26,Thấp,Dài hạn
2146,147,Morgan Wallen,Last Night,14,130,56,9574177,False,-17,Thấp,Dài hạn
2147,148,J. Cole,No Role Modelz,76,132,138,9563766,False,-16,Thấp,Dài hạn
2148,149,"Macklemore, Ryan Lewis, Macklemore & Ryan Lewis, Ray Dalton",Can't Hold Us (feat. Ray Dalton),86,143,105,9526547,False,-6,Thấp,Dài hạn
2149,150,Tears For Fears,Everybody Wants To Rule The World,91,134,77,9520583,False,-16,Thấp,Dài hạn
2150,151,4batz,act ii: date @ 8,132,175,6,9423508,False,24,Thấp,Trung hạn
2151,152,Kanye West,Father Stretch My Hands Pt. 1,78,136,15,9415380,False,-16,Thấp,Dài hạn
2152,153,Keane,Somewhere Only We Know,80,131,73,9407361,False,-22,Thấp,Dài hạn
2153,154,Harry Styles,Watermelon Sugar,4,164,205,9388915,False,10,Thấp,Dài hạn
2154,155,"Xavi, Los Dareyes De La Sierra",Poco A Poco,69,156,12,9349786,False,1,Thấp,Trung hạn
2155,156,Coldplay,Sparks,153,153,10,9299430,False,-3,Thấp,Trung hạn
2156,157,d4vd,Romantic Homicide,17,117,80,9246103,False,-40,Thấp,Dài hạn
2157,158,Arctic Monkeys,505,43,159,114,9228903,False,1,Thấp,Dài hạn
2158,159,Bruno Mars,When I Was Your Man,38,140,80,9166217,False,-19,Thấp,Dài hạn
2159,160,Eminem,Mockingbird,24,154,74,9154322,False,-6,Thấp,Dài hạn
2160,161,Myke Towers,LALA,1,138,37,9125904,False,-23,Thấp,Dài hạn
2161,162,"Jung Kook, Jack Harlow",3D (feat. Jack Harlow),3,141,24,9124049,False,-21,Thấp,Dài hạn
2162,163,Gunna,fukumean,9,139,39,9122701,False,-24,Thấp,Dài hạn
2163,164,"Grupo Frontera, Grupo Firme",EL AMOR DE SU VIDA,47,174,32,9112522,False,10,Thấp,Dài hạn
2164,165,Linkin Park,Numb,34,166,15,9108960,False,1,Thấp,Dài hạn
2165,166,"Elton John, Dua Lipa, PNAU",Cold Heart - PNAU Remix,4,169,129,9090423,False,3,Thấp,Dài hạn
2166,167,Imagine Dragons,Believer,16,149,367,9090164,False,-18,Thấp,Dài hạn
2167,168,Lana Del Rey,Summertime Sadness,83,155,83,9076208,False,-13,Thấp,Dài hạn
2168,169,"Jere Klein, Gittobeatz",ANDO,99,148,15,9062388,False,-21,Thấp,Dài hạn
2169,170,"Don Omar, Lucenzo",Danza Kuduro,104,161,25,9033589,False,-9,Thấp,Dài hạn
2170,171,The Weeknd,Save Your Tears,2,147,165,9017135,False,-24,Thấp,Dài hạn
2171,172,Arctic Monkeys,Why'd You Only Call Me When You're High?,95,146,118,9000933,False,-26,Thấp,Dài hạn
2172,173,Taylor Swift,august,11,144,57,8983811,False,-29,Thấp,Dài hạn
2173,174,Ed Sheeran,Perfect,4,158,363,8929035,False,-16,Thấp,Dài hạn
2174,175,Madison Beer,Make You Mine,175,-1,1,8919921,True,-176,Thấp,Ngắn hạn
2175,176,"USHER, Lil Jon, Ludacris",Yeah! (feat. Lil Jon & Ludacris),74,157,5,8855363,False,-19,Thấp,Trung hạn
2176,177,"Rema, Selena Gomez",Calm Down (with Selena Gomez),9,151,81,8839460,False,-26,Thấp,Dài hạn
2177,178,Plan B,Es un Secreto,157,-1,22,8806768,True,-179,Thấp,Dài hạn
2178,179,"Eugenio Esquivel, Grupo Marca Registrada, Sebastian Esquivel, Los Esquivel",Alucin,60,126,11,8781999,False,-53,Thấp,Trung hạn
2179,180,"Feid, Young Miko",CLASSY 101,8,173,50,8773878,False,-7,Thấp,Dài hạn
2180,181,Glass Animals,Heat Waves,1,162,164,8773695,False,-19,Thấp,Dài hạn
2181,182,KAROL G,MI EX TENÍA RAZÓN,22,171,28,8729877,False,-11,Thấp,Dài hạn
2182,183,"Ofenbach, Norma Jean Martine",Overdrive (feat. Norma Jean Martine),183,184,4,8708180,False,1,Thấp,Ngắn hạn
2183,184,"Metro Boomin, The Weeknd, 21 Savage",Creepin' (with The Weeknd & 21 Savage),2,150,67,8691283,False,-34,Thấp,Dài hạn
2184,185,Hozier,Take Me To Church,108,187,132,8663381,False,2,Thấp,Dài hạn
2185,186,Maroon 5,Maps,171,190,11,8657503,False,4,Thấp,Trung hạn
2186,187,Junior H,Y LLORO,55,165,23,8656796,False,-22,Thấp,Dài hạn
2187,188,Junior H,ROCKSTAR,188,-1,1,8559949,True,-189,Thấp,Ngắn hạn
2188,189,"Kanye West, Dwele",Flashing Lights,121,179,25,8543137,False,-10,Thấp,Dài hạn
2189,190,"Dimitri Vegas & Like Mike, Tiësto, Dido, W&W, Dimitri Vegas, Like Mike",Thank You (Not So Bad),189,193,3,8534120,False,3,Thấp,Ngắn hạn
2190,191,Arctic Monkeys,Do I Wanna Know?,98,180,128,8510559,False,-11,Thấp,Dài hạn
2191,192,Conan Gray,Heather,12,178,153,8500806,False,-14,Thấp,Dài hạn
2192,193,Sia,Unstoppable,96,-1,74,8494639,True,-194,Thấp,Dài hạn
2193,194,Carin Leon,Primera Cita,21,163,37,8489676,False,-31,Thấp,Dài hạn
2194,195,The Neighbourhood,Softcore,35,-1,38,8488572,True,-196,Thấp,Dài hạn
2195,196,The Weeknd,The Hills,52,183,99,8481276,False,-13,Thấp,Dài hạn
2196,197,"Oscar Maydon, Gabito Ballesteros, Chino Pacas",Elvira,197,-1,1,8463058,True,-198,Thấp,Ngắn hạn
2197,198,BENNETT,Vois sur ton chemin - Techno Mix,85,176,18,8455658,False,-22,Thấp,Dài hạn
2198,199,Lil Tecca,500lbs,89,145,21,8455530,False,-54,Thấp,Dài hạn
2199,200,"Drake, Yeat",IDGAF (feat. Yeat),5,152,23,8383333,False,-48,Thấp,Dài hạn
2200,1,Ariana Grande,we can't be friends (wait for your love),1,1,2,60418741,False,0,Rất cao,Ngắn hạn
2201,2,Benson Boone,Beautiful Things,1,2,9,55367126,False,0,Rất cao,Trung hạn
2202,3,Djo,End of Beginning,3,3,5,52750997,False,0,Rất cao,Trung hạn
2203,4,"¥$, Kanye West, Ty Dolla $ign",CARNIVAL,2,4,6,38774508,False,0,Rất cao,Trung hạn
2204,5,Teddy Swims,Lose Control,5,8,19,33398917,False,3,Rất cao,Dài hạn
2205,6,Tate McRae,greedy,1,5,27,33384747,False,-1,Rất cao,Dài hạn
2206,7,Taylor Swift,Cruel Summer,2,7,59,30917426,False,0,Rất cao,Dài hạn
2207,8,"FloyyMenor, Cris Mj",Gata Only,8,12,6,29413791,False,4,Rất cao,Trung hạn
2208,9,Beyoncé,TEXAS HOLD 'EM,2,9,6,27044490,False,0,Rất cao,Trung hạn
2209,10,"The Weeknd, JENNIE, Lily-Rose Depp","One Of The Girls (with JENNIE, Lily Rose Depp)",3,10,24,26861469,False,0,Rất cao,Dài hạn
2210,11,Mitski,My Love Mine All Mine,3,14,26,24777120,False,3,Rất cao,Dài hạn
2211,12,Noah Kahan,Stick Season,6,17,24,24225119,False,5,Rất cao,Dài hạn
2212,13,Xavi,La Diabla,1,16,15,24203096,False,3,Rất cao,Dài hạn
2213,14,"Feid, ATL Jacob",LUNA,9,19,15,23684757,False,5,Rất cao,Dài hạn
2214,15,V,FRI(END)S,15,-1,1,22994290,True,-16,Rất cao,Ngắn hạn
2215,16,Ariana Grande,"yes, and?",1,6,10,22044042,False,-10,Rất cao,Trung hạn
2216,17,21 Savage,redrum,8,21,10,20994014,False,4,Rất cao,Trung hạn
2217,18,Ariana Grande,the boy is mine,11,11,2,20753404,False,-7,Rất cao,Ngắn hạn
2218,19,SZA,Saturn,17,22,4,20471682,False,3,Rất cao,Ngắn hạn
2219,20,"Travis Scott, Playboi Carti",FE!N (feat. Playboi Carti),5,23,27,19621431,False,3,Rất cao,Dài hạn
2220,21,"Natanael Cano, Oscar Maydon",Madonna,21,53,2,19024913,False,32,Rất cao,Ngắn hạn
2221,22,Jack Harlow,Lovin On Me,3,26,19,18855701,False,4,Rất cao,Dài hạn
2222,23,Arctic Monkeys,I Wanna Be Yours,15,29,89,18394392,False,6,Rất cao,Dài hạn
2223,24,Natasha Bedingfield,Unwritten,16,27,10,18115939,False,3,Rất cao,Trung hạn
2224,25,Myke Towers,LA FALDA,24,32,12,17995638,False,7,Rất cao,Trung hạn
2225,26,Dua Lipa,Houdini,6,31,19,17733036,False,5,Rất cao,Dài hạn
2226,27,Xavi,La Víctima,8,34,17,17112803,False,7,Rất cao,Dài hạn
2227,28,Dua Lipa,Training Season,15,36,5,16973341,False,8,Rất cao,Trung hạn
2228,29,Tyla,Water,12,35,26,16949140,False,6,Rất cao,Dài hạn
2229,30,Lord Huron,The Night We Met,28,40,74,16677263,False,10,Rất cao,Dài hạn
2230,31,"Jung Kook, Latto",Seven (feat. Latto) (Explicit Ver.),1,41,36,16631003,False,10,Rất cao,Dài hạn
2231,32,Billie Eilish,"What Was I Made For? [From The Motion Picture ""Barbie""]",3,38,36,16615938,False,6,Rất cao,Dài hạn
2232,33,Ariana Grande,bye,13,13,2,16556139,False,-20,Rất cao,Ngắn hạn
2233,34,"Bad Bunny, Feid",PERRO NEGRO,4,37,23,16436219,False,3,Rất cao,Dài hạn
2234,35,YG Marley,Praise Jah In The Moonlight,13,30,8,16431206,False,-5,Rất cao,Trung hạn
2235,36,Michael Marcagi,Scared To Start,36,51,7,16370630,False,15,Rất cao,Trung hạn
2236,37,"Zach Bryan, Kacey Musgraves",I Remember Everything (feat. Kacey Musgraves),20,46,30,16195597,False,9,Rất cao,Dài hạn
2237,38,Kenya Grace,Strangers,4,39,29,16163697,False,1,Rất cao,Dài hạn
2238,39,Ariana Grande,eternal sunshine,15,15,2,16006006,False,-24,Rất cao,Ngắn hạn
2239,40,"The Weeknd, Daft Punk",Starboy,1,47,181,15863939,False,7,Rất cao,Dài hạn
2240,41,Zeynep Bastık,Lan,41,-1,1,15649653,True,-42,Rất cao,Ngắn hạn
2241,42,"KAROL G, Peso Pluma",QLONA,5,44,32,15605071,False,2,Rất cao,Dài hạn
2242,43,Bryson Tiller,Whatever She Wants,38,42,4,15593249,False,-1,Rất cao,Ngắn hạn
2243,44,Jimin,Like Crazy,15,66,52,15153206,False,22,Rất cao,Dài hạn
2244,45,Miley Cyrus,Flowers,1,43,62,15095587,False,-2,Rất cao,Dài hạn
2245,46,"The Weeknd, Playboi Carti, Madonna",Popular (with Playboi Carti & Madonna),12,45,42,14997260,False,-1,Cao,Dài hạn
2246,47,Jung Kook,Standing Next to You,1,54,19,14978087,False,7,Cao,Dài hạn
2247,48,Ariana Grande,intro (end of the world),25,25,2,14544539,False,-23,Cao,Ngắn hạn
2248,49,Sabrina Carpenter,Feather,34,58,16,14308961,False,9,Cao,Dài hạn
2249,50,Olivia Rodrigo,vampire,1,49,38,14176829,False,-1,Cao,Dài hạn
2250,51,Harry Styles,As It Was,1,56,103,14167178,False,5,Cao,Dài hạn
2251,52,"Maluma, Carin Leon",Según Quién,17,62,27,14042670,False,10,Cao,Dài hạn
2252,53,David Kushner,Daylight,5,64,49,13801935,False,11,Cao,Dài hạn
2253,54,Bruno Mars,Locked out of Heaven,39,60,93,13718005,False,6,Cao,Dài hạn
2254,55,Rich Amiri,ONE CALL,42,59,8,13692317,False,4,Cao,Trung hạn
2255,56,Coldplay,Viva La Vida,53,63,82,13678617,False,7,Cao,Dài hạn
2256,57,Doja Cat,Paint The Town Red,1,57,33,13607273,False,0,Cao,Dài hạn
2257,58,"Calle 24, Chino Pacas, Fuerza Regida",Que Onda,16,65,29,13554538,False,7,Cao,Dài hạn
2258,59,Richy Mitch & The Coal Miners,Evergreen,59,70,10,13421994,False,11,Cao,Trung hạn
2259,60,SZA,Snooze,27,61,65,13207669,False,1,Cao,Dài hạn
2260,61,Dasha,Austin (Boots Stop Workin'),61,127,2,13110504,False,66,Cao,Ngắn hạn
2261,62,Ariana Grande,supernatural,18,18,2,13102845,False,-44,Cao,Ngắn hạn
2262,63,The Weeknd,Blinding Lights,1,73,225,12909685,False,10,Cao,Dài hạn
2263,64,"Fuerza Regida, Marshmello",HARLEY QUINN,11,75,21,12838512,False,11,Cao,Dài hạn
2264,65,Taylor Swift,Lover,2,68,59,12798173,False,3,Cao,Dài hạn
2265,66,Creepy Nuts,Bling-Bang-Bang-Born,57,72,10,12619637,False,6,Cao,Trung hạn
2266,67,Lewis Capaldi,Someone You Loved,4,80,271,12538647,False,13,Cao,Dài hạn
2267,68,The Weeknd,Die For You,12,71,110,12415961,False,3,Cao,Dài hạn
2268,69,Ariana Grande,don't wanna break up again,20,20,2,12360507,False,-49,Cao,Ngắn hạn
2269,70,"David Guetta, Bebe Rexha",I'm Good (Blue),2,83,82,12159957,False,13,Cao,Dài hạn
2270,71,Manuel Turizo,La Bachata,4,85,90,12124807,False,14,Cao,Dài hạn
2271,72,Good Neighbours,Home,68,78,7,12101225,False,6,Cao,Trung hạn
2272,73,Doja Cat,Agora Hills,16,74,26,11941263,False,1,Cao,Dài hạn
2273,74,Tom Odell,Another Love,15,82,154,11913591,False,8,Cao,Dài hạn
2274,75,"Drake, Wizkid, Kyla",One Dance,12,91,186,11879284,False,16,Cao,Dài hạn
2275,76,Taylor Swift,Anti-Hero,1,76,74,11861789,False,0,Cao,Dài hạn
2276,77,Coldplay,Yellow,36,77,170,11803623,False,0,Cao,Dài hạn
2277,78,OneRepublic,I Ain't Worried,7,93,94,11720661,False,15,Cao,Dài hạn
2278,79,"Post Malone, Swae Lee",Sunflower - Spider-Man: Into the Spider-Verse,1,92,276,11697686,False,13,Cao,Dài hạn
2279,80,"cassö, RAYE, D-Block Europe",Prada,17,87,31,11652001,False,7,Cao,Dài hạn
2280,81,The Neighbourhood,Sweater Weather,19,86,186,11591390,False,5,Cao,Dài hạn
2281,82,LE SSERAFIM,Smart,82,84,4,11557687,False,2,Cao,Ngắn hạn
2282,83,Sophie Ellis-Bextor,Murder On The Dancefloor,13,69,12,11381042,False,-14,Cao,Trung hạn
2283,84,James Arthur,Say You Won't Let Go,7,105,298,11333584,False,21,Cao,Dài hạn
2284,85,One Direction,Night Changes,85,108,73,11282065,False,23,Cao,Dài hạn
2285,86,SZA,Kill Bill,1,81,67,11183174,False,-5,Trung bình,Dài hạn
2286,87,Ariana Grande,true story,24,24,2,11171979,False,-63,Trung bình,Ngắn hạn
2287,88,"KAROL G, Tiësto",CONTIGO (with Tiësto),28,67,5,11096219,False,-21,Trung bình,Trung hạn
2288,89,"Drake, Sexyy Red, SZA",Rich Baby Daddy (feat. Sexyy Red & SZA),28,88,23,11089261,False,-1,Trung bình,Dài hạn
2289,90,Frank Ocean,Pink + White,69,106,44,11081965,False,16,Trung bình,Dài hạn
2290,91,"Kygo, Ava Max",Whatever,91,115,9,11068993,False,24,Trung bình,Trung hạn
2291,92,The Walters,I Love You So,21,101,97,11050890,False,9,Trung bình,Dài hạn
2292,93,a-ha,Take on Me,83,107,31,11017116,False,14,Trung bình,Dài hạn
2293,94,"Peso Pluma, Anitta",BELLAKEO,10,79,15,10976052,False,-15,Trung bình,Dài hạn
2294,95,Vance Joy,Riptide,30,99,162,10962814,False,4,Trung bình,Dài hạn
2295,96,The Goo Goo Dolls,Iris,93,114,34,10867588,False,18,Trung bình,Dài hạn
2296,97,Taylor Swift,cardigan,1,102,65,10842421,False,5,Trung bình,Dài hạn
2297,98,Cigarettes After Sex,Apocalypse,79,89,88,10835259,False,-9,Trung bình,Dài hạn
2298,99,Sabrina Carpenter,Nonsense,17,112,61,10832184,False,13,Trung bình,Dài hạn
2299,100,Dua Lipa,Dance The Night - From Barbie The Album,5,95,43,10783300,False,-5,Trung bình,Dài hạn
2300,101,OneRepublic,Counting Stars,86,113,153,10775383,False,12,Trung bình,Dài hạn
2301,102,Creedence Clearwater Revival,Have You Ever Seen The Rain,91,119,31,10728618,False,17,Trung bình,Dài hạn
2302,103,V,Love Me Again,11,122,32,10719986,False,19,Trung bình,Dài hạn
2303,104,KAROL G,AMARGURA,53,109,44,10707382,False,5,Trung bình,Dài hạn
2304,105,Hotel Ugly,Shut up My Moms Calling,82,111,63,10661856,False,6,Trung bình,Dài hạn
2305,106,The Police,Every Breath You Take,77,121,119,10594508,False,15,Trung bình,Dài hạn
2306,107,Fuerza Regida,TÚ NAME,107,136,3,10521217,False,29,Trung bình,Ngắn hạn
2307,108,"Kali Uchis, Peso Pluma",Igual Que Un Ángel (with Peso Pluma),11,90,10,10506148,False,-18,Trung bình,Trung hạn
2308,109,Ariana Grande,i wish i hated you,28,28,2,10450266,False,-81,Trung bình,Ngắn hạn
2309,110,"Billie Eilish, Khalid",lovely (with Khalid),24,134,309,10406340,False,24,Trung bình,Dài hạn
2310,111,"4batz, Drake",act ii: date @ 8 (feat. Drake) - remix,55,55,2,10374842,False,-56,Trung bình,Ngắn hạn
2311,112,"Rihanna, Calvin Harris",We Found Love,59,125,55,10308234,False,13,Trung bình,Dài hạn
2312,113,"The Chainsmokers, Coldplay",Something Just Like This,2,132,199,10241704,False,19,Trung bình,Dài hạn
2313,114,Zach Bryan,Something in the Orange,57,130,63,10228403,False,16,Trung bình,Dài hạn
2314,115,Bruno Mars,That's What I Like,6,120,101,10214324,False,5,Trung bình,Dài hạn
2315,116,Kanye West,Heartless,76,117,37,10190006,False,1,Trung bình,Dài hạn
2316,117,"Tyler, The Creator, Kali Uchis",See You Again (feat. Kali Uchis),16,118,56,10156747,False,1,Trung bình,Dài hạn
2317,118,Ruth B.,Dandelions,34,128,133,10131518,False,10,Trung bình,Dài hạn
2318,119,iñigo quintero,Si No Estás,1,116,26,10117279,False,-3,Trung bình,Dài hạn
2319,120,"Oscar Ortiz, Edgardo Nuñez",FIRST LOVE,41,103,10,10067387,False,-17,Trung bình,Trung hạn
2320,121,Travis Scott,goosebumps,13,129,239,10033729,False,8,Trung bình,Dài hạn
2321,122,"¥$, Kanye West, Ty Dolla $ign",BURN,21,97,6,10033082,False,-25,Trung bình,Trung hạn
2322,123,Tate McRae,exes,26,104,18,10025877,False,-19,Trung bình,Dài hạn
2323,124,TV Girl,Lovers Rock,100,126,39,10012413,False,2,Trung bình,Dài hạn
2324,125,Linkin Park,In the End,22,137,37,10001766,False,12,Trung bình,Dài hạn
2325,126,Muni Long,Made For Me,106,133,5,9999707,False,7,Trung bình,Trung hạn
2326,127,Ariana Grande,imperfect for you,33,33,2,9995851,False,-94,Trung bình,Ngắn hạn
2327,128,"JID, 21 Savage, Baby Tate",Surround Sound (feat. 21 Savage & Baby Tate),34,110,18,9954246,False,-18,Trung bình,Dài hạn
2328,129,Imagine Dragons,Demons,111,139,69,9930145,False,10,Trung bình,Dài hạn
2329,130,Julión Álvarez y su Norteño Banda,Regalo De Dios,100,142,5,9909645,False,12,Trung bình,Trung hạn
2330,131,Eminem,Without Me,31,135,130,9897166,False,4,Trung bình,Dài hạn
2331,132,Yeat,Breathe,77,96,5,9897163,False,-36,Trung bình,Trung hạn
2332,133,LE SSERAFIM,EASY,55,98,4,9889922,False,-35,Trung bình,Ngắn hạn
2333,134,Travis Scott,MY EYES,15,100,19,9887506,False,-34,Trung bình,Dài hạn
2334,135,"Mesita, Nicki Nicole, Tiago PZK, Emilia",Una Foto Remix (feat. Emilia),58,123,10,9862456,False,-12,Trung bình,Trung hạn
2335,136,"French Montana, Swae Lee",Unforgettable,3,145,81,9845123,False,9,Trung bình,Dài hạn
2336,137,Bruno Mars,Just the Way You Are,39,131,64,9777316,False,-6,Trung bình,Dài hạn
2337,138,Tears For Fears,Everybody Wants To Rule The World,91,150,78,9744048,False,12,Trung bình,Dài hạn
2338,139,Taylor Swift,Is It Over Now? (Taylor's Version) (From The Vault),1,124,21,9742895,False,-15,Trung bình,Dài hạn
2339,140,Morgan Wallen,Last Night,14,147,57,9655990,False,7,Thấp,Dài hạn
2340,141,Justin Bieber,Ghost,11,140,128,9651758,False,-1,Thấp,Dài hạn
2341,142,"Macklemore, Ryan Lewis, Macklemore & Ryan Lewis, Ray Dalton",Can't Hold Us (feat. Ray Dalton),86,149,106,9611470,False,7,Thấp,Dài hạn
2342,143,Harry Styles,Watermelon Sugar,4,154,206,9580750,False,11,Thấp,Dài hạn
2343,144,Taylor Swift,Don’t Blame Me,71,143,83,9565960,False,-1,Thấp,Dài hạn
2344,145,Junior H,ROCKSTAR,145,188,2,9523681,False,43,Thấp,Ngắn hạn
2345,146,Taylor Swift,august,11,173,58,9510465,False,27,Thấp,Dài hạn
2346,147,"Don Omar, Lucenzo",Danza Kuduro,104,170,26,9488481,False,23,Thấp,Dài hạn
2347,148,"The Weeknd, Lana Del Rey",Stargirl Interlude,92,141,86,9468969,False,-7,Thấp,Dài hạn
2348,149,"Xavi, Los Dareyes De La Sierra",Poco A Poco,69,155,13,9418456,False,6,Thấp,Dài hạn
2349,150,Linkin Park,Numb,34,165,16,9377372,False,15,Thấp,Dài hạn
2350,151,"Grupo Frontera, Grupo Firme",EL AMOR DE SU VIDA,47,164,33,9352980,False,13,Thấp,Dài hạn
2351,152,Hozier,Take Me To Church,108,185,133,9346244,False,33,Thấp,Dài hạn
2352,153,Keane,Somewhere Only We Know,80,153,74,9345680,False,0,Thấp,Dài hạn
2353,154,"Jung Kook, Jack Harlow",3D (feat. Jack Harlow),3,162,25,9333690,False,8,Thấp,Dài hạn
2354,155,"Elton John, Dua Lipa, PNAU",Cold Heart - PNAU Remix,4,166,130,9333206,False,11,Thấp,Dài hạn
2355,156,J. Cole,No Role Modelz,76,148,139,9298773,False,-8,Thấp,Dài hạn
2356,157,Don Toliver,BANDIT,83,-1,3,9286742,True,-158,Thấp,Ngắn hạn
2357,158,Travis Scott,I KNOW ?,14,94,34,9268377,False,-64,Thấp,Dài hạn
2358,159,Arctic Monkeys,505,43,158,115,9244485,False,-1,Thấp,Dài hạn
2359,160,d4vd,Romantic Homicide,17,157,81,9242554,False,-3,Thấp,Dài hạn
2360,161,Madison Beer,Make You Mine,161,175,2,9175486,False,14,Thấp,Ngắn hạn
2361,162,Coldplay,Sparks,153,156,11,9175175,False,-6,Thấp,Trung hạn
2362,163,Imagine Dragons,Believer,16,167,368,9142899,False,4,Thấp,Dài hạn
2363,164,Junior H,Y LLORO,55,187,24,9103940,False,23,Thấp,Dài hạn
2364,165,Eminem,Mockingbird,24,160,75,8983030,False,-5,Thấp,Dài hạn
2365,166,"Feid, Young Miko",CLASSY 101,8,180,51,8981263,False,14,Thấp,Dài hạn
2366,167,Adele,Set Fire to the Rain,61,146,66,8973858,False,-21,Thấp,Dài hạn
2367,168,Flo Milli,Never Lose Me,25,52,10,8964934,False,-116,Thấp,Trung hạn
2368,169,Arctic Monkeys,Why'd You Only Call Me When You're High?,95,172,119,8940522,False,3,Thấp,Dài hạn
2369,170,"Dimitri Vegas & Like Mike, Tiësto, Dido, W&W, Dimitri Vegas, Like Mike",Thank You (Not So Bad),170,190,4,8940425,False,20,Thấp,Ngắn hạn
2370,171,"Ofenbach, Norma Jean Martine",Overdrive (feat. Norma Jean Martine),171,183,5,8936856,False,12,Thấp,Trung hạn
2371,172,The Weeknd,Save Your Tears,2,171,166,8921749,False,-1,Thấp,Dài hạn
2372,173,Bruno Mars,When I Was Your Man,38,159,81,8916739,False,-14,Thấp,Dài hạn
2373,174,Benson Boone,In The Stars,54,-1,21,8843166,True,-175,Thấp,Dài hạn
2374,175,Lana Del Rey,Summertime Sadness,83,168,84,8837355,False,-7,Thấp,Dài hạn
2375,176,Ed Sheeran,Perfect,4,174,364,8827570,False,-2,Thấp,Dài hạn
2376,177,Maroon 5,Maps,171,186,12,8757590,False,9,Thấp,Trung hạn
2377,178,Glass Animals,Heat Waves,1,181,165,8733329,False,3,Thấp,Dài hạn
2378,179,Bill Withers,Ain't No Sunshine,179,-1,2,8693527,True,-180,Thấp,Ngắn hạn
2379,180,"Oscar Maydon, Gabito Ballesteros, Chino Pacas",Elvira,180,197,2,8647725,False,17,Thấp,Ngắn hạn
2380,181,Gunna,fukumean,9,163,40,8623239,False,-18,Thấp,Dài hạn
2381,182,Plan B,Es un Secreto,157,178,23,8607076,False,-4,Thấp,Dài hạn
2382,183,Sia,Unstoppable,96,193,75,8588302,False,10,Thấp,Dài hạn
2383,184,"Trueno, Nicki Nicole, Bizarrap, Taiu, TATOOL",Mamichula - con Nicki Nicole,37,138,19,8579486,False,-46,Thấp,Dài hạn
2384,185,"Jere Klein, Gittobeatz",ANDO,99,169,16,8577735,False,-16,Thấp,Dài hạn
2385,186,AC/DC,Highway to Hell,152,-1,5,8570247,True,-187,Thấp,Trung hạn
2386,187,Arctic Monkeys,Do I Wanna Know?,98,191,129,8523870,False,4,Thấp,Dài hạn
2387,188,"Shakira, Wyclef Jean",Hips Don't Lie (feat. Wyclef Jean),175,-1,3,8507202,True,-189,Thấp,Ngắn hạn
2388,189,"Rema, Selena Gomez",Calm Down (with Selena Gomez),9,177,82,8482445,False,-12,Thấp,Dài hạn
2389,190,"Metro Boomin, The Weeknd, 21 Savage",Creepin' (with The Weeknd & 21 Savage),2,184,68,8464965,False,-6,Thấp,Dài hạn
2390,191,KAROL G,MI EX TENÍA RAZÓN,22,182,29,8405170,False,-9,Thấp,Dài hạn
2391,192,Artemas,if u think i'm pretty,192,-1,1,8399551,True,-193,Thấp,Ngắn hạn
2392,193,Kanye West,Father Stretch My Hands Pt. 1,78,152,16,8397118,False,-41,Thấp,Dài hạn
2393,194,"Bizarrap, Young Miko","Young Miko: Bzrp Music Sessions, Vol. 58",12,144,10,8364904,False,-50,Thấp,Trung hạn
2394,195,New West,Those Eyes,86,-1,50,8361386,True,-196,Thấp,Dài hạn
2395,196,Lil Tecca,500lbs,89,199,22,8336593,False,3,Thấp,Dài hạn
2396,197,"Stephen Sanchez, Em Beihold",Until I Found You (with Em Beihold) - Em Beihold Version,10,-1,63,8336488,True,-198,Thấp,Dài hạn
2397,198,Conan Gray,Heather,12,192,154,8319728,False,-6,Thấp,Dài hạn
2398,199,The Weeknd,The Hills,52,196,100,8304697,False,-3,Thấp,Dài hạn
2399,200,BENNETT,Vois sur ton chemin - Techno Mix,85,198,19,8287442,False,-2,Thấp,Dài hạn
2400,1,Benson Boone,Beautiful Things,1,2,10,55391293,False,1,Rất cao,Trung hạn
2401,2,Ariana Grande,we can't be friends (wait for your love),1,1,3,55136708,False,-1,Rất cao,Ngắn hạn
2402,3,Djo,End of Beginning,3,3,6,54716193,False,0,Rất cao,Trung hạn
2403,4,"Future, Metro Boomin, Kendrick Lamar",Like That,4,-1,1,48998189,True,-5,Rất cao,Ngắn hạn
2404,5,"¥$, Kanye West, Ty Dolla $ign",CARNIVAL,2,4,7,33934873,False,-1,Rất cao,Trung hạn
2405,6,Teddy Swims,Lose Control,5,5,20,33031504,False,-1,Rất cao,Dài hạn
2406,7,Tate McRae,greedy,1,6,28,32989275,False,-1,Rất cao,Dài hạn
2407,8,Hozier,Too Sweet,8,-1,1,31175099,True,-9,Rất cao,Ngắn hạn
2408,9,"FloyyMenor, Cris Mj",Gata Only,8,8,7,30830533,False,-1,Rất cao,Trung hạn
2409,10,Taylor Swift,Cruel Summer,2,7,60,29946156,False,-3,Rất cao,Dài hạn
2410,11,"Future, Metro Boomin, Travis Scott, Playboi Carti",Type Shit,11,-1,1,29433760,True,-12,Rất cao,Ngắn hạn
2411,12,Artemas,i like the way you kiss me,12,-1,1,26669118,True,-13,Rất cao,Ngắn hạn
2412,13,"The Weeknd, JENNIE, Lily-Rose Depp","One Of The Girls (with JENNIE, Lily Rose Depp)",3,10,25,25998207,False,-3,Rất cao,Dài hạn
2413,14,Beyoncé,TEXAS HOLD 'EM,2,9,7,25404386,False,-5,Rất cao,Trung hạn
2414,15,Noah Kahan,Stick Season,6,12,25,24060041,False,-3,Rất cao,Dài hạn
2415,16,"Feid, ATL Jacob",LUNA,9,14,16,23929825,False,-2,Rất cao,Dài hạn
2416,17,"Future, Metro Boomin, Travis Scott",Cinderella,17,-1,1,23874969,True,-18,Rất cao,Ngắn hạn
2417,18,Mitski,My Love Mine All Mine,3,11,27,23779424,False,-7,Rất cao,Dài hạn
2418,19,Xavi,La Diabla,1,13,16,23019998,False,-6,Rất cao,Dài hạn
2419,20,Olivia Rodrigo,obsessed,20,-1,1,22212381,True,-21,Rất cao,Ngắn hạn
2420,21,"Natanael Cano, Oscar Maydon",Madonna,21,21,3,20888197,False,0,Rất cao,Ngắn hạn
2421,22,"Future, Metro Boomin",We Don't Trust You,22,-1,1,20358667,True,-23,Rất cao,Ngắn hạn
2422,23,21 Savage,redrum,8,17,11,19418266,False,-6,Rất cao,Trung hạn
2423,24,Arctic Monkeys,I Wanna Be Yours,15,23,90,18715119,False,-1,Rất cao,Dài hạn
2424,25,"Future, Metro Boomin, The Weeknd",Young Metro,25,-1,1,18652288,True,-26,Rất cao,Ngắn hạn
2425,26,"Travis Scott, Playboi Carti",FE!N (feat. Playboi Carti),5,20,28,18603546,False,-6,Rất cao,Dài hạn
2426,27,SZA,Saturn,17,19,5,18475235,False,-8,Rất cao,Trung hạn
2427,28,Myke Towers,LA FALDA,24,25,13,18383832,False,-3,Rất cao,Dài hạn
2428,29,Ariana Grande,"yes, and?",1,16,11,18296557,False,-13,Rất cao,Trung hạn
2429,30,Tyla,Water,12,29,27,18255808,False,-1,Rất cao,Dài hạn
2430,31,Jack Harlow,Lovin On Me,3,22,20,17759835,False,-9,Rất cao,Dài hạn
2431,32,Michael Marcagi,Scared To Start,32,36,8,17411732,False,4,Rất cao,Trung hạn
2432,33,Dua Lipa,Houdini,6,26,20,17369253,False,-7,Rất cao,Dài hạn
2433,34,Natasha Bedingfield,Unwritten,16,24,11,17222004,False,-10,Rất cao,Trung hạn
2434,35,Xavi,Corazón de Piedra,35,-1,1,17193126,True,-36,Rất cao,Ngắn hạn
2435,36,Ariana Grande,intro (end of the world),25,48,3,16750689,False,12,Rất cao,Ngắn hạn
2436,37,Ariana Grande,the boy is mine,11,18,3,16699477,False,-19,Rất cao,Ngắn hạn
2437,38,Lord Huron,The Night We Met,28,30,75,16617456,False,-8,Rất cao,Dài hạn
2438,39,"Jung Kook, Latto",Seven (feat. Latto) (Explicit Ver.),1,31,37,16456201,False,-8,Rất cao,Dài hạn
2439,40,"Bad Bunny, Feid",PERRO NEGRO,4,34,24,16301499,False,-6,Rất cao,Dài hạn
2440,41,Xavi,La Víctima,8,27,18,16195103,False,-14,Rất cao,Dài hạn
2441,42,Dua Lipa,Training Season,15,28,6,16067170,False,-14,Rất cao,Trung hạn
2442,43,Olivia Rodrigo,vampire,1,50,39,15991975,False,7,Rất cao,Dài hạn
2443,44,YG Marley,Praise Jah In The Moonlight,13,35,9,15937082,False,-9,Rất cao,Trung hạn
2444,45,"Zach Bryan, Kacey Musgraves",I Remember Everything (feat. Kacey Musgraves),20,37,31,15827416,False,-8,Rất cao,Dài hạn
2445,46,"The Weeknd, Daft Punk",Starboy,1,40,182,15784734,False,-6,Rất cao,Dài hạn
2446,47,Jimin,Like Crazy,15,44,53,15728732,False,-3,Rất cao,Dài hạn
2447,48,V,FRI(END)S,15,15,2,15551134,False,-33,Rất cao,Ngắn hạn
2448,49,"KAROL G, Peso Pluma",QLONA,5,42,33,15026252,False,-7,Cao,Dài hạn
2449,50,Bryson Tiller,Whatever She Wants,38,43,5,14996603,False,-7,Cao,Trung hạn
2450,51,Billie Eilish,"What Was I Made For? [From The Motion Picture ""Barbie""]",3,32,37,14904983,False,-19,Cao,Dài hạn
2451,52,Dasha,Austin (Boots Stop Workin'),52,61,3,14786744,False,9,Cao,Ngắn hạn
2452,53,"Peso Pluma, Tito Double P, Joel De La P",LA PEOPLE II,53,-1,1,14737070,True,-54,Cao,Ngắn hạn
2453,54,"Future, Metro Boomin",Ice Attack,54,-1,1,14523053,True,-55,Cao,Ngắn hạn
2454,55,Miley Cyrus,Flowers,1,45,63,14428279,False,-10,Cao,Dài hạn
2455,56,Bruno Mars,Locked out of Heaven,39,54,94,14106737,False,-2,Cao,Dài hạn
2456,57,Coldplay,Viva La Vida,53,56,83,14067196,False,-1,Cao,Dài hạn
2457,58,"The Weeknd, Playboi Carti, Madonna",Popular (with Playboi Carti & Madonna),12,46,43,14030501,False,-12,Cao,Dài hạn
2458,59,Richy Mitch & The Coal Miners,Evergreen,59,59,11,14025866,False,0,Cao,Trung hạn
2459,60,Jung Kook,Standing Next to You,1,47,20,13882269,False,-13,Cao,Dài hạn
2460,61,"Maluma, Carin Leon",Según Quién,17,52,28,13780809,False,-9,Cao,Dài hạn
2461,62,Harry Styles,As It Was,1,51,104,13754423,False,-11,Cao,Dài hạn
2462,63,Sabrina Carpenter,Feather,34,49,17,13553549,False,-14,Cao,Dài hạn
2463,64,"Calle 24, Chino Pacas, Fuerza Regida",Que Onda,16,58,30,13408494,False,-6,Cao,Dài hạn
2464,65,David Kushner,Daylight,5,53,50,13350568,False,-12,Cao,Dài hạn
2465,66,Benson Boone,Slow It Down,66,-1,1,13300500,True,-67,Cao,Ngắn hạn
2466,67,Rich Amiri,ONE CALL,42,55,9,13119711,False,-12,Cao,Trung hạn
2467,68,Olivia Rodrigo,so american,68,-1,1,12981723,True,-69,Cao,Ngắn hạn
2468,69,Ariana Grande,bye,13,33,3,12899752,False,-36,Cao,Ngắn hạn
2469,70,The Weeknd,Blinding Lights,1,63,226,12883435,False,-7,Cao,Dài hạn
2470,71,Manuel Turizo,La Bachata,4,71,91,12765196,False,0,Cao,Dài hạn
2471,72,Lewis Capaldi,Someone You Loved,4,67,272,12697173,False,-5,Cao,Dài hạn
2472,73,Zeynep Bastık,Lan,41,41,2,12674019,False,-32,Cao,Ngắn hạn
2473,74,SZA,Snooze,27,60,66,12615329,False,-14,Cao,Dài hạn
2474,75,Doja Cat,Paint The Town Red,1,57,34,12524890,False,-18,Cao,Dài hạn
2475,76,"Fuerza Regida, Marshmello",HARLEY QUINN,11,64,22,12333196,False,-12,Cao,Dài hạn
2476,77,Kenya Grace,Strangers,4,38,30,12293027,False,-39,Cao,Dài hạn
2477,78,"David Guetta, Bebe Rexha",I'm Good (Blue),2,70,83,12282402,False,-8,Cao,Dài hạn
2478,79,The Weeknd,Die For You,12,68,111,12269146,False,-11,Cao,Dài hạn
2479,80,"Drake, Wizkid, Kyla",One Dance,12,75,187,12238447,False,-5,Cao,Dài hạn
2480,81,Ariana Grande,eternal sunshine,15,39,3,12177402,False,-42,Cao,Ngắn hạn
2481,82,Fuerza Regida,TÚ NAME,82,107,4,12163708,False,25,Cao,Ngắn hạn
2482,83,Tom Odell,Another Love,15,74,155,12136182,False,-9,Cao,Dài hạn
2483,84,Good Neighbours,Home,68,72,8,12134903,False,-12,Cao,Trung hạn
2484,85,"Future, Metro Boomin",Slimed In,85,-1,1,12086994,True,-86,Cao,Ngắn hạn
2485,86,Taylor Swift,Lover,2,65,60,12078930,False,-21,Cao,Dài hạn
2486,87,OneRepublic,I Ain't Worried,7,78,95,12040996,False,-9,Cao,Dài hạn
2487,88,Creepy Nuts,Bling-Bang-Bang-Born,57,66,11,11880711,False,-22,Cao,Trung hạn
2488,89,Coldplay,Yellow,36,77,171,11593432,False,-12,Cao,Dài hạn
2489,90,The Neighbourhood,Sweater Weather,19,81,187,11533912,False,-9,Cao,Dài hạn
2490,91,Taylor Swift,Anti-Hero,1,76,75,11523373,False,-15,Cao,Dài hạn
2491,92,"Post Malone, Swae Lee",Sunflower - Spider-Man: Into the Spider-Verse,1,79,277,11444235,False,-13,Cao,Dài hạn
2492,93,"cassö, RAYE, D-Block Europe",Prada,17,80,32,11342077,False,-13,Cao,Dài hạn
2493,94,"Future, Metro Boomin",Claustrophobic,94,-1,1,11306391,True,-95,Cao,Ngắn hạn
2494,95,"Kygo, Ava Max",Whatever,91,91,10,11272042,False,-4,Cao,Trung hạn
2495,96,The Walters,I Love You So,21,92,98,11202920,False,-4,Trung bình,Dài hạn
2496,97,One Direction,Night Changes,85,85,74,11146980,False,-12,Trung bình,Dài hạn
2497,98,a-ha,Take on Me,83,93,32,11137977,False,-5,Trung bình,Dài hạn
2498,99,Doja Cat,Agora Hills,16,73,27,11039098,False,-26,Trung bình,Dài hạn
2499,100,James Arthur,Say You Won't Let Go,7,84,299,11024810,False,-16,Trung bình,Dài hạn
2500,101,Taylor Swift,cardigan,1,97,66,10966975,False,-4,Trung bình,Dài hạn
2501,102,OneRepublic,Counting Stars,86,101,154,10821263,False,-1,Trung bình,Dài hạn
2502,103,Frank Ocean,Pink + White,69,90,45,10749880,False,-13,Trung bình,Dài hạn
2503,104,KAROL G,AMARGURA,53,104,45,10740230,False,0,Trung bình,Dài hạn
2504,105,SZA,Kill Bill,1,86,68,10725655,False,-19,Trung bình,Dài hạn
2505,106,Bruno Mars,That's What I Like,6,115,102,10701708,False,9,Trung bình,Dài hạn
2506,107,Vance Joy,Riptide,30,95,163,10695220,False,-12,Trung bình,Dài hạn
2507,108,Creedence Clearwater Revival,Have You Ever Seen The Rain,91,102,32,10670996,False,-6,Trung bình,Dài hạn
2508,109,The Goo Goo Dolls,Iris,93,96,35,10667366,False,-13,Trung bình,Dài hạn
2509,110,LE SSERAFIM,Smart,82,82,5,10665503,False,-28,Trung bình,Trung hạn
2510,111,Cigarettes After Sex,Apocalypse,79,98,89,10647005,False,-13,Trung bình,Dài hạn
2511,112,"Drake, Sexyy Red, SZA",Rich Baby Daddy (feat. Sexyy Red & SZA),28,89,24,10567189,False,-23,Trung bình,Dài hạn
2512,113,Hotel Ugly,Shut up My Moms Calling,82,105,64,10546016,False,-8,Trung bình,Dài hạn
2513,114,The Police,Every Breath You Take,77,106,120,10538689,False,-8,Trung bình,Dài hạn
2514,115,"Peso Pluma, Anitta",BELLAKEO,10,94,16,10495295,False,-21,Trung bình,Dài hạn
2515,116,"The Chainsmokers, Coldplay",Something Just Like This,2,113,200,10473669,False,-3,Trung bình,Dài hạn
2516,117,"Future, Metro Boomin",Magic Don Juan (Princess Diana),117,-1,1,10446240,True,-118,Trung bình,Ngắn hạn
2517,118,Sabrina Carpenter,Nonsense,17,99,62,10441419,False,-19,Trung bình,Dài hạn
2518,119,"Future, Metro Boomin",Runnin Outta Time,119,-1,1,10395953,True,-120,Trung bình,Ngắn hạn
2519,120,Ruth B.,Dandelions,34,118,134,10319286,False,-2,Trung bình,Dài hạn
2520,121,Dua Lipa,Dance The Night - From Barbie The Album,5,100,44,10296668,False,-21,Trung bình,Dài hạn
2521,122,Sophie Ellis-Bextor,Murder On The Dancefloor,13,83,13,10295576,False,-39,Trung bình,Dài hạn
2522,123,"Rihanna, Calvin Harris",We Found Love,59,112,56,10285293,False,-11,Trung bình,Dài hạn
2523,124,Julión Álvarez y su Norteño Banda,Regalo De Dios,100,130,6,10284786,False,6,Trung bình,Trung hạn
2524,125,Travis Scott,goosebumps,13,121,240,10231276,False,-4,Trung bình,Dài hạn
2525,126,"Tyler, The Creator, Kali Uchis",See You Again (feat. Kali Uchis),16,117,57,10224791,False,-9,Trung bình,Dài hạn
2526,127,iñigo quintero,Si No Estás,1,119,27,10129763,False,-8,Trung bình,Dài hạn
2527,128,Linkin Park,In the End,22,125,38,10122836,False,-3,Trung bình,Dài hạn
2528,129,"KAROL G, Tiësto",CONTIGO (with Tiësto),28,88,6,10121136,False,-41,Trung bình,Trung hạn
2529,130,Imagine Dragons,Demons,111,129,70,10058050,False,-1,Trung bình,Dài hạn
2530,131,Zach Bryan,Something in the Orange,57,114,64,10027278,False,-17,Trung bình,Dài hạn
2531,132,Eminem,Without Me,31,131,131,10011966,False,-1,Trung bình,Dài hạn
2532,133,"Oscar Ortiz, Edgardo Nuñez",FIRST LOVE,41,120,11,9987195,False,-13,Trung bình,Trung hạn
2533,134,TV Girl,Lovers Rock,100,124,40,9914831,False,-10,Trung bình,Dài hạn
2534,135,"Billie Eilish, Khalid",lovely (with Khalid),24,110,310,9865048,False,-25,Trung bình,Dài hạn
2535,136,V,Love Me Again,11,103,33,9830632,False,-33,Trung bình,Dài hạn
2536,137,Muni Long,Made For Me,106,126,6,9818678,False,-11,Trung bình,Trung hạn
2537,138,"Shakira, Cardi B",Puntería,138,-1,1,9812988,True,-139,Trung bình,Ngắn hạn
2538,139,"French Montana, Swae Lee",Unforgettable,3,136,82,9775553,False,-3,Trung bình,Dài hạn
2539,140,Kanye West,Heartless,76,116,38,9769593,False,-24,Trung bình,Dài hạn
2540,141,"Future, Metro Boomin",Fried (She a Vibe),141,-1,1,9739085,True,-142,Trung bình,Ngắn hạn
2541,142,"Don Omar, Lucenzo",Danza Kuduro,104,147,27,9736810,False,5,Trung bình,Dài hạn
2542,143,Harry Styles,Watermelon Sugar,4,143,207,9676174,False,0,Trung bình,Dài hạn
2543,144,"Mesita, Nicki Nicole, Tiago PZK, Emilia",Una Foto Remix (feat. Emilia),58,135,11,9651477,False,-9,Thấp,Trung hạn
2544,145,Tate McRae,exes,26,123,19,9613484,False,-22,Thấp,Dài hạn
2545,146,Tears For Fears,Everybody Wants To Rule The World,91,138,79,9604112,False,-8,Thấp,Dài hạn
2546,147,Taylor Swift,august,11,146,59,9552225,False,-1,Thấp,Dài hạn
2547,148,"Macklemore, Ryan Lewis, Macklemore & Ryan Lewis, Ray Dalton",Can't Hold Us (feat. Ray Dalton),86,142,107,9535419,False,-6,Thấp,Dài hạn
2548,149,Justin Bieber,Ghost,11,141,129,9526664,False,-8,Thấp,Dài hạn
2549,150,Morgan Wallen,Last Night,14,140,58,9520830,False,-10,Thấp,Dài hạn
2550,151,Hozier,Take Me To Church,108,152,134,9513616,False,1,Thấp,Dài hạn
2551,152,Arctic Monkeys,505,43,159,116,9446837,False,7,Thấp,Dài hạn
2552,153,Linkin Park,Numb,34,150,17,9419609,False,-3,Thấp,Dài hạn
2553,154,Bruno Mars,Just the Way You Are,39,137,65,9406105,False,-17,Thấp,Dài hạn
2554,155,"Kali Uchis, Peso Pluma",Igual Que Un Ángel (with Peso Pluma),11,108,11,9386456,False,-47,Thấp,Trung hạn
2555,156,Artemas,if u think i'm pretty,156,192,2,9332433,False,36,Thấp,Ngắn hạn
2556,157,"Elton John, Dua Lipa, PNAU",Cold Heart - PNAU Remix,4,155,131,9329468,False,-2,Thấp,Dài hạn
2557,158,Travis Scott,MY EYES,15,134,20,9313617,False,-24,Thấp,Dài hạn
2558,159,Benson Boone,In The Stars,54,174,22,9309960,False,15,Thấp,Dài hạn
2559,160,Imagine Dragons,Believer,16,163,369,9279476,False,3,Thấp,Dài hạn
2560,161,LE SSERAFIM,EASY,55,133,5,9273527,False,-28,Thấp,Trung hạn
2561,162,"Oscar Maydon, Gabito Ballesteros, Chino Pacas",Elvira,162,180,3,9243515,False,18,Thấp,Ngắn hạn
2562,163,d4vd,Romantic Homicide,17,160,82,9243191,False,-3,Thấp,Dài hạn
2563,164,Ariana Grande,supernatural,18,62,3,9208456,False,-102,Thấp,Ngắn hạn
2564,165,Taylor Swift,Is It Over Now? (Taylor's Version) (From The Vault),1,139,22,9204106,False,-26,Thấp,Dài hạn
2565,166,Junior H,Y LLORO,55,164,25,9188148,False,-2,Thấp,Dài hạn
2566,167,"Ofenbach, Norma Jean Martine",Overdrive (feat. Norma Jean Martine),167,171,6,9164205,False,4,Thấp,Trung hạn
2567,168,"Jung Kook, Jack Harlow",3D (feat. Jack Harlow),3,154,26,9160543,False,-14,Thấp,Dài hạn
2568,169,Madison Beer,Make You Mine,161,161,3,9134625,False,-8,Thấp,Ngắn hạn
2569,170,"The Weeknd, Lana Del Rey",Stargirl Interlude,92,148,87,9130033,False,-22,Thấp,Dài hạn
2570,171,Junior H,ROCKSTAR,145,145,3,9113201,False,-26,Thấp,Ngắn hạn
2571,172,Taylor Swift,Don’t Blame Me,71,144,84,9106194,False,-28,Thấp,Dài hạn
2572,173,J. Cole,No Role Modelz,76,156,140,9100810,False,-17,Thấp,Dài hạn
2573,174,"Future, Metro Boomin, Rick Ross",Everyday Hustle,174,-1,1,9091635,True,-175,Thấp,Ngắn hạn
2574,175,Yeat,Breathe,77,132,6,9054139,False,-43,Thấp,Trung hạn
2575,176,Keane,Somewhere Only We Know,80,153,75,8983821,False,-23,Thấp,Dài hạn
2576,177,Coldplay,Sparks,153,162,12,8980896,False,-15,Thấp,Trung hạn
2577,178,"Shakira, Wyclef Jean",Hips Don't Lie (feat. Wyclef Jean),175,188,4,8955369,False,10,Thấp,Ngắn hạn
2578,179,Eminem,Mockingbird,24,165,76,8955090,False,-14,Thấp,Dài hạn
2579,180,The Weeknd,Save Your Tears,2,172,167,8941691,False,-8,Thấp,Dài hạn
2580,181,"Xavi, Los Dareyes De La Sierra",Poco A Poco,69,149,14,8906159,False,-32,Thấp,Dài hạn
2581,182,"Dimitri Vegas & Like Mike, Tiësto, Dido, W&W, Dimitri Vegas, Like Mike",Thank You (Not So Bad),170,170,5,8862363,False,-12,Thấp,Trung hạn
2582,183,"JID, 21 Savage, Baby Tate",Surround Sound (feat. 21 Savage & Baby Tate),34,128,19,8844845,False,-55,Thấp,Dài hạn
2583,184,Adele,Set Fire to the Rain,61,167,67,8834347,False,-17,Thấp,Dài hạn
2584,185,Arctic Monkeys,Why'd You Only Call Me When You're High?,95,169,120,8795500,False,-16,Thấp,Dài hạn
2585,186,Lana Del Rey,Summertime Sadness,83,175,85,8790165,False,-11,Thấp,Dài hạn
2586,187,Glass Animals,Heat Waves,1,178,166,8692850,False,-9,Thấp,Dài hạn
2587,188,CYRIL,Stumblin' In,188,-1,1,8649346,True,-189,Thấp,Ngắn hạn
2588,189,Ariana Grande,don't wanna break up again,20,69,3,8644194,False,-120,Thấp,Ngắn hạn
2589,190,ILLIT,Magnetic,190,-1,1,8620467,True,-191,Thấp,Ngắn hạn
2590,191,Ed Sheeran,Perfect,4,176,365,8616505,False,-15,Thấp,Dài hạn
2591,192,Bruno Mars,When I Was Your Man,38,173,82,8616460,False,-19,Thấp,Dài hạn
2592,193,Maroon 5,Maps,171,177,13,8601837,False,-16,Thấp,Dài hạn
2593,194,"Feid, Young Miko",CLASSY 101,8,166,52,8584632,False,-28,Thấp,Dài hạn
2594,195,Plan B,Es un Secreto,157,182,24,8573524,False,-13,Thấp,Dài hạn
2595,196,Sia,Unstoppable,96,183,76,8558172,False,-13,Thấp,Dài hạn
2596,197,"KAROL G, Shakira",TQG,1,-1,44,8556508,True,-198,Thấp,Dài hạn
2597,198,Bill Withers,Ain't No Sunshine,179,179,3,8543976,False,-19,Thấp,Ngắn hạn
2598,199,"¥$, Kanye West, Ty Dolla $ign",BURN,21,122,7,8531975,False,-77,Thấp,Trung hạn
2599,200,Kanye West,Father Stretch My Hands Pt. 1,78,193,17,8497683,False,-7,Thấp,Dài hạn
2600,1,Benson Boone,Beautiful Things,1,1,11,54002017,False,0,Rất cao,Trung hạn
2601,2,Artemas,i like the way you kiss me,2,12,2,51098604,False,10,Rất cao,Ngắn hạn
2602,3,Ariana Grande,we can't be friends (wait for your love),1,2,4,51066719,False,-1,Rất cao,Ngắn hạn
2603,4,Djo,End of Beginning,3,3,7,50799261,False,-1,Rất cao,Trung hạn
2604,5,"Future, Metro Boomin, Kendrick Lamar",Like That,4,4,2,43500133,False,-1,Rất cao,Ngắn hạn
2605,6,Hozier,Too Sweet,6,8,2,39281718,False,2,Rất cao,Ngắn hạn
2606,7,Beyoncé,TEXAS HOLD 'EM,2,14,8,36683223,False,7,Rất cao,Trung hạn
2607,8,"FloyyMenor, Cris Mj",Gata Only,8,9,8,32116249,False,1,Rất cao,Trung hạn
2608,9,Tate McRae,greedy,1,7,29,31412911,False,-2,Rất cao,Dài hạn
2609,10,Teddy Swims,Lose Control,5,6,21,29362842,False,-4,Rất cao,Dài hạn
2610,11,"¥$, Kanye West, Ty Dolla $ign",CARNIVAL,2,5,8,29267559,False,-6,Rất cao,Trung hạn
2611,12,Taylor Swift,Cruel Summer,2,10,61,27479779,False,-2,Rất cao,Dài hạn
2612,13,"Beyoncé, Miley Cyrus",II MOST WANTED,13,-1,1,24775825,True,-14,Rất cao,Ngắn hạn
2613,14,"The Weeknd, JENNIE, Lily-Rose Depp","One Of The Girls (with JENNIE, Lily Rose Depp)",3,13,26,24471568,False,-1,Rất cao,Dài hạn
2614,15,ILLIT,Magnetic,15,190,2,23131440,False,175,Rất cao,Ngắn hạn
2615,16,Noah Kahan,Stick Season,6,15,26,22291718,False,-1,Rất cao,Dài hạn
2616,17,Mitski,My Love Mine All Mine,3,18,28,22201665,False,1,Rất cao,Dài hạn
2617,18,"Feid, ATL Jacob",LUNA,9,16,17,22073110,False,-2,Rất cao,Dài hạn
2618,19,"Natanael Cano, Oscar Maydon",Madonna,19,21,4,22051063,False,2,Rất cao,Ngắn hạn
2619,20,Beyoncé,JOLENE,20,-1,1,20528094,True,-21,Rất cao,Ngắn hạn
2620,21,Xavi,La Diabla,1,19,17,20138280,False,-2,Rất cao,Dài hạn
2621,22,"Future, Metro Boomin, Travis Scott, Playboi Carti",Type Shit,11,11,2,20117956,False,-11,Rất cao,Ngắn hạn
2622,23,"Travis Scott, Playboi Carti",FE!N (feat. Playboi Carti),5,26,29,19622084,False,3,Rất cao,Dài hạn
2623,24,SZA,Saturn,17,27,6,18700645,False,3,Rất cao,Trung hạn
2624,25,Xavi,Corazón de Piedra,25,35,2,18539130,False,10,Rất cao,Ngắn hạn
2625,26,Ariana Grande,intro (end of the world),25,36,4,18491092,False,10,Rất cao,Ngắn hạn
2626,27,Arctic Monkeys,I Wanna Be Yours,15,24,91,18418556,False,-3,Rất cao,Dài hạn
2627,28,Myke Towers,LA FALDA,24,28,14,17931853,False,0,Rất cao,Dài hạn
2628,29,21 Savage,redrum,8,23,12,17737132,False,-6,Rất cao,Trung hạn
2629,30,"Future, Metro Boomin, Travis Scott",Cinderella,17,17,2,17155956,False,-13,Rất cao,Ngắn hạn
2630,31,Michael Marcagi,Scared To Start,31,32,9,16945250,False,1,Rất cao,Trung hạn
2631,32,Natasha Bedingfield,Unwritten,16,34,12,16846922,False,2,Rất cao,Trung hạn
2632,33,Beyoncé,BODYGUARD,33,-1,1,16778787,True,-34,Rất cao,Ngắn hạn
2633,34,Tyla,Water,12,30,28,16714296,False,-4,Rất cao,Dài hạn
2634,35,Dua Lipa,Houdini,6,33,21,16309479,False,-2,Rất cao,Dài hạn
2635,36,"Peso Pluma, Tito Double P, Joel De La P",LA PEOPLE II,36,53,2,15910727,False,17,Rất cao,Ngắn hạn
2636,37,Dasha,Austin (Boots Stop Workin'),37,52,4,15803173,False,15,Rất cao,Ngắn hạn
2637,38,Jack Harlow,Lovin On Me,3,31,21,15774773,False,-7,Rất cao,Dài hạn
2638,39,Olivia Rodrigo,obsessed,20,20,2,15680030,False,-19,Rất cao,Ngắn hạn
2639,40,"Jung Kook, Latto",Seven (feat. Latto) (Explicit Ver.),1,39,38,15627913,False,-1,Rất cao,Dài hạn
2640,41,Lord Huron,The Night We Met,28,38,76,15603510,False,-3,Rất cao,Dài hạn
2641,42,"Zach Bryan, Kacey Musgraves",I Remember Everything (feat. Kacey Musgraves),20,45,32,15474307,False,3,Rất cao,Dài hạn
2642,43,Jimin,Like Crazy,15,47,54,15466299,False,4,Rất cao,Dài hạn
2643,44,Dua Lipa,Training Season,15,42,7,15271085,False,-2,Rất cao,Trung hạn
2644,45,"The Weeknd, Daft Punk",Starboy,1,46,183,15263842,False,1,Rất cao,Dài hạn
2645,46,Ariana Grande,"yes, and?",1,29,12,15049997,False,-17,Cao,Trung hạn
2646,47,Benson Boone,Slow It Down,47,66,2,14911313,False,19,Cao,Ngắn hạn
2647,48,"Beyoncé, Post Malone",LEVII'S JEANS,48,-1,1,14790840,True,-49,Cao,Ngắn hạn
2648,49,"Bad Bunny, Feid",PERRO NEGRO,4,40,25,14624037,False,-9,Cao,Dài hạn
2649,50,Beyoncé,AMERIICAN REQUIEM,50,-1,1,14595101,True,-51,Cao,Ngắn hạn
2650,51,V,FRI(END)S,15,48,3,14549717,False,-3,Cao,Ngắn hạn
2651,52,Ariana Grande,the boy is mine,11,37,4,14403767,False,-15,Cao,Ngắn hạn
2652,53,Bryson Tiller,Whatever She Wants,38,50,6,14327756,False,-3,Cao,Trung hạn
2653,54,Richy Mitch & The Coal Miners,Evergreen,54,59,12,14138764,False,5,Cao,Trung hạn
2654,55,"Beyoncé, Tanner Adell, Brittney Spencer, Tiera Kennedy, Reyna Roberts",BLACKBIIRD,55,-1,1,13991860,True,-56,Cao,Ngắn hạn
2655,56,Beyoncé,DAUGHTER,56,-1,1,13778883,True,-57,Cao,Ngắn hạn
2656,57,Miley Cyrus,Flowers,1,55,64,13686410,False,-2,Cao,Dài hạn
2657,58,"Beyoncé, Linda Martell, Shaboozey",SPAGHETTII,58,-1,1,13533767,True,-59,Cao,Ngắn hạn
2658,59,Harry Styles,As It Was,1,62,105,13464538,False,3,Cao,Dài hạn
2659,60,Olivia Rodrigo,vampire,1,43,40,13461654,False,-17,Cao,Dài hạn
2660,61,Tom Odell,Another Love,15,83,156,13378257,False,22,Cao,Dài hạn
2661,62,YG Marley,Praise Jah In The Moonlight,13,44,10,13336182,False,-18,Cao,Trung hạn
2662,63,Jung Kook,Standing Next to You,1,60,21,13334079,False,-3,Cao,Dài hạn
2663,64,Xavi,La Víctima,8,41,19,13330155,False,-23,Cao,Dài hạn
2664,65,"KAROL G, Peso Pluma",QLONA,5,49,34,13320294,False,-16,Cao,Dài hạn
2665,66,Beyoncé,16 CARRIAGES,66,-1,1,13218830,True,-67,Cao,Ngắn hạn
2666,67,Billie Eilish,"What Was I Made For? [From The Motion Picture ""Barbie""]",3,51,38,13156208,False,-16,Cao,Dài hạn
2667,68,Sabrina Carpenter,Feather,34,63,18,12942134,False,-5,Cao,Dài hạn
2668,69,"Maluma, Carin Leon",Según Quién,17,61,29,12879321,False,-8,Cao,Dài hạn
2669,70,"The Weeknd, Playboi Carti, Madonna",Popular (with Playboi Carti & Madonna),12,58,44,12785251,False,-12,Cao,Dài hạn
2670,71,"Calle 24, Chino Pacas, Fuerza Regida",Que Onda,16,64,31,12535412,False,-7,Cao,Dài hạn
2671,72,Rich Amiri,ONE CALL,42,67,10,12459975,False,-5,Cao,Trung hạn
2672,73,Lewis Capaldi,Someone You Loved,4,72,273,12375422,False,-1,Cao,Dài hạn
2673,74,Beyoncé,YA YA,74,-1,1,12374769,True,-75,Cao,Ngắn hạn
2674,75,The Weeknd,Blinding Lights,1,70,227,12359452,False,-5,Cao,Dài hạn
2675,76,OneRepublic,I Ain't Worried,7,87,96,12235106,False,11,Cao,Dài hạn
2676,77,Fuerza Regida,TÚ NAME,77,82,5,12088677,False,5,Cao,Trung hạn
2677,78,The Weeknd,Die For You,12,79,112,11854116,False,1,Cao,Dài hạn
2678,79,Good Neighbours,Home,68,84,9,11849646,False,5,Cao,Trung hạn
2679,80,"Drake, Wizkid, Kyla",One Dance,12,80,188,11804384,False,0,Cao,Dài hạn
2680,81,Coldplay,Viva La Vida,53,57,84,11767414,False,-24,Cao,Dài hạn
2681,82,David Kushner,Daylight,5,65,51,11724275,False,-17,Cao,Dài hạn
2682,83,Mark Ambor,Belong Together,83,-1,1,11717992,True,-84,Cao,Ngắn hạn
2683,84,Bruno Mars,Locked out of Heaven,39,56,95,11703808,False,-28,Cao,Dài hạn
2684,85,"David Guetta, Bebe Rexha",I'm Good (Blue),2,78,84,11688063,False,-7,Cao,Dài hạn
2685,86,Manuel Turizo,La Bachata,4,71,92,11677317,False,-15,Cao,Dài hạn
2686,87,SZA,Snooze,27,74,67,11643507,False,-13,Cao,Dài hạn
2687,88,Doja Cat,Paint The Town Red,1,75,35,11550151,False,-13,Cao,Dài hạn
2688,89,Creepy Nuts,Bling-Bang-Bang-Born,57,88,12,11425851,False,-1,Cao,Trung hạn
2689,90,"cassö, RAYE, D-Block Europe",Prada,17,93,33,11398766,False,3,Cao,Dài hạn
2690,91,Artemas,if u think i'm pretty,91,156,3,11350638,False,65,Cao,Ngắn hạn
2691,92,"Camila Cabello, Playboi Carti",I LUV IT (feat. Playboi Carti),92,-1,1,11337306,True,-93,Cao,Ngắn hạn
2692,93,"Post Malone, Swae Lee",Sunflower - Spider-Man: Into the Spider-Verse,1,92,278,11327398,False,-1,Cao,Dài hạn
2693,94,"j-hope, Gaeko, YOON MIRAE",NEURON (with Gaeko & YOON MIRAE),94,-1,1,11307544,True,-95,Cao,Ngắn hạn
2694,95,"Beyoncé, Rumi Carter",PROTECTOR,95,-1,1,11235625,True,-96,Trung bình,Ngắn hạn
2695,96,The Neighbourhood,Sweater Weather,19,90,188,11197434,False,-6,Trung bình,Dài hạn
2696,97,"Future, Metro Boomin, The Weeknd",Young Metro,25,25,2,10999349,False,-72,Trung bình,Ngắn hạn
2697,98,a-ha,Take on Me,83,98,33,10989546,False,0,Trung bình,Dài hạn
2698,99,Coldplay,Yellow,36,89,172,10929606,False,-10,Trung bình,Dài hạn
2699,100,Vance Joy,Riptide,30,107,164,10917586,False,7,Trung bình,Dài hạn
2700,101,The Walters,I Love You So,21,96,99,10838699,False,-5,Trung bình,Dài hạn
2701,102,Creedence Clearwater Revival,Have You Ever Seen The Rain,91,108,33,10791562,False,6,Trung bình,Dài hạn
2702,103,Taylor Swift,Lover,2,86,61,10730191,False,-17,Trung bình,Dài hạn
2703,104,Ariana Grande,bye,13,69,4,10714005,False,-35,Trung bình,Ngắn hạn
2704,105,"Kygo, Ava Max",Whatever,91,95,11,10669473,False,-10,Trung bình,Trung hạn
2705,106,G-Eazy,Lady Killers II,106,-1,1,10636392,True,-107,Trung bình,Ngắn hạn
2706,107,"Future, Metro Boomin",We Don't Trust You,22,22,2,10563428,False,-85,Trung bình,Ngắn hạn
2707,108,One Direction,Night Changes,85,97,75,10560734,False,-11,Trung bình,Dài hạn
2708,109,Taylor Swift,Anti-Hero,1,91,76,10513578,False,-18,Trung bình,Dài hạn
2709,110,James Arthur,Say You Won't Let Go,7,100,300,10464910,False,-10,Trung bình,Dài hạn
2710,111,OneRepublic,Counting Stars,86,102,155,10405057,False,-9,Trung bình,Dài hạn
2711,112,Imagine Dragons,Demons,111,130,71,10387924,False,18,Trung bình,Dài hạn
2712,113,SZA,Kill Bill,1,105,69,10348668,False,-8,Trung bình,Dài hạn
2713,114,Beyoncé,ALLIIGATOR TEARS,114,-1,1,10266072,True,-115,Trung bình,Ngắn hạn
2714,115,Cigarettes After Sex,Apocalypse,79,111,90,10221048,False,-4,Trung bình,Dài hạn
2715,116,Beyoncé,MY ROSE,116,-1,1,10192726,True,-117,Trung bình,Ngắn hạn
2716,117,"Tyler, The Creator, Kali Uchis",See You Again (feat. Kali Uchis),16,126,58,10178375,False,9,Trung bình,Dài hạn
2717,118,The Police,Every Breath You Take,77,114,121,10160321,False,-4,Trung bình,Dài hạn
2718,119,LE SSERAFIM,Smart,82,110,6,10146933,False,-9,Trung bình,Trung hạn
2719,120,KAROL G,AMARGURA,53,104,46,10128852,False,-16,Trung bình,Dài hạn
2720,121,Zach Bryan,Something in the Orange,57,131,65,10090401,False,10,Trung bình,Dài hạn
2721,122,Ruth B.,Dandelions,34,120,135,10069811,False,-2,Trung bình,Dài hạn
2722,123,Taylor Swift,cardigan,1,101,67,10069331,False,-22,Trung bình,Dài hạn
2723,124,"Beyoncé, Dolly Parton",TYRANT,124,-1,1,10068729,True,-125,Trung bình,Ngắn hạn
2724,125,"Fuerza Regida, Marshmello",HARLEY QUINN,11,76,23,10043511,False,-49,Trung bình,Dài hạn
2725,126,"Beyoncé, Willie Nelson",SMOKE HOUR ★ WILLIE NELSON,126,-1,1,10027908,True,-127,Trung bình,Ngắn hạn
2726,127,"The Chainsmokers, Coldplay",Something Just Like This,2,116,201,10015403,False,-11,Trung bình,Dài hạn
2727,128,Frank Ocean,Pink + White,69,103,46,10003413,False,-25,Trung bình,Dài hạn
2728,129,TV Girl,Lovers Rock,100,134,41,9939750,False,5,Trung bình,Dài hạn
2729,130,Hotel Ugly,Shut up My Moms Calling,82,113,65,9874335,False,-17,Trung bình,Dài hạn
2730,131,Flo Milli,Never Lose Me,25,-1,11,9856320,True,-132,Trung bình,Trung hạn
2731,132,Arctic Monkeys,505,43,152,117,9802380,False,20,Trung bình,Dài hạn
2732,133,Junior H,Y LLORO,55,166,26,9778437,False,33,Trung bình,Dài hạn
2733,134,V,Love Me Again,11,136,34,9766469,False,2,Trung bình,Dài hạn
2734,135,Travis Scott,goosebumps,13,125,241,9752793,False,-10,Trung bình,Dài hạn
2735,136,Hozier,Take Me To Church,108,151,135,9751687,False,15,Trung bình,Dài hạn
2736,137,"Peso Pluma, Anitta",BELLAKEO,10,115,17,9717620,False,-22,Trung bình,Dài hạn
2737,138,Sabrina Carpenter,Nonsense,17,118,63,9703677,False,-20,Trung bình,Dài hạn
2738,139,Tears For Fears,Everybody Wants To Rule The World,91,146,80,9691746,False,7,Trung bình,Dài hạn
2739,140,Linkin Park,In the End,22,128,39,9679611,False,-12,Trung bình,Dài hạn
2740,141,"Beyoncé, Willie Jones",JUST FOR FUN,141,-1,1,9639333,True,-142,Thấp,Ngắn hạn
2741,142,Eminem,Without Me,31,132,132,9617205,False,-10,Thấp,Dài hạn
2742,143,Beyoncé,RIIVERDANCE,143,-1,1,9617032,True,-144,Thấp,Ngắn hạn
2743,144,"French Montana, Swae Lee",Unforgettable,3,139,83,9594025,False,-5,Thấp,Dài hạn
2744,145,Zeynep Bastık,Lan,41,73,3,9580498,False,-72,Thấp,Ngắn hạn
2745,146,"Drake, Sexyy Red, SZA",Rich Baby Daddy (feat. Sexyy Red & SZA),28,112,25,9572641,False,-34,Thấp,Dài hạn
2746,147,Morgan Wallen,Last Night,14,150,59,9544048,False,3,Thấp,Dài hạn
2747,148,Kenya Grace,Strangers,4,77,31,9482714,False,-71,Thấp,Dài hạn
2748,149,Kanye West,Heartless,76,140,39,9467330,False,-9,Thấp,Dài hạn
2749,150,Ariana Grande,eternal sunshine,15,81,4,9449494,False,-69,Thấp,Ngắn hạn
2750,151,Harry Styles,Watermelon Sugar,4,143,208,9413732,False,-8,Thấp,Dài hạn
2751,152,"Don Omar, Lucenzo",Danza Kuduro,104,142,28,9397219,False,-10,Thấp,Dài hạn
2752,153,Dua Lipa,Dance The Night - From Barbie The Album,5,121,45,9395633,False,-32,Thấp,Dài hạn
2753,154,"Rihanna, Calvin Harris",We Found Love,59,123,57,9394788,False,-31,Thấp,Dài hạn
2754,155,Doja Cat,Agora Hills,16,99,28,9364787,False,-56,Thấp,Dài hạn
2755,156,CYRIL,Stumblin' In,156,188,2,9330563,False,32,Thấp,Ngắn hạn
2756,157,Julión Álvarez y su Norteño Banda,Regalo De Dios,100,124,7,9313970,False,-33,Thấp,Trung hạn
2757,158,"Jung Kook, Jack Harlow",3D (feat. Jack Harlow),3,168,27,9310360,False,10,Thấp,Dài hạn
2758,159,"Billie Eilish, Khalid",lovely (with Khalid),24,135,311,9308650,False,-24,Thấp,Dài hạn
2759,160,Justin Bieber,Ghost,11,149,130,9269581,False,-11,Thấp,Dài hạn
2760,161,"Macklemore, Ryan Lewis, Macklemore & Ryan Lewis, Ray Dalton",Can't Hold Us (feat. Ray Dalton),86,148,108,9253681,False,-13,Thấp,Dài hạn
2761,162,Junior H,ROCKSTAR,145,171,4,9182105,False,9,Thấp,Ngắn hạn
2762,163,Sophie Ellis-Bextor,Murder On The Dancefloor,13,122,14,9127438,False,-41,Thấp,Dài hạn
2763,164,Beyoncé,FLAMENCO,164,-1,1,9098725,True,-165,Thấp,Ngắn hạn
2764,165,Imagine Dragons,Believer,16,160,370,9081864,False,-5,Thấp,Dài hạn
2765,166,"The Weeknd, Lana Del Rey",Stargirl Interlude,92,170,88,9053935,False,4,Thấp,Dài hạn
2766,167,"The Academy: Segunda Misión, Sech, Justin Quiles, Lenny Tavárez, Dalex, Dímelo Flow, Myke Towers",LA RANGER (feat. Myke Towers),167,-1,1,9047349,True,-168,Thấp,Ngắn hạn
2767,168,"KAROL G, Tiësto",CONTIGO (with Tiësto),28,129,7,9045478,False,-39,Thấp,Trung hạn
2768,169,Bruno Mars,Just the Way You Are,39,154,66,9029458,False,-15,Thấp,Dài hạn
2769,170,Linkin Park,Numb,34,153,18,8999423,False,-17,Thấp,Dài hạn
2770,171,d4vd,Romantic Homicide,17,163,83,8915421,False,-8,Thấp,Dài hạn
2771,172,Bruno Mars,That's What I Like,6,106,103,8897016,False,-66,Thấp,Dài hạn
2772,173,LE SSERAFIM,EASY,55,161,6,8886339,False,-12,Thấp,Trung hạn
2773,174,Henry Moodie,drunk text,174,-1,1,8881973,True,-175,Thấp,Ngắn hạn
2774,175,iñigo quintero,Si No Estás,1,127,28,8879478,False,-48,Thấp,Dài hạn
2775,176,Keane,Somewhere Only We Know,80,176,76,8854231,False,0,Thấp,Dài hạn
2776,177,The Goo Goo Dolls,Iris,93,109,36,8845775,False,-68,Thấp,Dài hạn
2777,178,"Gabito Ballesteros, Natanael Cano",El Boss,178,-1,1,8834084,True,-179,Thấp,Ngắn hạn
2778,179,Muni Long,Made For Me,106,137,7,8829988,False,-42,Thấp,Trung hạn
2779,180,"Elton John, Dua Lipa, PNAU",Cold Heart - PNAU Remix,4,157,132,8828787,False,-23,Thấp,Dài hạn
2780,181,The Weeknd,Save Your Tears,2,180,168,8737576,False,-1,Thấp,Dài hạn
2781,182,Taylor Swift,august,11,147,60,8717468,False,-35,Thấp,Dài hạn
2782,183,Bill Withers,Ain't No Sunshine,179,198,4,8702895,False,15,Thấp,Ngắn hạn
2783,184,Glass Animals,Heat Waves,1,187,167,8665932,False,3,Thấp,Dài hạn
2784,185,J. Cole,No Role Modelz,76,173,141,8621909,False,-12,Thấp,Dài hạn
2785,186,Arctic Monkeys,Why'd You Only Call Me When You're High?,95,185,121,8618998,False,-1,Thấp,Dài hạn
2786,187,Jungle,Back On 74,187,-1,1,8604068,True,-188,Thấp,Ngắn hạn
2787,188,"Mesita, Nicki Nicole, Tiago PZK, Emilia",Una Foto Remix (feat. Emilia),58,144,12,8576234,False,-44,Thấp,Trung hạn
2788,189,Benson Boone,In The Stars,54,159,23,8551212,False,-30,Thấp,Dài hạn
2789,190,Eminem,Mockingbird,24,179,77,8549233,False,-11,Thấp,Dài hạn
2790,191,Olivia Rodrigo,so american,68,68,2,8523190,False,-123,Thấp,Ngắn hạn
2791,192,Beyoncé,II HANDS II HEAVEN,192,-1,1,8482086,True,-193,Thấp,Ngắn hạn
2792,193,"Ofenbach, Norma Jean Martine",Overdrive (feat. Norma Jean Martine),167,167,7,8475113,False,-26,Thấp,Trung hạn
2793,194,Maroon 5,Maps,171,193,14,8474272,False,-1,Thấp,Dài hạn
2794,195,Imagine Dragons,Bones,26,-1,97,8472448,True,-196,Thấp,Dài hạn
2795,196,Tate McRae,exes,26,145,20,8458787,False,-51,Thấp,Dài hạn
2796,197,Lana Del Rey,Summertime Sadness,83,186,86,8450066,False,-11,Thấp,Dài hạn
2797,198,"Oscar Ortiz, Edgardo Nuñez",FIRST LOVE,41,133,12,8420523,False,-65,Thấp,Trung hạn
2798,199,Taylor Swift,Don’t Blame Me,71,172,85,8393890,False,-27,Thấp,Dài hạn
2799,200,Bruno Mars,When I Was Your Man,38,192,83,8345381,False,-8,Thấp,Dài hạn
2800,1,Artemas,i like the way you kiss me,1,2,3,57670649,False,1,Rất cao,Ngắn hạn
2801,2,Hozier,Too Sweet,2,6,3,51565883,False,4,Rất cao,Ngắn hạn
2802,3,Benson Boone,Beautiful Things,1,1,12,51003560,False,-2,Rất cao,Trung hạn
2803,4,Djo,End of Beginning,3,4,8,47718994,False,0,Rất cao,Trung hạn
2804,5,Ariana Grande,we can't be friends (wait for your love),1,3,5,44720112,False,-2,Rất cao,Trung hạn
2805,6,"FloyyMenor, Cris Mj",Gata Only,6,8,9,40880666,False,2,Rất cao,Trung hạn
2806,7,"Future, Metro Boomin, Kendrick Lamar",Like That,4,5,3,36820219,False,-2,Rất cao,Ngắn hạn
2807,8,Tate McRae,greedy,1,9,30,32247470,False,1,Rất cao,Dài hạn
2808,9,Teddy Swims,Lose Control,5,10,22,30896423,False,1,Rất cao,Dài hạn
2809,10,Beyoncé,TEXAS HOLD 'EM,2,7,9,28482164,False,-3,Rất cao,Trung hạn
2810,11,ILLIT,Magnetic,11,15,3,26360648,False,4,Rất cao,Ngắn hạn
2811,12,"¥$, Kanye West, Ty Dolla $ign",CARNIVAL,2,11,9,26219506,False,-1,Rất cao,Trung hạn
2812,13,Taylor Swift,Cruel Summer,2,12,62,25892406,False,-1,Rất cao,Dài hạn
2813,14,"The Weeknd, JENNIE, Lily-Rose Depp","One Of The Girls (with JENNIE, Lily Rose Depp)",3,14,27,25142761,False,0,Rất cao,Dài hạn
2814,15,Noah Kahan,Stick Season,6,16,27,23902124,False,1,Rất cao,Dài hạn
2815,16,"Feid, ATL Jacob",LUNA,9,18,18,23707304,False,2,Rất cao,Dài hạn
2816,17,"Bizarrap, Natanael Cano","Natanael Cano: Bzrp Music Sessions, Vol. 59",17,-1,1,23090385,True,-18,Rất cao,Ngắn hạn
2817,18,"Natanael Cano, Oscar Maydon",Madonna,18,19,5,21302401,False,1,Rất cao,Trung hạn
2818,19,"Travis Scott, Playboi Carti",FE!N (feat. Playboi Carti),5,23,30,21132376,False,4,Rất cao,Dài hạn
2819,20,Mitski,My Love Mine All Mine,3,17,29,21096818,False,-3,Rất cao,Dài hạn
2820,21,Xavi,Corazón de Piedra,21,25,3,20841031,False,4,Rất cao,Ngắn hạn
2821,22,Dasha,Austin (Boots Stop Workin'),22,37,5,20513238,False,15,Rất cao,Trung hạn
2822,23,SZA,Saturn,17,24,7,20409852,False,1,Rất cao,Trung hạn
2823,24,Xavi,La Diabla,1,21,18,20311144,False,-3,Rất cao,Dài hạn
2824,25,Michael Marcagi,Scared To Start,25,31,10,19637518,False,6,Rất cao,Trung hạn
2825,26,"Future, Metro Boomin, Travis Scott, Playboi Carti",Type Shit,11,22,3,18609568,False,-4,Rất cao,Ngắn hạn
2826,27,Arctic Monkeys,I Wanna Be Yours,15,27,92,18357824,False,0,Rất cao,Dài hạn
2827,28,Myke Towers,LA FALDA,24,28,15,18332421,False,0,Rất cao,Dài hạn
2828,29,Natasha Bedingfield,Unwritten,16,32,13,17356249,False,3,Rất cao,Dài hạn
2829,30,Tyla,Water,12,34,29,17151078,False,4,Rất cao,Dài hạn
2830,31,Benson Boone,Slow It Down,31,47,3,17013804,False,16,Rất cao,Ngắn hạn
2831,32,21 Savage,redrum,8,29,13,16986284,False,-3,Rất cao,Dài hạn
2832,33,Tom Odell,Another Love,15,61,157,16975390,False,28,Rất cao,Dài hạn
2833,34,Lord Huron,The Night We Met,28,41,77,16920118,False,7,Rất cao,Dài hạn
2834,35,Dua Lipa,Training Season,15,44,8,16321260,False,9,Rất cao,Trung hạn
2835,36,Dua Lipa,Houdini,6,35,22,16157926,False,-1,Rất cao,Dài hạn
2836,37,"Zach Bryan, Kacey Musgraves",I Remember Everything (feat. Kacey Musgraves),20,42,33,15852779,False,5,Rất cao,Dài hạn
2837,38,"Jung Kook, Latto",Seven (feat. Latto) (Explicit Ver.),1,40,39,15449213,False,2,Rất cao,Dài hạn
2838,39,Ariana Grande,intro (end of the world),25,26,5,15292151,False,-13,Rất cao,Trung hạn
2839,40,"Bad Bunny, Feid",PERRO NEGRO,4,49,26,15240380,False,9,Rất cao,Dài hạn
2840,41,Mark Ambor,Belong Together,41,83,2,15015253,False,42,Cao,Ngắn hạn
2841,42,"Peso Pluma, Tito Double P, Joel De La P",LA PEOPLE II,36,36,3,14914161,False,-6,Cao,Ngắn hạn
2842,43,Billie Eilish,"What Was I Made For? [From The Motion Picture ""Barbie""]",3,67,39,14707678,False,24,Cao,Dài hạn
2843,44,J. Cole,7 Minute Drill,44,-1,1,14687368,True,-45,Cao,Ngắn hạn
2844,45,"The Weeknd, Daft Punk",Starboy,1,45,184,14598589,False,0,Cao,Dài hạn
2845,46,Jack Harlow,Lovin On Me,3,38,22,14468553,False,-8,Cao,Dài hạn
2846,47,Richy Mitch & The Coal Miners,Evergreen,47,54,13,14262792,False,7,Cao,Dài hạn
2847,48,"KAROL G, Peso Pluma",QLONA,5,65,35,14229399,False,17,Cao,Dài hạn
2848,49,Sabrina Carpenter,Feather,34,68,19,14214153,False,19,Cao,Dài hạn
2849,50,"Beyoncé, Miley Cyrus",II MOST WANTED,13,13,2,14180197,False,-37,Cao,Ngắn hạn
2850,51,Jimin,Like Crazy,15,43,55,13931021,False,-8,Cao,Dài hạn
2851,52,Artemas,if u think i'm pretty,52,91,4,13861910,False,39,Cao,Ngắn hạn
2852,53,"cassö, RAYE, D-Block Europe",Prada,17,90,34,13810196,False,37,Cao,Dài hạn
2853,54,Olivia Rodrigo,obsessed,20,39,3,13591199,False,-15,Cao,Ngắn hạn
2854,55,Ariana Grande,"yes, and?",1,46,13,13418122,False,-9,Cao,Dài hạn
2855,56,"Future, Metro Boomin, Travis Scott",Cinderella,17,30,3,13401004,False,-26,Cao,Ngắn hạn
2856,57,Xavi,La Víctima,8,64,20,13392155,False,7,Cao,Dài hạn
2857,58,"Maluma, Carin Leon",Según Quién,17,69,30,13210752,False,11,Cao,Dài hạn
2858,59,Harry Styles,As It Was,1,59,106,13172598,False,0,Cao,Dài hạn
2859,60,Olivia Rodrigo,vampire,1,60,41,13116502,False,0,Cao,Dài hạn
2860,61,"Calle 24, Chino Pacas, Fuerza Regida",Que Onda,16,71,32,13109698,False,10,Cao,Dài hạn
2861,62,YG Marley,Praise Jah In The Moonlight,13,62,11,13022555,False,0,Cao,Trung hạn
2862,63,"Bizarrap, Natanael Cano",Entre las de 20,63,-1,1,12988709,True,-64,Cao,Ngắn hạn
2863,64,Lewis Capaldi,Someone You Loved,4,73,274,12947180,False,9,Cao,Dài hạn
2864,65,Fuerza Regida,TÚ NAME,65,77,6,12910239,False,12,Cao,Trung hạn
2865,66,Jung Kook,Standing Next to You,1,63,22,12800495,False,-3,Cao,Dài hạn
2866,67,Miley Cyrus,Flowers,1,57,65,12703960,False,-10,Cao,Dài hạn
2867,68,Good Neighbours,Home,68,79,10,12657735,False,11,Cao,Trung hạn
2868,69,David Kushner,Daylight,5,82,52,12535569,False,13,Cao,Dài hạn
2869,70,The Weeknd,Blinding Lights,1,75,228,12522017,False,5,Cao,Dài hạn
2870,71,Manuel Turizo,La Bachata,4,86,93,12391441,False,15,Cao,Dài hạn
2871,72,Rich Amiri,ONE CALL,42,72,11,12257342,False,0,Cao,Trung hạn
2872,73,V,FRI(END)S,15,51,4,12182790,False,-22,Cao,Ngắn hạn
2873,74,Bryson Tiller,Whatever She Wants [BONUS],38,53,7,12062729,False,-21,Cao,Trung hạn
2874,75,J. Cole,Crocodile Tearz,75,-1,1,12011369,True,-76,Cao,Ngắn hạn
2875,76,Bill Withers,Ain't No Sunshine,76,183,5,11997888,False,107,Cao,Trung hạn
2876,77,Ariana Grande,the boy is mine,11,52,5,11917327,False,-25,Cao,Trung hạn
2877,78,"The Weeknd, Playboi Carti, Madonna",Popular (with Playboi Carti & Madonna) - From The Idol Vol. 1 (Music from the HBO Original Series),12,70,45,11833319,False,-8,Cao,Dài hạn
2878,79,The Walters,I Love You So,21,101,100,11771417,False,22,Cao,Dài hạn
2879,80,BABYMONSTER,SHEESH,80,-1,1,11651235,True,-81,Cao,Ngắn hạn
2880,81,The Weeknd,Die For You,12,78,113,11607724,False,-3,Cao,Dài hạn
2881,82,OneRepublic,I Ain't Worried,7,76,97,11561860,False,-6,Cao,Dài hạn
2882,83,"Drake, Wizkid, Kyla",One Dance,12,80,189,11545366,False,-3,Cao,Dài hạn
2883,84,"Post Malone, Swae Lee",Sunflower - Spider-Man: Into the Spider-Verse,1,93,279,11505535,False,9,Cao,Dài hạn
2884,85,Creedence Clearwater Revival,Have You Ever Seen The Rain,85,102,34,11471637,False,17,Cao,Dài hạn
2885,86,a-ha,Take on Me,83,98,34,11449811,False,12,Cao,Dài hạn
2886,87,"David Guetta, Bebe Rexha",I'm Good (Blue),2,85,85,11396600,False,-2,Cao,Dài hạn
2887,88,The Neighbourhood,Sweater Weather,19,96,189,11117607,False,8,Trung bình,Dài hạn
2888,89,Doja Cat,Paint The Town Red,1,88,36,11091613,False,-1,Trung bình,Dài hạn
2889,90,SZA,Snooze,27,87,68,11051204,False,-3,Trung bình,Dài hạn
2890,91,"Kygo, Ava Max",Whatever,91,105,12,10954137,False,14,Trung bình,Trung hạn
2891,92,Hotel Ugly,Shut up My Moms Calling,82,130,66,10937943,False,38,Trung bình,Dài hạn
2892,93,KAROL G,AMARGURA,53,120,47,10869770,False,27,Trung bình,Dài hạn
2893,94,Coldplay,Yellow,36,99,173,10744776,False,5,Trung bình,Dài hạn
2894,95,CYRIL,Stumblin' In,95,156,3,10730931,False,61,Trung bình,Ngắn hạn
2895,96,Junior H,ROCKSTAR,96,162,5,10720236,False,66,Trung bình,Trung hạn
2896,97,The Police,Every Breath You Take,77,118,122,10686306,False,21,Trung bình,Dài hạn
2897,98,Ruth B.,Dandelions,34,122,136,10678880,False,24,Trung bình,Dài hạn
2898,99,Tears For Fears,Everybody Wants To Rule The World,91,139,81,10654407,False,40,Trung bình,Dài hạn
2899,100,Vance Joy,Riptide,30,100,165,10646438,False,0,Trung bình,Dài hạn
2900,101,Junior H,Y LLORO,55,133,27,10645786,False,32,Trung bình,Dài hạn
2901,102,Sabrina Carpenter,Nonsense,17,138,64,10638935,False,36,Trung bình,Dài hạn
2902,103,G-Eazy,Lady Killers II,103,106,2,10637003,False,3,Trung bình,Ngắn hạn
2903,104,"The Academy: Segunda Misión, Sech, Justin Quiles, Lenny Tavárez, Dalex, Dímelo Flow, Myke Towers",LA RANGER (feat. Myke Towers),104,167,2,10607909,False,63,Trung bình,Ngắn hạn
2904,105,OneRepublic,Counting Stars,86,111,156,10580697,False,6,Trung bình,Dài hạn
2905,106,Creepy Nuts,Bling-Bang-Bang-Born,57,89,13,10552867,False,-17,Trung bình,Dài hạn
2906,107,"Macklemore, Ryan Lewis, Macklemore & Ryan Lewis, Ray Dalton",Can't Hold Us (feat. Ray Dalton),86,161,109,10541858,False,54,Trung bình,Dài hạn
2907,108,Taylor Swift,cardigan,1,123,68,10491029,False,15,Trung bình,Dài hạn
2908,109,J. Cole,No Role Modelz,76,185,142,10430756,False,76,Trung bình,Dài hạn
2909,110,"French Montana, Swae Lee",Unforgettable,3,144,84,10337470,False,34,Trung bình,Dài hạn
2910,111,"Billie Eilish, Khalid",lovely (with Khalid),24,159,312,10333077,False,48,Trung bình,Dài hạn
2911,112,Taylor Swift,Lover,2,103,62,10327310,False,-9,Trung bình,Dài hạn
2912,113,Hozier,Take Me To Church,108,136,136,10227875,False,23,Trung bình,Dài hạn
2913,114,LE SSERAFIM,Smart,82,119,7,10223352,False,5,Trung bình,Trung hạn
2914,115,"Don Omar, Lucenzo",Danza Kuduro,104,152,29,10184302,False,37,Trung bình,Dài hạn
2915,116,SZA,Kill Bill,1,113,70,10095908,False,-3,Trung bình,Dài hạn
2916,117,Bruno Mars,Locked out of Heaven,39,84,96,10072838,False,-33,Trung bình,Dài hạn
2917,118,Imagine Dragons,Demons,111,112,72,10062840,False,-6,Trung bình,Dài hạn
2918,119,James Arthur,Say You Won't Let Go,7,110,301,10007069,False,-9,Trung bình,Dài hạn
2919,120,"J. Cole, Bas, Central Cee",H.Y.B. (feat. Bas & Central Cee),120,-1,1,10003879,True,-121,Trung bình,Ngắn hạn
2920,121,One Direction,Night Changes,85,108,76,9974881,False,-13,Trung bình,Dài hạn
2921,122,d4vd,Romantic Homicide,17,171,84,9962887,False,49,Trung bình,Dài hạn
2922,123,Harry Styles,Watermelon Sugar,4,151,209,9948779,False,28,Trung bình,Dài hạn
2923,124,"Peso Pluma, Anitta",BELLAKEO,10,137,18,9921991,False,13,Trung bình,Dài hạn
2924,125,"Tiago PZK, Ke Personajes",Piel,125,-1,1,9902174,True,-126,Trung bình,Ngắn hạn
2925,126,Arctic Monkeys,505,43,132,118,9892380,False,6,Trung bình,Dài hạn
2926,127,TV Girl,Lovers Rock,100,129,42,9869898,False,2,Trung bình,Dài hạn
2927,128,"The Chainsmokers, Coldplay",Something Just Like This,2,127,202,9846224,False,-1,Trung bình,Dài hạn
2928,129,Cigarettes After Sex,Apocalypse,79,115,91,9843216,False,-14,Trung bình,Dài hạn
2929,130,Taylor Swift,Anti-Hero,1,109,77,9835414,False,-21,Trung bình,Dài hạn
2930,131,Julión Álvarez y su Norteño Banda,Regalo De Dios,100,157,8,9800298,False,26,Trung bình,Trung hạn
2931,132,Linkin Park,In the End,22,140,40,9758508,False,8,Trung bình,Dài hạn
2932,133,Zach Bryan,Something in the Orange,57,121,66,9741739,False,-12,Trung bình,Dài hạn
2933,134,Beyoncé,BODYGUARD,33,33,2,9701833,False,-101,Trung bình,Ngắn hạn
2934,135,Frank Ocean,Pink + White,69,128,47,9669191,False,-7,Thấp,Dài hạn
2935,136,Morgan Wallen,Last Night,14,147,60,9667824,False,11,Thấp,Dài hạn
2936,137,Eminem,Without Me,31,142,133,9626562,False,5,Thấp,Dài hạn
2937,138,Coldplay,Viva La Vida,53,81,85,9626056,False,-57,Thấp,Dài hạn
2938,139,Linkin Park,Numb,34,170,19,9603412,False,31,Thấp,Dài hạn
2939,140,Beyoncé,JOLENE,20,20,2,9602367,False,-120,Thấp,Ngắn hạn
2940,141,Travis Scott,goosebumps,13,135,242,9552745,False,-6,Thấp,Dài hạn
2941,142,"Gabito Ballesteros, Natanael Cano",El Boss,142,178,2,9525437,False,36,Thấp,Ngắn hạn
2942,143,V,Love Me Again,11,134,35,9519627,False,-9,Thấp,Dài hạn
2943,144,Benson Boone,Cry,144,-1,1,9444217,True,-145,Thấp,Ngắn hạn
2944,145,Jungle,Back On 74,145,187,2,9431924,False,42,Thấp,Ngắn hạn
2945,146,"Drake, Sexyy Red, SZA",Rich Baby Daddy (feat. Sexyy Red & SZA),28,146,26,9383418,False,0,Thấp,Dài hạn
2946,147,Billie Eilish,hotline (edit),147,-1,2,9364293,True,-148,Thấp,Ngắn hạn
2947,148,Kanye West,Heartless,76,149,40,9349899,False,1,Thấp,Dài hạn
2948,149,"The Weeknd, Lana Del Rey",Stargirl Interlude,92,166,89,9346660,False,17,Thấp,Dài hạn
2949,150,"Elton John, Dua Lipa, PNAU",Cold Heart - PNAU Remix,4,180,133,9338597,False,30,Thấp,Dài hạn
2950,151,Kenya Grace,Strangers,4,148,32,9274787,False,-3,Thấp,Dài hạn
2951,152,Glass Animals,Heat Waves,1,184,168,9228527,False,32,Thấp,Dài hạn
2952,153,"Stephen Sanchez, Em Beihold",Until I Found You (with Em Beihold) - Em Beihold Version,10,-1,64,9217263,True,-154,Thấp,Dài hạn
2953,154,Imagine Dragons,Believer,16,165,371,9185394,False,11,Thấp,Dài hạn
2954,155,"Rihanna, Calvin Harris",We Found Love,59,154,58,9132426,False,-1,Thấp,Dài hạn
2955,156,Doja Cat,Agora Hills,16,155,29,9130429,False,-1,Thấp,Dài hạn
2956,157,"Ofenbach, Norma Jean Martine",Overdrive (feat. Norma Jean Martine),157,193,8,9119418,False,36,Thấp,Trung hạn
2957,158,Dominic Fike,Babydoll,158,-1,1,9116257,True,-159,Thấp,Ngắn hạn
2958,159,Keane,Somewhere Only We Know,80,176,77,9094715,False,17,Thấp,Dài hạn
2959,160,Foster The People,Pumped Up Kicks,160,-1,3,9019189,True,-161,Thấp,Ngắn hạn
2960,161,Justin Bieber,Ghost,11,160,131,9011191,False,-1,Thấp,Dài hạn
2961,162,Eminem,Mockingbird,24,190,78,9008594,False,28,Thấp,Dài hạn
2962,163,"Jung Kook, Jack Harlow",3D (feat. Jack Harlow),3,158,28,8999105,False,-5,Thấp,Dài hạn
2963,164,"Tyler, The Creator, Kali Uchis",See You Again (feat. Kali Uchis),16,117,59,8988199,False,-47,Thấp,Dài hạn
2964,165,Isabel LaRosa,Favorite,165,-1,1,8987124,True,-166,Thấp,Ngắn hạn
2965,166,Taylor Swift,august,11,182,61,8981651,False,16,Thấp,Dài hạn
2966,167,iñigo quintero,Si No Estás,1,175,29,8963458,False,8,Thấp,Dài hạn
2967,168,"Oscar Ortiz, Edgardo Nuñez",FIRST LOVE,41,198,13,8957649,False,30,Thấp,Dài hạn
2968,169,J. Cole,Huntin’ Wabbitz,169,-1,1,8943622,True,-170,Thấp,Ngắn hạn
2969,170,Beach Weather,"Sex, Drugs, Etc.",58,-1,31,8930713,True,-171,Thấp,Dài hạn
2970,171,Henry Moodie,drunk text,171,174,2,8919619,False,3,Thấp,Ngắn hạn
2971,172,Benson Boone,In The Stars,54,189,24,8917566,False,17,Thấp,Dài hạn
2972,173,Dua Lipa,Dance The Night - From Barbie The Album,5,153,46,8911199,False,-20,Thấp,Dài hạn
2973,174,"KAROL G, Tiësto",CONTIGO (with Tiësto),28,168,8,8867194,False,-6,Thấp,Trung hạn
2974,175,Lana Del Rey,Summertime Sadness,83,197,87,8863494,False,22,Thấp,Dài hạn
2975,176,Sophie Ellis-Bextor,Murder On The Dancefloor,13,163,15,8809379,False,-13,Thấp,Dài hạn
2976,177,d4vd,Feel It - From The Original Series “Invincible”,177,-1,1,8798123,True,-178,Thấp,Ngắn hạn
2977,178,Bruno Mars,Just the Way You Are,39,169,67,8737732,False,-9,Thấp,Dài hạn
2978,179,"J. Cole, Ari Lennox, Young Dro, Gucci Mane","Pricey (feat. Ari Lennox, Young Dro & Gucci Mane)",179,-1,1,8721014,True,-180,Thấp,Ngắn hạn
2979,180,Flo Milli,Never Lose Me,25,131,12,8699224,False,-49,Thấp,Trung hạn
2980,181,AC/DC,Highway to Hell,152,-1,6,8677413,True,-182,Thấp,Trung hạn
2981,182,Muni Long,Made For Me,106,179,8,8662853,False,-3,Thấp,Trung hạn
2982,183,"Fuerza Regida, Marshmello",HARLEY QUINN,11,125,24,8608187,False,-58,Thấp,Dài hạn
2983,184,Fuerza Regida,SABOR FRESA,15,-1,27,8603967,True,-185,Thấp,Dài hạn
2984,185,TOMORROW X TOGETHER,Deja Vu,185,-1,1,8583078,True,-186,Thấp,Ngắn hạn
2985,186,Ariana Grande,bye,13,104,5,8558058,False,-82,Thấp,Trung hạn
2986,187,The Weeknd,Save Your Tears,2,181,169,8556163,False,-6,Thấp,Dài hạn
2987,188,Imagine Dragons,Bones,26,195,98,8545447,False,7,Thấp,Dài hạn
2988,189,"Mesita, Nicki Nicole, Tiago PZK, Emilia",Una Foto Remix (feat. Emilia),58,188,13,8541055,False,-1,Thấp,Dài hạn
2989,190,"Earth, Wind & Fire",September,132,-1,9,8520221,True,-191,Thấp,Trung hạn
2990,191,"Feid, Young Miko",CLASSY 101,8,-1,53,8500273,True,-192,Thấp,Dài hạn
2991,192,"Kendrick Lamar, SZA",All The Stars (with SZA),2,-1,47,8477956,True,-193,Thấp,Dài hạn
2992,193,"Dimitri Vegas & Like Mike, Tiësto, Dido, W&W, Dimitri Vegas, Like Mike",Thank You (Not So Bad),170,-1,6,8397616,True,-194,Thấp,Trung hạn
2993,194,New West,Those Eyes,86,-1,51,8345189,True,-195,Thấp,Dài hạn
2994,195,"Shakira, Wyclef Jean",Hips Don't Lie (feat. Wyclef Jean),175,-1,5,8335477,True,-196,Thấp,Trung hạn
2995,196,"Camila Cabello, Playboi Carti",I LUV IT (feat. Playboi Carti),92,92,2,8319937,False,-104,Thấp,Ngắn hạn
2996,197,Noah Cyrus,July,77,-1,42,8286512,True,-198,Thấp,Dài hạn
2997,198,Bruno Mars,When I Was Your Man,38,200,84,8272836,False,2,Thấp,Dài hạn
2998,199,Maroon 5,Maps,171,194,15,8256620,False,-5,Thấp,Dài hạn
2999,200,"Oscar Maydon, Gabito Ballesteros, Chino Pacas",Elvira,162,-1,4,8255604,True,-201,Thấp,Ngắn hạn
3000,1,Artemas,i like the way you kiss me,1,1,4,62645826,False,0,Rất cao,Ngắn hạn
3001,2,Hozier,Too Sweet,2,2,4,56325657,False,0,Rất cao,Ngắn hạn
3002,3,"FloyyMenor, Cris Mj",Gata Only,3,6,10,52075342,False,3,Rất cao,Trung hạn
3003,4,Djo,End of Beginning,3,4,9,45117536,False,0,Rất cao,Trung hạn
3004,5,Benson Boone,Beautiful Things,1,3,13,44217346,False,-2,Rất cao,Dài hạn
3005,6,Ariana Grande,we can't be friends (wait for your love),1,5,6,41382935,False,-1,Rất cao,Trung hạn
3006,7,Tate McRae,greedy,1,8,31,31311587,False,1,Rất cao,Dài hạn
3007,8,Sabrina Carpenter,Espresso,8,-1,1,31200075,True,-9,Rất cao,Ngắn hạn
3008,9,"Future, Metro Boomin, Kendrick Lamar",Like That,4,7,4,30940558,False,-2,Rất cao,Ngắn hạn
3009,10,Teddy Swims,Lose Control,5,9,23,30521805,False,-1,Rất cao,Dài hạn
3010,11,ILLIT,Magnetic,11,11,4,26865364,False,0,Rất cao,Ngắn hạn
3011,12,"The Weeknd, JENNIE, Lily-Rose Depp","One Of The Girls (with JENNIE, Lily Rose Depp)",3,14,28,26321572,False,2,Rất cao,Dài hạn
3012,13,Taylor Swift,Cruel Summer,2,13,63,26272832,False,0,Rất cao,Dài hạn
3013,14,Noah Kahan,Stick Season,6,15,28,23881825,False,1,Rất cao,Dài hạn
3014,15,Beyoncé,TEXAS HOLD 'EM,2,10,10,23510777,False,-5,Rất cao,Trung hạn
3015,16,"¥$, Kanye West, Ty Dolla $ign",CARNIVAL,2,12,10,22963462,False,-4,Rất cao,Trung hạn
3016,17,SZA,Saturn,17,23,8,22563292,False,6,Rất cao,Trung hạn
3017,18,"Feid, ATL Jacob",LUNA,9,16,19,22517087,False,-2,Rất cao,Dài hạn
3018,19,Mitski,My Love Mine All Mine,3,20,30,20920836,False,1,Rất cao,Dài hạn
3019,20,Dasha,Austin (Boots Stop Workin'),20,22,6,20002891,False,2,Rất cao,Trung hạn
3020,21,"Travis Scott, Playboi Carti",FE!N (feat. Playboi Carti),5,19,31,19795166,False,-2,Rất cao,Dài hạn
3021,22,"Natanael Cano, Oscar Maydon",Madonna,18,18,6,19672868,False,-4,Rất cao,Trung hạn
3022,23,Arctic Monkeys,I Wanna Be Yours,15,27,93,19024354,False,4,Rất cao,Dài hạn
3023,24,"Bizarrap, Natanael Cano","Natanael Cano: Bzrp Music Sessions, Vol. 59",17,17,2,18915380,False,-7,Rất cao,Ngắn hạn
3024,25,Dua Lipa,Illusion,25,-1,1,18688898,True,-26,Rất cao,Ngắn hạn
3025,26,Xavi,La Diabla,1,24,19,18469658,False,-2,Rất cao,Dài hạn
3026,27,Xavi,Corazón de Piedra,21,21,4,18442545,False,-6,Rất cao,Ngắn hạn
3027,28,"Future, Metro Boomin, Travis Scott, Playboi Carti",Type Shit,11,26,4,17640729,False,-2,Rất cao,Ngắn hạn
3028,29,Myke Towers,LA FALDA,24,28,16,17179034,False,-1,Rất cao,Dài hạn
3029,30,Michael Marcagi,Scared To Start,25,25,11,16962090,False,-5,Rất cao,Trung hạn
3030,31,Lord Huron,The Night We Met,28,34,78,16789449,False,3,Rất cao,Dài hạn
3031,32,Tyla,Water,12,30,30,16770324,False,-2,Rất cao,Dài hạn
3032,33,Natasha Bedingfield,Unwritten,16,29,14,16516311,False,-4,Rất cao,Dài hạn
3033,34,"Future, Metro Boomin, The Weeknd",We Still Don't Trust You,34,-1,1,16464864,True,-35,Rất cao,Ngắn hạn
3034,35,Mark Ambor,Belong Together,35,41,3,16454946,False,6,Rất cao,Ngắn hạn
3035,36,"Jaxomy, Agatino Romero, Raffaella Carrà",Pedro,36,-1,1,16066335,True,-37,Rất cao,Ngắn hạn
3036,37,21 Savage,redrum,8,32,14,15674982,False,-5,Rất cao,Dài hạn
3037,38,"Jung Kook, Latto",Seven (feat. Latto) (Explicit Ver.),1,38,40,15386242,False,0,Rất cao,Dài hạn
3038,39,"Zach Bryan, Kacey Musgraves",I Remember Everything (feat. Kacey Musgraves),20,37,34,15348459,False,-2,Rất cao,Dài hạn
3039,40,Richy Mitch & The Coal Miners,Evergreen,40,47,14,15263041,False,7,Rất cao,Dài hạn
3040,41,Dua Lipa,Training Season,15,35,9,15240909,False,-6,Rất cao,Trung hạn
3041,42,"Bad Bunny, Feid",PERRO NEGRO,4,40,27,15087311,False,-2,Rất cao,Dài hạn
3042,43,Dua Lipa,Houdini,6,36,23,15056578,False,-7,Cao,Dài hạn
3043,44,Lay Bankz,Tell Ur Girlfriend,44,-1,1,14991956,True,-45,Cao,Ngắn hạn
3044,45,"The Weeknd, Daft Punk",Starboy,1,45,185,14883172,False,0,Cao,Dài hạn
3045,46,Sabrina Carpenter,Feather,34,49,20,14817409,False,3,Cao,Dài hạn
3046,47,Tom Odell,Another Love,15,33,158,14810262,False,-14,Cao,Dài hạn
3047,48,Ariana Grande,intro (end of the world),25,39,6,14757858,False,-9,Cao,Trung hạn
3048,49,Benson Boone,Slow It Down,31,31,4,14502247,False,-18,Cao,Ngắn hạn
3049,50,"KAROL G, Peso Pluma",QLONA,5,48,36,14401303,False,-2,Cao,Dài hạn
3050,51,Jack Harlow,Lovin On Me,3,46,23,14116285,False,-5,Cao,Dài hạn
3051,52,Artemas,if u think i'm pretty,52,52,5,14076739,False,0,Cao,Trung hạn
3052,53,Harry Styles,As It Was,1,59,107,13789347,False,6,Cao,Dài hạn
3053,54,"Peso Pluma, Tito Double P, Joel De La P",LA PEOPLE II,36,42,4,13348257,False,-12,Cao,Ngắn hạn
3054,55,Fuerza Regida,TÚ NAME,55,65,7,13337246,False,10,Cao,Trung hạn
3055,56,Billie Eilish,"What Was I Made For? [From The Motion Picture ""Barbie""]",3,43,40,13323589,False,-13,Cao,Dài hạn
3056,57,BABYMONSTER,SHEESH,57,80,2,13232324,False,23,Cao,Ngắn hạn
3057,58,Jimin,Like Crazy,15,51,56,13226236,False,-7,Cao,Dài hạn
3058,59,YG Marley,Praise Jah In The Moonlight,13,62,12,13122091,False,3,Cao,Trung hạn
3059,60,"cassö, RAYE, D-Block Europe",Prada,17,53,35,13088065,False,-7,Cao,Dài hạn
3060,61,Lewis Capaldi,Someone You Loved,4,64,275,12940195,False,3,Cao,Dài hạn
3061,62,Chappell Roan,"Good Luck, Babe!",62,-1,1,12870633,True,-63,Cao,Ngắn hạn
3062,63,Olivia Rodrigo,vampire,1,60,42,12818681,False,-3,Cao,Dài hạn
3063,64,Miley Cyrus,Flowers,1,67,66,12670918,False,3,Cao,Dài hạn
3064,65,Xavi,La Víctima,8,57,21,12630948,False,-8,Cao,Dài hạn
3065,66,Jung Kook,Standing Next to You,1,66,23,12614822,False,0,Cao,Dài hạn
3066,67,Manuel Turizo,La Bachata,4,71,94,12514343,False,4,Cao,Dài hạn
3067,68,The Weeknd,Blinding Lights,1,70,229,12514145,False,2,Cao,Dài hạn
3068,69,Olivia Rodrigo,obsessed,20,54,4,12395209,False,-15,Cao,Ngắn hạn
3069,70,Bryson Tiller,Whatever She Wants,38,74,8,12335821,False,4,Cao,Trung hạn
3070,71,The Neighbourhood,Sweater Weather,19,88,190,12148798,False,17,Cao,Dài hạn
3071,72,"Calle 24, Chino Pacas, Fuerza Regida",Que Onda,16,61,33,12110616,False,-11,Cao,Dài hạn
3072,73,"Maluma, Carin Leon",Según Quién,17,58,31,12063426,False,-15,Cao,Dài hạn
3073,74,"The Weeknd, Playboi Carti, Madonna",Popular (with Playboi Carti & Madonna) - From The Idol Vol. 1 (Music from the HBO Original Series),12,78,46,12046611,False,4,Cao,Dài hạn
3074,75,OneRepublic,I Ain't Worried,7,82,98,11988807,False,7,Cao,Dài hạn
3075,76,Rich Amiri,ONE CALL,42,72,12,11964582,False,-4,Cao,Trung hạn
3076,77,David Kushner,Daylight,5,69,53,11925355,False,-8,Cao,Dài hạn
3077,78,"Drake, Wizkid, Kyla",One Dance,12,83,190,11886738,False,5,Cao,Dài hạn
3078,79,"Future, Metro Boomin, Travis Scott",Cinderella,17,56,4,11861886,False,-23,Cao,Ngắn hạn
3079,80,"Bizarrap, Natanael Cano",Entre las de 20,63,63,2,11762597,False,-17,Cao,Ngắn hạn
3080,81,SZA,Snooze,27,90,69,11743036,False,9,Cao,Dài hạn
3081,82,Good Neighbours,Home,68,68,11,11701340,False,-14,Cao,Trung hạn
3082,83,Ariana Grande,"yes, and?",1,55,14,11682844,False,-28,Cao,Dài hạn
3083,84,The Walters,I Love You So,21,79,101,11528837,False,-5,Cao,Dài hạn
3084,85,"David Guetta, Bebe Rexha",I'm Good (Blue),2,87,86,11514662,False,2,Cao,Dài hạn
3085,86,The Weeknd,Die For You,12,81,114,11502843,False,-5,Cao,Dài hạn
3086,87,"Post Malone, Swae Lee",Sunflower - Spider-Man: Into the Spider-Verse,1,84,280,11487867,False,-3,Cao,Dài hạn
3087,88,a-ha,Take on Me,83,86,35,11472072,False,-2,Cao,Dài hạn
3088,89,Hotel Ugly,Shut up My Moms Calling,82,92,67,11359466,False,3,Cao,Dài hạn
3089,90,Creedence Clearwater Revival,Have You Ever Seen The Rain,85,85,35,11308249,False,-5,Cao,Dài hạn
3090,91,Junior H,Y LLORO,55,101,28,11192882,False,10,Trung bình,Dài hạn
3091,92,KAROL G,AMARGURA,53,93,48,11171885,False,1,Trung bình,Dài hạn
3092,93,d4vd,Feel It - From The Original Series “Invincible”,93,177,2,11122360,False,84,Trung bình,Ngắn hạn
3093,94,Vance Joy,Riptide,30,100,166,10960567,False,6,Trung bình,Dài hạn
3094,95,Doja Cat,Paint The Town Red,1,89,37,10892095,False,-6,Trung bình,Dài hạn
3095,96,Junior H,ROCKSTAR,96,96,6,10877790,False,0,Trung bình,Trung hạn
3096,97,The Police,Every Breath You Take,77,97,123,10821944,False,0,Trung bình,Dài hạn
3097,98,LE SSERAFIM,Smart,82,114,8,10818580,False,16,Trung bình,Trung hạn
3098,99,Frank Ocean,Pink + White,69,135,48,10781741,False,36,Trung bình,Dài hạn
3099,100,Sabrina Carpenter,Nonsense,17,102,65,10775011,False,2,Trung bình,Dài hạn
3100,101,Bruno Mars,Locked out of Heaven,39,117,97,10729707,False,16,Trung bình,Dài hạn
3101,102,Coldplay,Yellow,36,94,174,10715339,False,-8,Trung bình,Dài hạn
3102,103,Linkin Park,In the End,22,132,41,10705545,False,29,Trung bình,Dài hạn
3103,104,Taylor Swift,Lover,2,112,63,10700847,False,8,Trung bình,Dài hạn
3104,105,Lana Del Rey,Summertime Sadness,83,175,88,10683039,False,70,Trung bình,Dài hạn
3105,106,"Disturbed, CYRIL",The Sound of Silence - CYRIL Remix,106,-1,1,10678451,True,-107,Trung bình,Ngắn hạn
3106,107,Ariana Grande,the boy is mine,11,77,6,10613449,False,-30,Trung bình,Trung hạn
3107,108,SZA,Kill Bill,1,116,71,10582093,False,8,Trung bình,Dài hạn
3108,109,V,FRI(END)S,15,73,5,10580187,False,-36,Trung bình,Trung hạn
3109,110,Ruth B.,Dandelions,34,98,137,10576709,False,-12,Trung bình,Dài hạn
3110,111,"Kygo, Ava Max",Whatever,91,91,13,10550028,False,-20,Trung bình,Dài hạn
3111,112,CYRIL,Stumblin' In,95,95,4,10515722,False,-17,Trung bình,Ngắn hạn
3112,113,Julión Álvarez y su Norteño Banda,Regalo De Dios,100,131,9,10471923,False,18,Trung bình,Trung hạn
3113,114,Arctic Monkeys,505,43,126,119,10459258,False,12,Trung bình,Dài hạn
3114,115,James Arthur,Say You Won't Let Go,7,119,302,10457713,False,4,Trung bình,Dài hạn
3115,116,Taylor Swift,Anti-Hero,1,130,78,10420784,False,14,Trung bình,Dài hạn
3116,117,OneRepublic,Counting Stars,86,105,157,10263052,False,-12,Trung bình,Dài hạn
3117,118,"Billie Eilish, Khalid",lovely (with Khalid),24,111,313,10261246,False,-7,Trung bình,Dài hạn
3118,119,One Direction,Night Changes,85,121,77,10227994,False,2,Trung bình,Dài hạn
3119,120,Cigarettes After Sex,Apocalypse,79,129,92,10176809,False,9,Trung bình,Dài hạn
3120,121,"Tyler, The Creator, Kali Uchis",See You Again (feat. Kali Uchis),16,164,60,10153661,False,43,Trung bình,Dài hạn
3121,122,Hozier,Take Me To Church,108,113,137,10128127,False,-9,Trung bình,Dài hạn
3122,123,"Don Omar, Lucenzo",Danza Kuduro,104,115,30,10121114,False,-8,Trung bình,Dài hạn
3123,124,Tears For Fears,Everybody Wants To Rule The World,91,99,82,10105054,False,-25,Trung bình,Dài hạn
3124,125,Imagine Dragons,Demons,111,118,73,10063923,False,-7,Trung bình,Dài hạn
3125,126,"Macklemore, Ryan Lewis, Macklemore & Ryan Lewis, Ray Dalton",Can't Hold Us (feat. Ray Dalton),86,107,110,10049918,False,-19,Trung bình,Dài hạn
3126,127,Coldplay,Viva La Vida,53,138,86,10035998,False,11,Trung bình,Dài hạn
3127,128,Zach Bryan,Something in the Orange,57,133,67,10033447,False,5,Trung bình,Dài hạn
3128,129,Morgan Wallen,Last Night,14,136,61,10011832,False,7,Trung bình,Dài hạn
3129,130,Taylor Swift,cardigan,1,108,69,9977117,False,-22,Trung bình,Dài hạn
3130,131,Isabel LaRosa,Favorite,131,165,2,9971839,False,34,Trung bình,Ngắn hạn
3131,132,"The Chainsmokers, Coldplay",Something Just Like This,2,128,203,9937178,False,-4,Trung bình,Dài hạn
3132,133,TV Girl,Lovers Rock,100,127,43,9919040,False,-6,Trung bình,Dài hạn
3133,134,Harry Styles,Watermelon Sugar,4,123,210,9779834,False,-11,Trung bình,Dài hạn
3134,135,Linkin Park,Numb,34,139,20,9759124,False,4,Trung bình,Dài hạn
3135,136,Creepy Nuts,Bling-Bang-Bang-Born,57,106,14,9696976,False,-30,Trung bình,Dài hạn
3136,137,"David Guetta, OneRepublic",I Don't Wanna Wait,137,-1,1,9673998,True,-138,Trung bình,Ngắn hạn
3137,138,G-Eazy,Lady Killers II,103,103,3,9673374,False,-35,Trung bình,Ngắn hạn
3138,139,Keane,Somewhere Only We Know,80,159,78,9656377,False,20,Thấp,Dài hạn
3139,140,Bill Withers,Ain't No Sunshine,76,76,6,9587372,False,-64,Thấp,Trung hạn
3140,141,"French Montana, Swae Lee",Unforgettable,3,110,85,9538030,False,-31,Thấp,Dài hạn
3141,142,Eminem,Without Me,31,137,134,9535945,False,-5,Thấp,Dài hạn
3142,143,"Rihanna, Calvin Harris",We Found Love,59,155,59,9535659,False,12,Thấp,Dài hạn
3143,144,"The Weeknd, Lana Del Rey",Stargirl Interlude,92,149,90,9532491,False,5,Thấp,Dài hạn
3144,145,"Tiago PZK, Ke Personajes",Piel,125,125,2,9477010,False,-20,Thấp,Ngắn hạn
3145,146,d4vd,Romantic Homicide,17,122,85,9422733,False,-24,Thấp,Dài hạn
3146,147,Imagine Dragons,Believer,16,154,372,9398683,False,7,Thấp,Dài hạn
3147,148,"The Academy: Segunda Misión, Sech, Justin Quiles, Lenny Tavárez, Dalex, Dímelo Flow, Myke Towers",LA RANGER (feat. Myke Towers),104,104,3,9397509,False,-44,Thấp,Ngắn hạn
3148,149,V,Love Me Again,11,143,36,9393369,False,-6,Thấp,Dài hạn
3149,150,"Peso Pluma, Anitta",BELLAKEO,10,124,19,9329023,False,-26,Thấp,Dài hạn
3150,151,Taylor Swift,august,11,166,62,9323236,False,15,Thấp,Dài hạn
3151,152,Kanye West,Heartless,76,148,41,9302854,False,-4,Thấp,Dài hạn
3152,153,Glass Animals,Heat Waves,1,152,169,9298517,False,-1,Thấp,Dài hạn
3153,154,"Elton John, Dua Lipa, PNAU",Cold Heart - PNAU Remix,4,150,134,9202914,False,-4,Thấp,Dài hạn
3154,155,Travis Scott,goosebumps,13,141,243,9188727,False,-14,Thấp,Dài hạn
3155,156,Billie Eilish,hotline (edit),147,147,3,9120327,False,-9,Thấp,Ngắn hạn
3156,157,Dua Lipa,Dance The Night - From Barbie The Album,5,173,47,9111860,False,16,Thấp,Dài hạn
3157,158,"Fuerza Regida, Marshmello",HARLEY QUINN,11,183,25,9074660,False,25,Thấp,Dài hạn
3158,159,Benson Boone,Cry,144,144,2,9052508,False,-15,Thấp,Ngắn hạn
3159,160,Doja Cat,Agora Hills,16,156,30,9040547,False,-4,Thấp,Dài hạn
3160,161,Kenya Grace,Strangers,4,151,33,9031060,False,-10,Thấp,Dài hạn
3161,162,Justin Bieber,Ghost,11,161,132,9026882,False,-1,Thấp,Dài hạn
3162,163,"DJ JZ, Humberto & Ronaldo, Mc Mininin, DJ LG PROD, Silvanno Salles",Mtg Quero Te Encontrar,163,-1,1,9013072,True,-164,Thấp,Ngắn hạn
3163,164,J. Cole,No Role Modelz,76,109,143,8987259,False,-55,Thấp,Dài hạn
3164,165,Shaboozey,A Bar Song (Tipsy),165,-1,1,8966033,True,-166,Thấp,Ngắn hạn
3165,166,"Luis R Conriquez, Neton Vega",Si No Quieres No,166,-1,1,8962804,True,-167,Thấp,Ngắn hạn
3166,167,"iZaak, JHAYCO, Anuel AA",BBY BOO - REMIX,167,-1,1,8958408,True,-168,Thấp,Ngắn hạn
3167,168,Bruno Mars,Just the Way You Are,39,178,68,8929027,False,10,Thấp,Dài hạn
3168,169,Jungle,Back On 74,145,145,3,8913318,False,-24,Thấp,Ngắn hạn
3169,170,"Ofenbach, Norma Jean Martine",Overdrive (feat. Norma Jean Martine),157,157,9,8883205,False,-13,Thấp,Trung hạn
3170,171,Bruno Mars,When I Was Your Man,38,198,85,8872441,False,27,Thấp,Dài hạn
3171,172,"Jung Kook, Jack Harlow",3D (feat. Jack Harlow),3,163,29,8868319,False,-9,Thấp,Dài hạn
3172,173,Eminem,Mockingbird,24,162,79,8837371,False,-11,Thấp,Dài hạn
3173,174,"Beyoncé, Miley Cyrus",II MOST WANTED,13,50,3,8817040,False,-124,Thấp,Ngắn hạn
3174,175,"Feid, Young Miko",CLASSY 101,8,191,54,8786475,False,16,Thấp,Dài hạn
3175,176,"Bakar, Summer Walker",Hell N Back (feat. Summer Walker),176,-1,1,8767247,True,-177,Thấp,Ngắn hạn
3176,177,"Young Miko, Feid",offline,177,-1,1,8762283,True,-178,Thấp,Ngắn hạn
3177,178,Dominic Fike,Babydoll,158,158,2,8745288,False,-20,Thấp,Ngắn hạn
3178,179,Sophie Ellis-Bextor,Murder On The Dancefloor,13,176,16,8720797,False,-3,Thấp,Dài hạn
3179,180,iñigo quintero,Si No Estás,1,167,30,8719990,False,-13,Thấp,Dài hạn
3180,181,Arctic Monkeys,Why'd You Only Call Me When You're High?,95,-1,122,8691031,True,-182,Thấp,Dài hạn
3181,182,Maroon 5,Maps,171,199,16,8653349,False,17,Thấp,Dài hạn
3182,183,AC/DC,Highway to Hell,152,181,7,8630944,False,-2,Thấp,Trung hạn
3183,184,"Gabito Ballesteros, Natanael Cano",El Boss,142,142,3,8612888,False,-42,Thấp,Ngắn hạn
3184,185,Plan B,Es un Secreto,157,-1,25,8550240,True,-186,Thấp,Dài hạn
3185,186,"Tyla, Gunna, Skillibeng",Jump,186,-1,1,8541890,True,-187,Thấp,Ngắn hạn
3186,187,"Dimitri Vegas & Like Mike, Tiësto, Dido, W&W, Dimitri Vegas, Like Mike",Thank You (Not So Bad),170,193,7,8524984,False,6,Thấp,Trung hạn
3187,188,"Shakira, Wyclef Jean",Hips Don't Lie (feat. Wyclef Jean),175,195,6,8457910,False,7,Thấp,Trung hạn
3188,189,The Goo Goo Dolls,Iris,93,-1,37,8454474,True,-190,Thấp,Dài hạn
3189,190,Beach Weather,"Sex, Drugs, Etc.",58,170,32,8451155,False,-20,Thấp,Dài hạn
3190,191,"Grupo Frontera, Grupo Firme",EL AMOR DE SU VIDA,47,-1,34,8431157,True,-192,Thấp,Dài hạn
3191,192,"Drake, Sexyy Red, SZA",Rich Baby Daddy (feat. Sexyy Red & SZA),28,146,27,8411218,False,-46,Thấp,Dài hạn
3192,193,The Weeknd,Save Your Tears,2,187,170,8410721,False,-6,Thấp,Dài hạn
3193,194,Imagine Dragons,Bones,26,188,99,8382353,False,-6,Thấp,Dài hạn
3194,195,"Earth, Wind & Fire",September,132,190,10,8379880,False,-5,Thấp,Trung hạn
3195,196,Arctic Monkeys,Do I Wanna Know?,98,-1,130,8377884,True,-197,Thấp,Dài hạn
3196,197,"Kendrick Lamar, SZA",All The Stars (with SZA),2,192,48,8369426,False,-5,Thấp,Dài hạn
3197,198,Bruno Mars,Talking to the Moon,45,-1,56,8362909,True,-199,Thấp,Dài hạn
3198,199,Taylor Swift,Don’t Blame Me,71,-1,86,8360783,True,-200,Thấp,Dài hạn
3199,200,Fuerza Regida,SABOR FRESA,15,184,28,8346448,False,-16,Thấp,Dài hạn
3200,1,"Taylor Swift, Post Malone",Fortnight (feat. Post Malone),1,-1,1,102878399,True,-2,Rất cao,Ngắn hạn
3201,2,Taylor Swift,Down Bad,2,-1,1,66123951,True,-3,Rất cao,Ngắn hạn
3202,3,Artemas,i like the way you kiss me,1,1,5,62659568,False,-2,Rất cao,Trung hạn
3203,4,Taylor Swift,"So Long, London",4,-1,1,61238184,True,-5,Rất cao,Ngắn hạn
3204,5,Taylor Swift,I Can Do It With a Broken Heart,5,-1,1,61235217,True,-6,Rất cao,Ngắn hạn
3205,6,Taylor Swift,The Tortured Poets Department,6,-1,1,59746801,True,-7,Rất cao,Ngắn hạn
3206,7,Taylor Swift,My Boy Only Breaks His Favorite Toys,7,-1,1,57022276,True,-8,Rất cao,Ngắn hạn
3207,8,"FloyyMenor, Cris Mj",Gata Only,3,3,11,54990825,False,-5,Rất cao,Trung hạn
3208,9,Taylor Swift,But Daddy I Love Him,9,-1,1,53434247,True,-10,Rất cao,Ngắn hạn
3209,10,"Taylor Swift, Florence + The Machine",Florida!!! (feat. Florence + The Machine),10,-1,1,50743539,True,-11,Rất cao,Ngắn hạn
3210,11,Hozier,Too Sweet,2,2,5,49962942,False,-9,Rất cao,Trung hạn
3211,12,Taylor Swift,Who’s Afraid of Little Old Me?,12,-1,1,49947775,True,-13,Rất cao,Ngắn hạn
3212,13,Sabrina Carpenter,Espresso,8,8,2,47706627,False,-5,Rất cao,Ngắn hạn
3213,14,Taylor Swift,Guilty as Sin?,14,-1,1,46162711,True,-15,Rất cao,Ngắn hạn
3214,15,Benson Boone,Beautiful Things,1,5,14,43434946,False,-10,Rất cao,Dài hạn
3215,16,Djo,End of Beginning,3,4,10,41369783,False,-12,Rất cao,Trung hạn
3216,17,Ariana Grande,we can't be friends (wait for your love),1,6,7,40804026,False,-11,Rất cao,Trung hạn
3217,18,Taylor Swift,Fresh Out The Slammer,18,-1,1,40767376,True,-19,Rất cao,Ngắn hạn
3218,19,Taylor Swift,loml,19,-1,1,40678925,True,-20,Rất cao,Ngắn hạn
3219,20,Taylor Swift,The Smallest Man Who Ever Lived,20,-1,1,39919938,True,-21,Rất cao,Ngắn hạn
3220,21,Taylor Swift,The Alchemy,21,-1,1,37877255,True,-22,Rất cao,Ngắn hạn
3221,22,Taylor Swift,I Can Fix Him (No Really I Can),22,-1,1,36512277,True,-23,Rất cao,Ngắn hạn
3222,23,Taylor Swift,Clara Bow,23,-1,1,32571347,True,-24,Rất cao,Ngắn hạn
3223,24,Tate McRae,greedy,1,7,32,29661409,False,-17,Rất cao,Dài hạn
3224,25,Teddy Swims,Lose Control,5,10,24,28893038,False,-15,Rất cao,Dài hạn
3225,26,Taylor Swift,The Black Dog,26,-1,1,28298585,True,-27,Rất cao,Ngắn hạn
3226,27,Drake,Push Ups,27,-1,1,27857876,True,-28,Rất cao,Ngắn hạn
3227,28,Taylor Swift,imgonnagetyouback,28,-1,1,27751934,True,-29,Rất cao,Ngắn hạn
3228,29,Taylor Swift,So High School,29,-1,1,26683682,True,-30,Rất cao,Ngắn hạn
3229,30,"Future, Metro Boomin, Kendrick Lamar",Like That,4,9,5,26480530,False,-21,Rất cao,Trung hạn
3230,31,Taylor Swift,thanK you aIMee,31,-1,1,25980842,True,-32,Rất cao,Ngắn hạn
3231,32,"The Weeknd, JENNIE, Lily-Rose Depp","One Of The Girls (with JENNIE, Lily Rose Depp)",3,12,29,25752072,False,-20,Rất cao,Dài hạn
3232,33,ILLIT,Magnetic,11,11,5,25507191,False,-22,Rất cao,Trung hạn
3233,34,SZA,Saturn,17,17,9,25025400,False,-17,Rất cao,Trung hạn
3234,35,Taylor Swift,The Albatross,35,-1,1,24571305,True,-36,Rất cao,Ngắn hạn
3235,36,Taylor Swift,The Prophecy,36,-1,1,24507979,True,-37,Rất cao,Ngắn hạn
3236,37,Taylor Swift,Cruel Summer,2,13,64,24457532,False,-24,Rất cao,Dài hạn
3237,38,Lay Bankz,Tell Ur Girlfriend,38,44,2,23795012,False,6,Rất cao,Ngắn hạn
3238,39,Taylor Swift,How Did It End?,39,-1,1,23344804,True,-40,Rất cao,Ngắn hạn
3239,40,Taylor Swift,Chloe or Sam or Sophia or Marcus,40,-1,1,22773243,True,-41,Rất cao,Ngắn hạn
3240,41,Taylor Swift,I Hate It Here,41,-1,1,22419560,True,-42,Rất cao,Ngắn hạn
3241,42,"Jaxomy, Agatino Romero, Raffaella Carrà",Pedro,36,36,2,22181313,False,-6,Rất cao,Ngắn hạn
3242,43,Noah Kahan,Stick Season,6,14,29,21229247,False,-29,Rất cao,Dài hạn
3243,44,Shaboozey,A Bar Song (Tipsy),44,165,2,21021716,False,121,Rất cao,Ngắn hạn
3244,45,"Natanael Cano, Oscar Maydon",Madonna,18,22,7,20999102,False,-23,Rất cao,Trung hạn
3245,46,"Rvssian, Rauw Alejandro, Ayra Starr",Santa,46,-1,1,20966540,True,-47,Rất cao,Ngắn hạn
3246,47,Taylor Swift,I Look in People's Windows,47,-1,1,20596078,True,-48,Rất cao,Ngắn hạn
3247,48,Beyoncé,TEXAS HOLD 'EM,2,15,11,20355097,False,-33,Rất cao,Trung hạn
3248,49,"¥$, Kanye West, Ty Dolla $ign",CARNIVAL,2,16,11,20265165,False,-33,Rất cao,Trung hạn
3249,50,Mark Ambor,Belong Together,35,35,4,20167384,False,-15,Rất cao,Ngắn hạn
3250,51,"Feid, ATL Jacob",LUNA,9,18,20,20060305,False,-33,Rất cao,Dài hạn
3251,52,"Travis Scott, Playboi Carti",FE!N (feat. Playboi Carti),5,21,32,19441103,False,-31,Rất cao,Dài hạn
3252,53,Taylor Swift,Peter,53,-1,1,19386725,True,-54,Rất cao,Ngắn hạn
3253,54,Taylor Swift,Cassandra,54,-1,1,19306421,True,-55,Rất cao,Ngắn hạn
3254,55,Mitski,My Love Mine All Mine,3,19,31,19192162,False,-36,Rất cao,Dài hạn
3255,56,Arctic Monkeys,I Wanna Be Yours,15,23,94,18947127,False,-33,Rất cao,Dài hạn
3256,57,Dasha,Austin (Boots Stop Workin'),20,20,7,18877915,False,-37,Rất cao,Trung hạn
3257,58,Taylor Swift,The Bolter,58,-1,1,18480096,True,-59,Rất cao,Ngắn hạn
3258,59,Chappell Roan,"Good Luck, Babe!",59,62,2,18085685,False,3,Rất cao,Ngắn hạn
3259,60,"Bizarrap, Natanael Cano","Natanael Cano: Bzrp Music Sessions, Vol. 59",17,24,3,17209067,False,-36,Rất cao,Ngắn hạn
3260,61,"Future, Metro Boomin, Travis Scott, Playboi Carti",Type Shit,11,28,5,16710130,False,-33,Rất cao,Trung hạn
3261,62,Taylor Swift,The Manuscript,62,-1,1,16581599,True,-63,Rất cao,Ngắn hạn
3262,63,Xavi,Corazón de Piedra,21,27,5,16578525,False,-36,Rất cao,Trung hạn
3263,64,Lord Huron,The Night We Met,28,31,79,16505617,False,-33,Rất cao,Dài hạn
3264,65,Ariana Grande,intro (end of the world),25,48,7,15823575,False,-17,Rất cao,Trung hạn
3265,66,Benson Boone,Slow It Down,31,49,5,15696375,False,-17,Rất cao,Trung hạn
3266,67,Xavi,La Diabla,1,26,20,15677219,False,-41,Rất cao,Dài hạn
3267,68,Taylor Swift,Robin,68,-1,1,15584154,True,-69,Rất cao,Ngắn hạn
3268,69,Tyla,Water,12,32,31,15318496,False,-37,Rất cao,Dài hạn
3269,70,Natasha Bedingfield,Unwritten,16,33,15,15231638,False,-37,Rất cao,Dài hạn
3270,71,Michael Marcagi,Scared To Start,25,30,12,15043276,False,-41,Cao,Trung hạn
3271,72,Dua Lipa,Illusion,25,25,2,15030311,False,-47,Cao,Ngắn hạn
3272,73,Myke Towers,LA FALDA,24,29,17,14880105,False,-44,Cao,Dài hạn
3273,74,"Jung Kook, Latto",Seven (feat. Latto) (Explicit Ver.),1,38,41,14835352,False,-36,Cao,Dài hạn
3274,75,21 Savage,redrum,8,37,15,14775611,False,-38,Cao,Dài hạn
3275,76,Bryson Tiller,Whatever She Wants,38,70,9,14706870,False,-6,Cao,Trung hạn
3276,77,"Bad Bunny, Feid",PERRO NEGRO,4,42,28,14196267,False,-35,Cao,Dài hạn
3277,78,Fuerza Regida,TÚ NAME,55,55,8,14189508,False,-23,Cao,Trung hạn
3278,79,Tom Odell,Another Love,15,47,159,14172787,False,-32,Cao,Dài hạn
3279,80,BABYMONSTER,SHEESH,57,57,3,14082210,False,-23,Cao,Ngắn hạn
3280,81,"The Weeknd, Daft Punk",Starboy,1,45,186,13849191,False,-36,Cao,Dài hạn
3281,82,"Young Miko, Feid",offline,82,177,2,13827305,False,95,Cao,Ngắn hạn
3282,83,Harry Styles,As It Was,1,53,108,13687048,False,-30,Cao,Dài hạn
3283,84,"KAROL G, Peso Pluma",QLONA,5,50,37,13649402,False,-34,Cao,Dài hạn
3284,85,Dua Lipa,Training Season,15,41,10,13590996,False,-44,Cao,Trung hạn
3285,86,"Zach Bryan, Kacey Musgraves",I Remember Everything (feat. Kacey Musgraves),20,39,35,13415601,False,-47,Cao,Dài hạn
3286,87,Artemas,if u think i'm pretty,52,52,6,13381231,False,-35,Cao,Trung hạn
3287,88,Jack Harlow,Lovin On Me,3,51,24,13274889,False,-37,Cao,Dài hạn
3288,89,Dua Lipa,Houdini,6,43,24,13263904,False,-46,Cao,Dài hạn
3289,90,The Neighbourhood,Sweater Weather,19,71,191,13237272,False,-19,Cao,Dài hạn
3290,91,"Bhavi, Seven Kayne, Milo j, Tiago PZK, KHEA, Neo Pistea","BESAME (feat. Tiago PZK, Khea & Neo Pistea) - Remix",91,-1,1,12988234,True,-92,Cao,Ngắn hạn
3291,92,Sabrina Carpenter,Feather,34,46,21,12911663,False,-46,Cao,Dài hạn
3292,93,Richy Mitch & The Coal Miners,Evergreen,40,40,15,12848713,False,-53,Cao,Dài hạn
3293,94,Jimin,Like Crazy,15,58,57,12806398,False,-36,Cao,Dài hạn
3294,95,"Sevdaliza, Villano Antillano, Tokischa","Ride Or Die, Pt. 2 (with Villano Antillano & Tokischa)",95,-1,1,12608408,True,-96,Cao,Ngắn hạn
3295,96,Billie Eilish,"What Was I Made For? [From The Motion Picture ""Barbie""]",3,56,41,12537999,False,-40,Cao,Dài hạn
3296,97,d4vd,Feel It - From The Original Series “Invincible”,93,93,3,12496765,False,-4,Cao,Ngắn hạn
3297,98,Miley Cyrus,Flowers,1,64,67,12391557,False,-34,Cao,Dài hạn
3298,99,Jung Kook,Standing Next to You,1,66,24,12351369,False,-33,Cao,Dài hạn
3299,100,"Bizarrap, Natanael Cano",Entre las de 20,63,80,3,12249787,False,-20,Cao,Ngắn hạn
3300,101,"cassö, RAYE, D-Block Europe",Prada,17,60,36,12163609,False,-41,Cao,Dài hạn
3301,102,SZA,Snooze,27,81,70,12113543,False,-21,Cao,Dài hạn
3302,103,"Maluma, Carin Leon",Según Quién,17,73,32,11843036,False,-30,Cao,Dài hạn
3303,104,The Weeknd,Blinding Lights,1,68,230,11834982,False,-36,Cao,Dài hạn
3304,105,Lewis Capaldi,Someone You Loved,4,61,276,11827647,False,-44,Cao,Dài hạn
3305,106,"The Weeknd, Playboi Carti, Madonna",Popular (with Playboi Carti & Madonna) - From The Idol Vol. 1 (Music from the HBO Original Series),12,74,47,11728386,False,-32,Cao,Dài hạn
3306,107,Manuel Turizo,La Bachata,4,67,95,11656285,False,-40,Cao,Dài hạn
3307,108,Olivia Rodrigo,vampire,1,63,43,11652875,False,-45,Cao,Dài hạn
3308,109,YG Marley,Praise Jah In The Moonlight,13,59,13,11596226,False,-50,Cao,Dài hạn
3309,110,"Post Malone, Swae Lee",Sunflower - Spider-Man: Into the Spider-Verse,1,87,281,11490823,False,-23,Cao,Dài hạn
3310,111,Frank Ocean,Pink + White,69,99,49,11489764,False,-12,Cao,Dài hạn
3311,112,Vance Joy,Riptide,30,94,167,11375167,False,-18,Cao,Dài hạn
3312,113,Xavi,La Víctima,8,65,22,11354425,False,-48,Cao,Dài hạn
3313,114,David Kushner,Daylight,5,77,54,11315573,False,-37,Cao,Dài hạn
3314,115,"Drake, Wizkid, Kyla",One Dance,12,78,191,11270928,False,-37,Cao,Dài hạn
3315,116,Rich Amiri,ONE CALL,42,76,13,11259087,False,-40,Cao,Dài hạn
3316,117,"David Guetta, Bebe Rexha",I'm Good (Blue),2,85,87,11248577,False,-32,Trung bình,Dài hạn
3317,118,Bruno Mars,Locked out of Heaven,39,101,98,11224156,False,-17,Trung bình,Dài hạn
3318,119,"Calle 24, Chino Pacas, Fuerza Regida",Que Onda,16,72,34,11157920,False,-47,Trung bình,Dài hạn
3319,120,"Peso Pluma, Tito Double P, Joel De La P",LA PEOPLE II,36,54,5,11148418,False,-66,Trung bình,Trung hạn
3320,121,Isabel LaRosa,Favorite,121,131,3,11125755,False,10,Trung bình,Ngắn hạn
3321,122,a-ha,Take on Me,83,88,36,11063203,False,-34,Trung bình,Dài hạn
3322,123,"Luis R Conriquez, Neton Vega",Si No Quieres No,123,166,2,10995842,False,43,Trung bình,Ngắn hạn
3323,124,SZA,Kill Bill,1,108,72,10992650,False,-16,Trung bình,Dài hạn
3324,125,Ruth B.,Dandelions,34,110,138,10969469,False,-15,Trung bình,Dài hạn
3325,126,The Weeknd,Die For You,12,86,115,10940716,False,-40,Trung bình,Dài hạn
3326,127,KAROL G,AMARGURA,53,92,49,10857831,False,-35,Trung bình,Dài hạn
3327,128,Coldplay,Yellow,36,102,175,10849775,False,-26,Trung bình,Dài hạn
3328,129,OneRepublic,I Ain't Worried,7,75,99,10818257,False,-54,Trung bình,Dài hạn
3329,130,Arctic Monkeys,505,43,114,120,10777729,False,-16,Trung bình,Dài hạn
3330,131,Sabrina Carpenter,Nonsense,17,100,66,10720529,False,-31,Trung bình,Dài hạn
3331,132,LE SSERAFIM,Smart,82,98,9,10699967,False,-34,Trung bình,Trung hạn
3332,133,"Future, Metro Boomin, The Weeknd",We Still Don't Trust You,34,34,2,10685360,False,-99,Trung bình,Ngắn hạn
3333,134,The Walters,I Love You So,21,84,102,10681573,False,-50,Trung bình,Dài hạn
3334,135,Lana Del Rey,Summertime Sadness,83,105,89,10657389,False,-30,Trung bình,Dài hạn
3335,136,Ariana Grande,"yes, and?",1,83,15,10614277,False,-53,Trung bình,Dài hạn
3336,137,Junior H,Y LLORO,55,91,29,10598934,False,-46,Trung bình,Dài hạn
3337,138,Ariana Grande,the boy is mine,11,107,7,10569279,False,-31,Trung bình,Trung hạn
3338,139,Junior H,ROCKSTAR,96,96,7,10558807,False,-43,Trung bình,Trung hạn
3339,140,"Tyler, The Creator, Kali Uchis",See You Again (feat. Kali Uchis),16,121,61,10536416,False,-19,Trung bình,Dài hạn
3340,141,Keane,Somewhere Only We Know,80,139,79,10436918,False,-2,Trung bình,Dài hạn
3341,142,V,Love Me Again,11,149,37,10429207,False,7,Trung bình,Dài hạn
3342,143,CYRIL,Stumblin' In,95,112,5,10359288,False,-31,Trung bình,Trung hạn
3343,144,One Direction,Night Changes,85,119,78,10292378,False,-25,Trung bình,Dài hạn
3344,145,Hotel Ugly,Shut up My Moms Calling,82,89,68,10274603,False,-56,Trung bình,Dài hạn
3345,146,Doja Cat,Paint The Town Red,1,95,38,10267713,False,-51,Trung bình,Dài hạn
3346,147,James Arthur,Say You Won't Let Go,7,115,303,10265117,False,-32,Trung bình,Dài hạn
3347,148,Taylor Swift,Lover,2,104,64,10228813,False,-44,Trung bình,Dài hạn
3348,149,"David Guetta, OneRepublic",I Don't Wanna Wait,137,137,2,10166482,False,-12,Trung bình,Ngắn hạn
3349,150,"Macklemore, Ryan Lewis, Macklemore & Ryan Lewis, Ray Dalton",Can't Hold Us (feat. Ray Dalton),86,126,111,10150085,False,-24,Trung bình,Dài hạn
3350,151,Coldplay,Viva La Vida,53,127,87,10057541,False,-24,Trung bình,Dài hạn
3351,152,Creedence Clearwater Revival,Have You Ever Seen The Rain,85,90,36,10051973,False,-62,Trung bình,Dài hạn
3352,153,Cigarettes After Sex,Apocalypse,79,120,93,10047963,False,-33,Trung bình,Dài hạn
3353,154,Julión Álvarez y su Norteño Banda,Regalo De Dios,100,113,10,10044259,False,-41,Trung bình,Trung hạn
3354,155,"The Chainsmokers, Coldplay",Something Just Like This,2,132,204,10018948,False,-23,Trung bình,Dài hạn
3355,156,Olivia Rodrigo,obsessed,20,69,5,9987162,False,-87,Trung bình,Trung hạn
3356,157,V,FRI(END)S,15,109,6,9979348,False,-48,Trung bình,Trung hạn
3357,158,Benson Boone,Cry,144,159,3,9898330,False,1,Trung bình,Ngắn hạn
3358,159,Good Neighbours,Home,68,82,12,9891067,False,-77,Trung bình,Trung hạn
3359,160,"Tyla, Gunna, Skillibeng",Jump,160,186,2,9859201,False,26,Trung bình,Ngắn hạn
3360,161,Felipe e Rodrigo,Gosta De Rua - Ao Vivo,161,-1,1,9838993,True,-162,Trung bình,Ngắn hạn
3361,162,"Billie Eilish, Khalid",lovely (with Khalid),24,118,314,9830945,False,-44,Trung bình,Dài hạn
3362,163,Linkin Park,In the End,22,103,42,9824137,False,-60,Trung bình,Dài hạn
3363,164,"Don Omar, Lucenzo",Danza Kuduro,104,123,31,9816464,False,-41,Trung bình,Dài hạn
3364,165,The Police,Every Breath You Take,77,97,124,9777328,False,-68,Trung bình,Dài hạn
3365,166,OneRepublic,Counting Stars,86,117,158,9773033,False,-49,Trung bình,Dài hạn
3366,167,Hozier,Take Me To Church,108,122,138,9662210,False,-45,Thấp,Dài hạn
3367,168,"iZaak, JHAYCO, Anuel AA",BBY BOO - REMIX,167,167,2,9650662,False,-1,Thấp,Ngắn hạn
3368,169,"Bakar, Summer Walker",Hell N Back (feat. Summer Walker),169,176,2,9593704,False,7,Thấp,Ngắn hạn
3369,170,"Future, Metro Boomin, Travis Scott",Cinderella,17,79,5,9589071,False,-91,Thấp,Trung hạn
3370,171,"Tiago PZK, Ke Personajes",Piel,125,145,3,9478037,False,-26,Thấp,Ngắn hạn
3371,172,Travis Scott,goosebumps,13,155,244,9475972,False,-17,Thấp,Dài hạn
3372,173,Imagine Dragons,Demons,111,125,74,9452685,False,-48,Thấp,Dài hạn
3373,174,TV Girl,Lovers Rock,100,133,44,9448253,False,-41,Thấp,Dài hạn
3374,175,"French Montana, Swae Lee",Unforgettable,3,141,86,9394158,False,-34,Thấp,Dài hạn
3375,176,"Kygo, Ava Max",Whatever,91,111,14,9377214,False,-65,Thấp,Dài hạn
3376,177,"DJ JZ, Humberto & Ronaldo, Mc Mininin, DJ LG PROD, Silvanno Salles",Mtg Quero Te Encontrar,163,163,2,9323328,False,-14,Thấp,Ngắn hạn
3377,178,Harry Styles,Watermelon Sugar,4,134,211,9319831,False,-44,Thấp,Dài hạn
3378,179,Eminem,Without Me,31,142,135,9306013,False,-37,Thấp,Dài hạn
3379,180,"Disturbed, CYRIL",The Sound of Silence - CYRIL Remix,106,106,2,9299156,False,-74,Thấp,Ngắn hạn
3380,181,"Jung Kook, Jack Harlow",3D (feat. Jack Harlow),3,172,30,9284271,False,-9,Thấp,Dài hạn
3381,182,"Rihanna, Calvin Harris",We Found Love,59,143,60,9269759,False,-39,Thấp,Dài hạn
3382,183,Taylor Swift,august,11,151,63,9224641,False,-32,Thấp,Dài hạn
3383,184,Tears For Fears,Everybody Wants To Rule The World,91,124,83,9174315,False,-60,Thấp,Dài hạn
3384,185,"Peso Pluma, Anitta",BELLAKEO,10,150,20,9166393,False,-35,Thấp,Dài hạn
3385,186,Linkin Park,Numb,34,135,21,9125281,False,-51,Thấp,Dài hạn
3386,187,Taylor Swift,Anti-Hero,1,116,79,9117962,False,-71,Thấp,Dài hạn
3387,188,Bill Withers,Ain't No Sunshine,76,140,7,9110660,False,-48,Thấp,Trung hạn
3388,189,Creepy Nuts,Bling-Bang-Bang-Born,57,136,15,9099908,False,-53,Thấp,Dài hạn
3389,190,Bruno Mars,Just the Way You Are,39,168,69,9083142,False,-22,Thấp,Dài hạn
3390,191,G-Eazy,Lady Killers II,103,138,4,9062118,False,-53,Thấp,Ngắn hạn
3391,192,Bruno Mars,When I Was Your Man,38,171,86,9022755,False,-21,Thấp,Dài hạn
3392,193,Imagine Dragons,Believer,16,147,373,8912930,False,-46,Thấp,Dài hạn
3393,194,Zach Bryan,Something in the Orange,57,128,68,8903926,False,-66,Thấp,Dài hạn
3394,195,Dua Lipa,Dance The Night - From Barbie The Album,5,157,48,8870438,False,-38,Thấp,Dài hạn
3395,196,iñigo quintero,Si No Estás,1,180,31,8796090,False,-16,Thấp,Dài hạn
3396,197,Eminem,Mockingbird,24,173,80,8768726,False,-24,Thấp,Dài hạn
3397,198,"Gabito Ballesteros, Natanael Cano",El Boss,142,184,4,8718887,False,-14,Thấp,Ngắn hạn
3398,199,"The Weeknd, Lana Del Rey",Stargirl Interlude,92,144,91,8713359,False,-55,Thấp,Dài hạn
3399,200,Arctic Monkeys,Why'd You Only Call Me When You're High?,95,181,123,8707119,False,-19,Thấp,Dài hạn
3400,1,"Taylor Swift, Post Malone",Fortnight (feat. Post Malone),1,1,2,66947462,False,0,Rất cao,Ngắn hạn
3401,2,Sabrina Carpenter,Espresso,2,13,3,65997997,False,11,Rất cao,Ngắn hạn
3402,3,Artemas,i like the way you kiss me,1,3,6,57262404,False,0,Rất cao,Trung hạn
3403,4,"FloyyMenor, Cris Mj",Gata Only,3,8,12,52556355,False,4,Rất cao,Trung hạn
3404,5,Hozier,Too Sweet,2,11,6,45745442,False,6,Rất cao,Trung hạn
3405,6,Taylor Swift,I Can Do It With a Broken Heart,5,5,2,41956198,False,-1,Rất cao,Ngắn hạn
3406,7,Benson Boone,Beautiful Things,1,15,15,41551263,False,8,Rất cao,Dài hạn
3407,8,Djo,End of Beginning,3,16,11,38378458,False,8,Rất cao,Trung hạn
3408,9,Ariana Grande,we can't be friends (wait for your love),1,17,8,37399894,False,8,Rất cao,Trung hạn
3409,10,Shaboozey,A Bar Song (Tipsy),10,44,3,35644055,False,34,Rất cao,Ngắn hạn
3410,11,Taylor Swift,Down Bad,2,2,2,35273593,False,-9,Rất cao,Ngắn hạn
3411,12,Taylor Swift,"So Long, London",4,4,2,29212207,False,-8,Rất cao,Ngắn hạn
3412,13,Teddy Swims,Lose Control,5,25,25,28798133,False,12,Rất cao,Dài hạn
3413,14,"Rvssian, Rauw Alejandro, Ayra Starr",Santa,14,46,2,28514611,False,32,Rất cao,Ngắn hạn
3414,15,Tate McRae,greedy,1,24,33,27307243,False,9,Rất cao,Dài hạn
3415,16,Taylor Swift,My Boy Only Breaks His Favorite Toys,7,7,2,26927426,False,-9,Rất cao,Ngắn hạn
3416,17,"The Weeknd, JENNIE, Lily-Rose Depp","One Of The Girls (with JENNIE, Lily Rose Depp)",3,32,30,26270763,False,15,Rất cao,Dài hạn
3417,18,Taylor Swift,Who’s Afraid of Little Old Me?,12,12,2,26178017,False,-6,Rất cao,Ngắn hạn
3418,19,Taylor Swift,Guilty as Sin?,14,14,2,26010260,False,-5,Rất cao,Ngắn hạn
3419,20,"Myke Towers, Bad Bunny",ADIVINO,20,-1,1,25425705,True,-21,Rất cao,Ngắn hạn
3420,21,SZA,Saturn,17,34,10,24994874,False,13,Rất cao,Trung hạn
3421,22,Taylor Swift,The Tortured Poets Department,6,6,2,24950679,False,-16,Rất cao,Ngắn hạn
3422,23,"Taylor Swift, Florence + The Machine",Florida!!! (feat. Florence + The Machine),10,10,2,24752000,False,-13,Rất cao,Ngắn hạn
3423,24,Taylor Swift,But Daddy I Love Him,9,9,2,24619426,False,-15,Rất cao,Ngắn hạn
3424,25,"Future, Metro Boomin, Kendrick Lamar",Like That,4,30,6,24317447,False,5,Rất cao,Trung hạn
3425,26,Lay Bankz,Tell Ur Girlfriend,26,38,3,24017665,False,12,Rất cao,Ngắn hạn
3426,27,ILLIT,Magnetic,11,33,6,22954741,False,6,Rất cao,Trung hạn
3427,28,Mark Ambor,Belong Together,28,50,5,22905530,False,22,Rất cao,Trung hạn
3428,29,"Jaxomy, Agatino Romero, Raffaella Carrà",Pedro,29,42,3,21376425,False,13,Rất cao,Ngắn hạn
3429,30,Taylor Swift,Cruel Summer,2,37,65,21352661,False,7,Rất cao,Dài hạn
3430,31,"Natanael Cano, Oscar Maydon",Madonna,18,45,8,21315561,False,14,Rất cao,Trung hạn
3431,32,Drake,Push Ups,27,27,2,20783199,False,-5,Rất cao,Ngắn hạn
3432,33,"Feid, ATL Jacob",LUNA,9,51,21,20579535,False,18,Rất cao,Dài hạn
3433,34,Noah Kahan,Stick Season,6,43,30,20192543,False,9,Rất cao,Dài hạn
3434,35,Kendrick Lamar,euphoria,35,-1,1,19500651,True,-36,Rất cao,Ngắn hạn
3435,36,Taylor Swift,The Smallest Man Who Ever Lived,20,20,2,19198413,False,-16,Rất cao,Ngắn hạn
3436,37,Mitski,My Love Mine All Mine,3,55,32,19066262,False,18,Rất cao,Dài hạn
3437,38,Tommy Richman,MILLION DOLLAR BABY,38,-1,1,18998939,True,-39,Rất cao,Ngắn hạn
3438,39,"Travis Scott, Playboi Carti",FE!N (feat. Playboi Carti),5,52,33,18800321,False,13,Rất cao,Dài hạn
3439,40,Dasha,Austin (Boots Stop Workin'),20,57,8,18738538,False,17,Rất cao,Trung hạn
3440,41,Beyoncé,TEXAS HOLD 'EM,2,48,12,18612399,False,7,Rất cao,Trung hạn
3441,42,Taylor Swift,loml,19,19,2,18406722,False,-23,Rất cao,Ngắn hạn
3442,43,Arctic Monkeys,I Wanna Be Yours,15,56,95,18357198,False,13,Rất cao,Dài hạn
3443,44,Chappell Roan,"Good Luck, Babe!",44,59,3,18283237,False,15,Rất cao,Ngắn hạn
3444,45,"¥$, Kanye West, Ty Dolla $ign",CARNIVAL,2,49,12,18200811,False,4,Rất cao,Trung hạn
3445,46,Taylor Swift,Fresh Out The Slammer,18,18,2,17505907,False,-28,Rất cao,Ngắn hạn
3446,47,Taylor Swift,The Alchemy,21,21,2,17490829,False,-26,Rất cao,Ngắn hạn
3447,48,Lord Huron,The Night We Met,28,64,80,16933661,False,16,Rất cao,Dài hạn
3448,49,"Future, Metro Boomin, Travis Scott, Playboi Carti",Type Shit,11,61,6,16396330,False,12,Rất cao,Trung hạn
3449,50,Taylor Swift,I Can Fix Him (No Really I Can),22,22,2,15553295,False,-28,Rất cao,Ngắn hạn
3450,51,Natasha Bedingfield,Unwritten,16,70,16,15525765,False,19,Rất cao,Dài hạn
3451,52,Benson Boone,Slow It Down,31,66,6,15448063,False,14,Rất cao,Trung hạn
3452,53,Taylor Swift,So High School,29,29,2,15325720,False,-24,Rất cao,Ngắn hạn
3453,54,Michael Marcagi,Scared To Start,25,71,13,15322061,False,17,Rất cao,Dài hạn
3454,55,Xavi,La Diabla,1,67,21,15279199,False,12,Rất cao,Dài hạn
3455,56,Xavi,Corazón de Piedra,21,63,6,15151151,False,7,Rất cao,Trung hạn
3456,57,Harry Styles,As It Was,1,83,109,15008231,False,26,Cao,Dài hạn
3457,58,Ariana Grande,intro (end of the world),25,65,8,14849646,False,7,Cao,Trung hạn
3458,59,Taylor Swift,imgonnagetyouback,28,28,2,14848857,False,-31,Cao,Ngắn hạn
3459,60,Fuerza Regida,TÚ NAME,55,78,9,14582203,False,18,Cao,Trung hạn
3460,61,The Neighbourhood,Sweater Weather,19,90,192,14445441,False,29,Cao,Dài hạn
3461,62,Sabrina Carpenter,Feather,34,92,22,14395208,False,30,Cao,Dài hạn
3462,63,Tyla,Water,12,69,32,14298480,False,6,Cao,Dài hạn
3463,64,Tom Odell,Another Love,15,79,160,14217118,False,15,Cao,Dài hạn
3464,65,Richy Mitch & The Coal Miners,Evergreen,40,93,16,14119396,False,28,Cao,Dài hạn
3465,66,Taylor Swift,Clara Bow,23,23,2,14019010,False,-43,Cao,Ngắn hạn
3466,67,Taylor Swift,The Black Dog,26,26,2,13980155,False,-41,Cao,Ngắn hạn
3467,68,"Young Miko, Feid",offline,68,82,3,13964616,False,14,Cao,Ngắn hạn
3468,69,"Jung Kook, Latto",Seven (feat. Latto) (Explicit Ver.),1,74,42,13936846,False,5,Cao,Dài hạn
3469,70,"Zach Bryan, Kacey Musgraves",I Remember Everything (feat. Kacey Musgraves),20,86,36,13872960,False,16,Cao,Dài hạn
3470,71,21 Savage,redrum,8,75,16,13744767,False,4,Cao,Dài hạn
3471,72,Taylor Swift,The Prophecy,36,36,2,13734554,False,-36,Cao,Ngắn hạn
3472,73,"The Weeknd, Daft Punk",Starboy,1,81,187,13707004,False,8,Cao,Dài hạn
3473,74,Myke Towers,LA FALDA,24,73,18,13582516,False,-1,Cao,Dài hạn
3474,75,"Bizarrap, Natanael Cano","Natanael Cano: Bzrp Music Sessions, Vol. 59",17,60,4,13527077,False,-15,Cao,Ngắn hạn
3475,76,BABYMONSTER,SHEESH,57,80,4,13289744,False,4,Cao,Ngắn hạn
3476,77,Miley Cyrus,Flowers,1,98,68,13250434,False,21,Cao,Dài hạn
3477,78,Dua Lipa,Illusion,25,72,3,12960894,False,-6,Cao,Ngắn hạn
3478,79,"KAROL G, Peso Pluma",QLONA,5,84,38,12864071,False,5,Cao,Dài hạn
3479,80,Bryson Tiller,Whatever She Wants,38,76,10,12851823,False,-4,Cao,Trung hạn
3480,81,"Bad Bunny, Feid",PERRO NEGRO,4,77,29,12665921,False,-4,Cao,Dài hạn
3481,82,Jimin,Like Crazy,15,94,58,12574910,False,12,Cao,Dài hạn
3482,83,"cassö, RAYE, D-Block Europe",Prada,17,101,37,12548105,False,18,Cao,Dài hạn
3483,84,Billie Eilish,"What Was I Made For? [From The Motion Picture ""Barbie""]",3,96,42,12451789,False,12,Cao,Dài hạn
3484,85,Reynmen,Renklensin,85,-1,1,12371591,True,-86,Cao,Ngắn hạn
3485,86,"ZICO, JENNIE",SPOT!,86,-1,1,12368004,True,-87,Cao,Ngắn hạn
3486,87,Sabrina Carpenter,Nonsense,17,131,67,12361102,False,44,Cao,Dài hạn
3487,88,Dua Lipa,Training Season,15,85,11,12333571,False,-3,Cao,Trung hạn
3488,89,Jack Harlow,Lovin On Me,3,88,25,12162525,False,-1,Cao,Dài hạn
3489,90,"Luis R Conriquez, Neton Vega",Si No Quieres No,90,123,3,12137228,False,33,Cao,Ngắn hạn
3490,91,SZA,Snooze,27,102,71,12065759,False,11,Cao,Dài hạn
3491,92,Manuel Turizo,La Bachata,4,107,96,12037524,False,15,Cao,Dài hạn
3492,93,d4vd,Feel It - From The Original Series “Invincible”,93,97,4,12034554,False,4,Cao,Ngắn hạn
3493,94,Isabel LaRosa,Favorite,94,121,4,12033051,False,27,Cao,Ngắn hạn
3494,95,Taylor Swift,How Did It End?,39,39,2,12027812,False,-56,Cao,Ngắn hạn
3495,96,Artemas,if u think i'm pretty,52,87,7,11955458,False,-9,Cao,Trung hạn
3496,97,Lewis Capaldi,Someone You Loved,4,105,277,11886928,False,8,Cao,Dài hạn
3497,98,The Weeknd,Blinding Lights,1,104,231,11815162,False,6,Cao,Dài hạn
3498,99,The Walters,I Love You So,21,134,103,11788128,False,35,Cao,Dài hạn
3499,100,Dua Lipa,Houdini,6,89,25,11752058,False,-11,Cao,Dài hạn
3500,101,SZA,Kill Bill,1,124,73,11740656,False,23,Cao,Dài hạn
3501,102,"David Guetta, Bebe Rexha",I'm Good (Blue),2,117,88,11728563,False,15,Cao,Dài hạn
3502,103,"Sevdaliza, Villano Antillano, Tokischa","Ride Or Die, Pt. 2 (with Villano Antillano & Tokischa)",95,95,2,11717060,False,-8,Cao,Ngắn hạn
3503,104,"Rels B, Junior H",Un Desperdicio,104,-1,1,11604069,True,-105,Cao,Ngắn hạn
3504,105,"Tyler, The Creator, Kali Uchis",See You Again (feat. Kali Uchis),16,140,62,11600951,False,35,Cao,Dài hạn
3505,106,"Post Malone, Swae Lee",Sunflower - Spider-Man: Into the Spider-Verse,1,110,282,11596962,False,4,Cao,Dài hạn
3506,107,"David Guetta, OneRepublic",I Don't Wanna Wait,107,149,3,11559944,False,42,Cao,Ngắn hạn
3507,108,"The Weeknd, Playboi Carti, Madonna",Popular (with Playboi Carti & Madonna) - From The Idol Vol. 1 (Music from the HBO Original Series),12,106,48,11559448,False,-2,Cao,Dài hạn
3508,109,Taylor Swift,The Albatross,35,35,2,11506605,False,-74,Cao,Ngắn hạn
3509,110,"Rels B, Lia Kali",La Vida Sin Ti,110,-1,1,11463227,True,-111,Cao,Ngắn hạn
3510,111,Vance Joy,Riptide,30,112,168,11413901,False,1,Cao,Dài hạn
3511,112,OneRepublic,I Ain't Worried,7,129,100,11404405,False,17,Cao,Dài hạn
3512,113,"Bhavi, Seven Kayne, Milo j, Tiago PZK, KHEA, Neo Pistea","BESAME (feat. Tiago PZK, Khea & Neo Pistea) - Remix",91,91,2,11397409,False,-22,Cao,Ngắn hạn
3513,114,Jung Kook,Standing Next to You,1,99,25,11350635,False,-15,Cao,Dài hạn
3514,115,"Calle 24, Chino Pacas, Fuerza Regida",Que Onda,16,119,35,11338962,False,4,Cao,Dài hạn
3515,116,Olivia Rodrigo,vampire,1,108,44,11330856,False,-8,Cao,Dài hạn
3516,117,Rich Amiri,ONE CALL,42,116,14,11289797,False,-1,Cao,Dài hạn
3517,118,Frank Ocean,Pink + White,69,111,50,11282988,False,-7,Cao,Dài hạn
3518,119,Taylor Swift,thanK you aIMee,31,31,2,11267561,False,-88,Cao,Ngắn hạn
3519,120,"Bizarrap, Natanael Cano",Entre las de 20,63,100,4,11247615,False,-20,Trung bình,Ngắn hạn
3520,121,Xavi,La Víctima,8,113,23,11235676,False,-8,Trung bình,Dài hạn
3521,122,"Drake, Wizkid, Kyla",One Dance,12,115,192,11164170,False,-7,Trung bình,Dài hạn
3522,123,Taylor Swift,I Hate It Here,41,41,2,11134072,False,-82,Trung bình,Ngắn hạn
3523,124,Hotel Ugly,Shut up My Moms Calling,82,145,69,11107627,False,21,Trung bình,Dài hạn
3524,125,The Weeknd,Die For You,12,126,116,11053047,False,1,Trung bình,Dài hạn
3525,126,"Maluma, Carin Leon",Según Quién,17,103,33,11041479,False,-23,Trung bình,Dài hạn
3526,127,One Direction,Night Changes,85,144,79,11021365,False,17,Trung bình,Dài hạn
3527,128,"AYLIVA, Apache 207",Wunder,128,-1,1,11000908,True,-129,Trung bình,Ngắn hạn
3528,129,David Kushner,Daylight,5,114,55,10966625,False,-15,Trung bình,Dài hạn
3529,130,Ruth B.,Dandelions,34,125,139,10923700,False,-5,Trung bình,Dài hạn
3530,131,a-ha,Take on Me,83,122,37,10902478,False,-9,Trung bình,Dài hạn
3531,132,CYRIL,Stumblin' In,95,143,6,10867243,False,11,Trung bình,Trung hạn
3532,133,James Arthur,Say You Won't Let Go,7,147,304,10810467,False,14,Trung bình,Dài hạn
3533,134,Gustavo Moura & Rafael,Digitando,134,-1,1,10681713,True,-135,Trung bình,Ngắn hạn
3534,135,Arctic Monkeys,505,43,130,121,10587345,False,-5,Trung bình,Dài hạn
3535,136,Coldplay,Yellow,36,128,176,10581477,False,-8,Trung bình,Dài hạn
3536,137,Bruno Mars,Locked out of Heaven,39,118,99,10574950,False,-19,Trung bình,Dài hạn
3537,138,Taylor Swift,Chloe or Sam or Sophia or Marcus,40,40,2,10494143,False,-98,Trung bình,Ngắn hạn
3538,139,Linkin Park,In the End,22,163,43,10478749,False,24,Trung bình,Dài hạn
3539,140,Creedence Clearwater Revival,Have You Ever Seen The Rain,85,152,37,10460354,False,12,Trung bình,Dài hạn
3540,141,Junior H,Y LLORO,55,137,30,10419639,False,-4,Trung bình,Dài hạn
3541,142,"DJ JZ, Humberto & Ronaldo, Mc Mininin, DJ LG PROD, Silvanno Salles",Mtg Quero Te Encontrar,142,177,3,10415618,False,35,Trung bình,Ngắn hạn
3542,143,"The Chainsmokers, Coldplay",Something Just Like This,2,155,205,10326254,False,12,Trung bình,Dài hạn
3543,144,YG Marley,Praise Jah In The Moonlight,13,109,14,10313187,False,-35,Trung bình,Dài hạn
3544,145,KAROL G,AMARGURA,53,127,50,10310198,False,-18,Trung bình,Dài hạn
3545,146,The Police,Every Breath You Take,77,165,125,10247522,False,19,Trung bình,Dài hạn
3546,147,Yeat,If We Being Rëal,147,-1,1,10246546,True,-148,Trung bình,Ngắn hạn
3547,148,Harry Styles,Watermelon Sugar,4,178,212,10200693,False,30,Trung bình,Dài hạn
3548,149,Bill Withers,Ain't No Sunshine,76,188,8,10175008,False,39,Trung bình,Trung hạn
3549,150,"Disturbed, CYRIL",The Sound of Silence - CYRIL Remix,106,180,3,10115834,False,30,Trung bình,Ngắn hạn
3550,151,Taylor Swift,Peter,53,53,2,10110059,False,-98,Trung bình,Ngắn hạn
3551,152,"French Montana, Swae Lee",Unforgettable,3,175,87,10103080,False,23,Trung bình,Dài hạn
3552,153,"Macklemore, Ryan Lewis, Macklemore & Ryan Lewis, Ray Dalton",Can't Hold Us (feat. Ray Dalton),86,150,112,10095693,False,-3,Trung bình,Dài hạn
3553,154,Doja Cat,Paint The Town Red,1,146,39,10069495,False,-8,Trung bình,Dài hạn
3554,155,Lana Del Rey,Summertime Sadness,83,135,90,10048347,False,-20,Trung bình,Dài hạn
3555,156,"Billie Eilish, Khalid",lovely (with Khalid),24,162,315,10031866,False,6,Trung bình,Dài hạn
3556,157,Keane,Somewhere Only We Know,80,141,80,10018989,False,-16,Trung bình,Dài hạn
3557,158,Coldplay,Viva La Vida,53,151,88,9987619,False,-7,Trung bình,Dài hạn
3558,159,OneRepublic,Counting Stars,86,166,159,9970805,False,7,Trung bình,Dài hạn
3559,160,V,Love Me Again,11,142,38,9935545,False,-18,Trung bình,Dài hạn
3560,161,Felipe e Rodrigo,Gosta De Rua - Ao Vivo,161,161,2,9904767,False,0,Trung bình,Ngắn hạn
3561,162,Ariana Grande,"yes, and?",1,136,16,9901374,False,-26,Trung bình,Dài hạn
3562,163,LE SSERAFIM,Smart,82,132,10,9893266,False,-31,Trung bình,Trung hạn
3563,164,"Kygo, Ava Max",Whatever,91,176,15,9860785,False,12,Trung bình,Dài hạn
3564,165,MUSIC LAB JPN,Danza Kuduro - Cover,104,164,32,9835621,False,-1,Trung bình,Dài hạn
3565,166,Cigarettes After Sex,Apocalypse,79,153,94,9820280,False,-13,Trung bình,Dài hạn
3566,167,Taylor Swift,I Look in People's Windows,47,47,2,9816753,False,-120,Trung bình,Ngắn hạn
3567,168,Julión Álvarez y su Norteño Banda,Regalo De Dios,100,154,11,9778037,False,-14,Trung bình,Trung hạn
3568,169,TV Girl,Lovers Rock,100,174,45,9770177,False,5,Trung bình,Dài hạn
3569,170,Taylor Swift,The Bolter,58,58,2,9701743,False,-112,Trung bình,Ngắn hạn
3570,171,Junior H,ROCKSTAR,96,139,8,9613823,False,-32,Thấp,Trung hạn
3571,172,A$AP Rocky,Sundress,172,-1,2,9593991,True,-173,Thấp,Ngắn hạn
3572,173,"Peso Pluma, Tito Double P, Joel De La P",LA PEOPLE II,36,120,6,9593325,False,-53,Thấp,Trung hạn
3573,174,Ariana Grande,the boy is mine,11,138,8,9591190,False,-36,Thấp,Trung hạn
3574,175,"Belinda, Natanael Cano",300 Noches,175,-1,1,9569207,True,-176,Thấp,Ngắn hạn
3575,176,Hozier,Take Me To Church,108,167,139,9484434,False,-9,Thấp,Dài hạn
3576,177,Tears For Fears,Everybody Wants To Rule The World,91,184,84,9458692,False,7,Thấp,Dài hạn
3577,178,V,FRI(END)S,15,157,7,9444107,False,-21,Thấp,Trung hạn
3578,179,Good Neighbours,Home,68,159,13,9401393,False,-20,Thấp,Dài hạn
3579,180,Eminem,Without Me,31,179,136,9391457,False,-1,Thấp,Dài hạn
3580,181,Zach Bryan,Something in the Orange,57,194,69,9391012,False,13,Thấp,Dài hạn
3581,182,SZA,Nobody Gets Me,12,-1,15,9379509,True,-183,Thấp,Dài hạn
3582,183,"Tyla, Gunna, Skillibeng",Jump,160,160,3,9291457,False,-23,Thấp,Ngắn hạn
3583,184,Morgan Wallen,Last Night,14,-1,62,9281393,True,-185,Thấp,Dài hạn
3584,185,Imagine Dragons,Demons,111,173,75,9279204,False,-12,Thấp,Dài hạn
3585,186,Travis Scott,goosebumps,13,172,245,9232393,False,-14,Thấp,Dài hạn
3586,187,"Bakar, Summer Walker",Hell N Back (feat. Summer Walker),169,169,3,9184475,False,-18,Thấp,Ngắn hạn
3587,188,"Rihanna, Calvin Harris",We Found Love,59,182,61,9148952,False,-6,Thấp,Dài hạn
3588,189,Dominic Fike,Babydoll,158,-1,3,9134180,True,-190,Thấp,Ngắn hạn
3589,190,Olivia Rodrigo,obsessed,20,156,6,9029175,False,-34,Thấp,Trung hạn
3590,191,Henry Moodie,drunk text,171,-1,3,8985770,True,-192,Thấp,Ngắn hạn
3591,192,Taylor Swift,Cassandra,54,54,2,8981193,False,-138,Thấp,Ngắn hạn
3592,193,"Tiago PZK, Ke Personajes",Piel,125,171,4,8948450,False,-22,Thấp,Ngắn hạn
3593,194,AC/DC,Highway to Hell,152,-1,8,8941534,True,-195,Thấp,Trung hạn
3594,195,Linkin Park,Numb,34,186,22,8921720,False,-9,Thấp,Dài hạn
3595,196,Plan B,Es un Secreto,157,-1,26,8917124,True,-197,Thấp,Dài hạn
3596,197,"Earth, Wind & Fire",September,132,-1,11,8904170,True,-198,Thấp,Trung hạn
3597,198,The Outfield,Your Love,198,-1,1,8875163,True,-199,Thấp,Ngắn hạn
3598,199,WALK THE MOON,Shut Up and Dance,199,-1,1,8867857,True,-200,Thấp,Ngắn hạn
3599,200,Foster The People,Pumped Up Kicks,160,-1,4,8860156,True,-201,Thấp,Ngắn hạn
3600,1,Sabrina Carpenter,Espresso,1,2,4,66896016,False,1,Rất cao,Ngắn hạn
3601,2,Kendrick Lamar,Not Like Us,2,-1,1,55247465,True,-3,Rất cao,Ngắn hạn
3602,3,Tommy Richman,MILLION DOLLAR BABY,3,38,2,53787670,False,35,Rất cao,Ngắn hạn
3603,4,Kendrick Lamar,euphoria,4,35,2,51323309,False,31,Rất cao,Ngắn hạn
3604,5,Artemas,i like the way you kiss me,1,3,7,51187689,False,-2,Rất cao,Trung hạn
3605,6,"Taylor Swift, Post Malone",Fortnight (feat. Post Malone),1,1,3,49397301,False,-5,Rất cao,Ngắn hạn
3606,7,"FloyyMenor, Cris Mj",Gata Only,3,4,13,48022830,False,-3,Rất cao,Dài hạn
3607,8,Hozier,Too Sweet,2,5,7,44466088,False,-3,Rất cao,Trung hạn
3608,9,Benson Boone,Beautiful Things,1,7,16,44086925,False,-2,Rất cao,Dài hạn
3609,10,Shaboozey,A Bar Song (Tipsy),10,10,4,40306497,False,0,Rất cao,Ngắn hạn
3610,11,Ariana Grande,we can't be friends (wait for your love),1,9,9,36619606,False,-2,Rất cao,Trung hạn
3611,12,Djo,End of Beginning,3,8,12,35959211,False,-4,Rất cao,Trung hạn
3612,13,"Future, Metro Boomin, Kendrick Lamar",Like That,4,25,7,31935216,False,12,Rất cao,Trung hạn
3613,14,Taylor Swift,I Can Do It With a Broken Heart,5,6,3,31130485,False,-8,Rất cao,Ngắn hạn
3614,15,Teddy Swims,Lose Control,5,13,26,28669602,False,-2,Rất cao,Dài hạn
3615,16,"Rvssian, Rauw Alejandro, Ayra Starr",Santa,14,14,3,27074056,False,-2,Rất cao,Ngắn hạn
3616,17,Drake,Family Matters,17,-1,1,26302381,True,-18,Rất cao,Ngắn hạn
3617,18,"The Weeknd, JENNIE, Lily-Rose Depp","One Of The Girls (with JENNIE, Lily Rose Depp)",3,17,31,25248391,False,-1,Rất cao,Dài hạn
3618,19,Taylor Swift,Down Bad,2,11,3,24747702,False,-8,Rất cao,Ngắn hạn
3619,20,SZA,Saturn,17,21,11,23475960,False,1,Rất cao,Trung hạn
3620,21,Mark Ambor,Belong Together,21,28,6,23162640,False,7,Rất cao,Trung hạn
3621,22,"Natanael Cano, Oscar Maydon",Madonna,18,31,9,22167993,False,9,Rất cao,Trung hạn
3622,23,Lay Bankz,Tell Ur Girlfriend,23,26,4,21378892,False,3,Rất cao,Ngắn hạn
3623,24,Tate McRae,greedy,1,15,34,21247307,False,-9,Rất cao,Dài hạn
3624,25,Kendrick Lamar,meet the grahams,25,-1,1,21118208,True,-26,Rất cao,Ngắn hạn
3625,26,ILLIT,Magnetic,11,27,7,20696427,False,1,Rất cao,Trung hạn
3626,27,Taylor Swift,Cruel Summer,2,30,66,20678323,False,3,Rất cao,Dài hạn
3627,28,"Feid, ATL Jacob",LUNA,9,33,22,20480002,False,5,Rất cao,Dài hạn
3628,29,"Myke Towers, Bad Bunny",ADIVINO,20,20,2,20461573,False,-9,Rất cao,Ngắn hạn
3629,30,Taylor Swift,"So Long, London",4,12,3,20172292,False,-18,Rất cao,Ngắn hạn
3630,31,"Jaxomy, Agatino Romero, Raffaella Carrà",Pedro,29,29,4,19932620,False,-2,Rất cao,Ngắn hạn
3631,32,Dasha,Austin (Boots Stop Workin'),20,40,9,19783223,False,8,Rất cao,Trung hạn
3632,33,Drake,Push Ups,27,32,3,19428566,False,-1,Rất cao,Ngắn hạn
3633,34,Noah Kahan,Stick Season,6,34,31,19268907,False,0,Rất cao,Dài hạn
3634,35,Harry Styles,As It Was,1,57,110,19240719,False,22,Rất cao,Dài hạn
3635,36,Taylor Swift,Guilty as Sin?,14,19,3,19136956,False,-17,Rất cao,Ngắn hạn
3636,37,"Travis Scott, Playboi Carti",FE!N (feat. Playboi Carti),5,39,34,18974960,False,2,Rất cao,Dài hạn
3637,38,Taylor Swift,Who’s Afraid of Little Old Me?,12,18,3,18609999,False,-20,Rất cao,Ngắn hạn
3638,39,Taylor Swift,My Boy Only Breaks His Favorite Toys,7,16,3,18258901,False,-23,Rất cao,Ngắn hạn
3639,40,Benson Boone,Slow It Down,31,52,7,18258772,False,12,Rất cao,Trung hạn
3640,41,Arctic Monkeys,I Wanna Be Yours,15,43,96,17912048,False,2,Rất cao,Dài hạn
3641,42,Chappell Roan,"Good Luck, Babe!",42,44,4,17770947,False,2,Rất cao,Ngắn hạn
3642,43,Mitski,My Love Mine All Mine,3,37,33,17322955,False,-6,Rất cao,Dài hạn
3643,44,The Neighbourhood,Sweater Weather,19,61,193,17073939,False,17,Rất cao,Dài hạn
3644,45,Taylor Swift,But Daddy I Love Him,9,24,3,16823639,False,-21,Rất cao,Ngắn hạn
3645,46,Beyoncé,TEXAS HOLD 'EM,2,41,13,16817146,False,-5,Rất cao,Dài hạn
3646,47,"Taylor Swift, Florence + The Machine",Florida!!! (feat. Florence + The Machine),10,23,3,16737615,False,-24,Rất cao,Ngắn hạn
3647,48,"¥$, Kanye West, Ty Dolla $ign",CARNIVAL,2,45,13,16517198,False,-3,Rất cao,Dài hạn
3648,49,Taylor Swift,The Tortured Poets Department,6,22,3,16514196,False,-27,Rất cao,Ngắn hạn
3649,50,Lord Huron,The Night We Met,28,48,81,16472035,False,-2,Rất cao,Dài hạn
3650,51,"Future, Metro Boomin, Travis Scott, Playboi Carti",Type Shit,11,49,7,16295114,False,-2,Rất cao,Trung hạn
3651,52,Dua Lipa,Illusion,25,78,4,15614440,False,26,Rất cao,Ngắn hạn
3652,53,Miley Cyrus,Flowers,1,77,69,15123735,False,24,Rất cao,Dài hạn
3653,54,"Tyler, The Creator, Kali Uchis",See You Again (feat. Kali Uchis),16,105,63,14665550,False,51,Cao,Dài hạn
3654,55,Dua Lipa,Training Season,15,88,12,14512712,False,33,Cao,Trung hạn
3655,56,Michael Marcagi,Scared To Start,25,54,14,14412838,False,-2,Cao,Dài hạn
3656,57,SZA,Snooze,27,91,72,14350056,False,34,Cao,Dài hạn
3657,58,"The Weeknd, Daft Punk",Starboy,1,73,188,14172482,False,15,Cao,Dài hạn
3658,59,Tyla,Water,12,63,33,14059229,False,4,Cao,Dài hạn
3659,60,Dua Lipa,Houdini,6,100,26,14053928,False,40,Cao,Dài hạn
3660,61,"Luis R Conriquez, Neton Vega",Si No Quieres No,61,90,4,14004086,False,29,Cao,Ngắn hạn
3661,62,Xavi,La Diabla,1,55,22,13994952,False,-7,Cao,Dài hạn
3662,63,Tom Odell,Another Love,15,64,161,13844417,False,1,Cao,Dài hạn
3663,64,Sabrina Carpenter,Feather,34,62,23,13781469,False,-2,Cao,Dài hạn
3664,65,"Jung Kook, Latto",Seven (feat. Latto) (Explicit Ver.),1,69,43,13702787,False,4,Cao,Dài hạn
3665,66,Ariana Grande,intro (end of the world),25,58,9,13699498,False,-8,Cao,Trung hạn
3666,67,Xavi,Corazón de Piedra,21,56,7,13619818,False,-11,Cao,Trung hạn
3667,68,Isabel LaRosa,Favorite,68,94,5,13599140,False,26,Cao,Trung hạn
3668,69,"Zach Bryan, Kacey Musgraves",I Remember Everything (feat. Kacey Musgraves),20,70,37,13579875,False,1,Cao,Dài hạn
3669,70,Natasha Bedingfield,Unwritten,16,51,17,13465894,False,-19,Cao,Dài hạn
3670,71,21 Savage,redrum,8,71,17,13456925,False,0,Cao,Dài hạn
3671,72,"Sevdaliza, Villano Antillano, Tokischa","Ride Or Die, Pt. 2 (with Villano Antillano & Tokischa)",72,103,3,13383107,False,31,Cao,Ngắn hạn
3672,73,SZA,Kill Bill,1,101,74,13294811,False,28,Cao,Dài hạn
3673,74,Taylor Swift,The Smallest Man Who Ever Lived,20,36,3,13228282,False,-38,Cao,Ngắn hạn
3674,75,Dua Lipa,These Walls,75,-1,1,13104607,True,-76,Cao,Ngắn hạn
3675,76,Taylor Swift,loml,19,42,3,13101631,False,-34,Cao,Ngắn hạn
3676,77,Fuerza Regida,TÚ NAME,55,60,10,13067746,False,-17,Cao,Trung hạn
3677,78,Richy Mitch & The Coal Miners,Evergreen,40,65,17,12841958,False,-13,Cao,Dài hạn
3678,79,Jimin,Like Crazy,15,82,59,12760300,False,3,Cao,Dài hạn
3679,80,"KAROL G, Peso Pluma",QLONA,5,79,39,12641694,False,-1,Cao,Dài hạn
3680,81,"Bad Bunny, Feid",PERRO NEGRO,4,81,30,12620558,False,0,Cao,Dài hạn
3681,82,"ZICO, JENNIE",SPOT!,82,86,2,12347334,False,4,Cao,Ngắn hạn
3682,83,Billie Eilish,"What Was I Made For? [From The Motion Picture ""Barbie""]",3,84,43,12168578,False,1,Cao,Dài hạn
3683,84,Lewis Capaldi,Someone You Loved,4,97,278,12128163,False,13,Cao,Dài hạn
3684,85,"cassö, RAYE, D-Block Europe",Prada,17,83,38,12084243,False,-2,Cao,Dài hạn
3685,86,"Drake, Wizkid, Kyla",One Dance,12,122,193,12063976,False,36,Cao,Dài hạn
3686,87,"Young Miko, Feid",offline,68,68,4,12054107,False,-19,Cao,Ngắn hạn
3687,88,Sabrina Carpenter,Nonsense,17,87,68,12049967,False,-1,Cao,Dài hạn
3688,89,The Weeknd,Blinding Lights,1,98,232,12020058,False,9,Cao,Dài hạn
3689,90,Manuel Turizo,La Bachata,4,92,97,12004816,False,2,Cao,Dài hạn
3690,91,Bryson Tiller,Whatever She Wants,38,80,11,11842219,False,-11,Cao,Trung hạn
3691,92,Taylor Swift,The Alchemy,21,47,3,11764063,False,-45,Cao,Ngắn hạn
3692,93,"Rels B, Junior H",Un Desperdicio,93,104,2,11728563,False,11,Cao,Ngắn hạn
3693,94,"Kendrick Lamar, SZA",All The Stars (with SZA),2,-1,49,11716004,True,-95,Cao,Dài hạn
3694,95,Jack Harlow,Lovin On Me,3,89,26,11705157,False,-6,Cao,Dài hạn
3695,96,"David Guetta, Bebe Rexha",I'm Good (Blue),2,102,89,11688495,False,6,Cao,Dài hạn
3696,97,"Post Malone, Swae Lee",Sunflower - Spider-Man: Into the Spider-Verse,1,106,283,11687416,False,9,Cao,Dài hạn
3697,98,Taylor Swift,Fresh Out The Slammer,18,46,3,11571360,False,-52,Cao,Ngắn hạn
3698,99,Gustavo Moura & Rafael,Digitando,99,134,2,11540379,False,35,Cao,Ngắn hạn
3699,100,The Walters,I Love You So,21,99,104,11482343,False,-1,Cao,Dài hạn
3700,101,Rich Amiri,ONE CALL,42,117,15,11454017,False,16,Cao,Dài hạn
3701,102,BABYMONSTER,SHEESH,57,76,5,11409687,False,-26,Cao,Trung hạn
3702,103,Jung Kook,Standing Next to You,1,114,26,11386896,False,11,Cao,Dài hạn
3703,104,"The Weeknd, Playboi Carti, Madonna",Popular (with Playboi Carti & Madonna) - From The Idol Vol. 1 (Music from the HBO Original Series),12,108,49,11346585,False,4,Cao,Dài hạn
3704,105,OneRepublic,I Ain't Worried,7,112,101,11307235,False,7,Cao,Dài hạn
3705,106,Bruno Mars,Locked out of Heaven,39,137,100,11281511,False,31,Cao,Dài hạn
3706,107,Olivia Rodrigo,vampire,1,116,45,11212109,False,9,Trung bình,Dài hạn
3707,108,One Direction,Night Changes,85,127,80,11183737,False,19,Trung bình,Dài hạn
3708,109,"Calle 24, Chino Pacas, Fuerza Regida",Que Onda,16,115,36,11142407,False,6,Trung bình,Dài hạn
3709,110,The Weeknd,Die For You,12,125,117,11135644,False,15,Trung bình,Dài hạn
3710,111,"David Guetta, OneRepublic",I Don't Wanna Wait,107,107,4,11082710,False,-4,Trung bình,Ngắn hạn
3711,112,Kendrick Lamar,HUMBLE.,1,-1,97,10997099,True,-113,Trung bình,Dài hạn
3712,113,SZA,Nobody Gets Me,12,182,16,10971909,False,69,Trung bình,Dài hạn
3713,114,Ruth B.,Dandelions,34,130,140,10954106,False,16,Trung bình,Dài hạn
3714,115,Linkin Park,In the End,22,139,44,10931814,False,24,Trung bình,Dài hạn
3715,116,Hotel Ugly,Shut up My Moms Calling,82,124,70,10911611,False,8,Trung bình,Dài hạn
3716,117,"Kygo, Ava Max",Whatever,91,164,16,10884678,False,47,Trung bình,Dài hạn
3717,118,Taylor Swift,So High School,29,53,3,10832971,False,-65,Trung bình,Ngắn hạn
3718,119,Vance Joy,Riptide,30,111,169,10812423,False,-8,Trung bình,Dài hạn
3719,120,Frank Ocean,Pink + White,69,118,51,10801883,False,-2,Trung bình,Dài hạn
3720,121,James Arthur,Say You Won't Let Go,7,133,305,10687734,False,12,Trung bình,Dài hạn
3721,122,Taylor Swift,imgonnagetyouback,28,59,3,10646321,False,-63,Trung bình,Ngắn hạn
3722,123,Yeat,If We Being Rëal,123,147,2,10640948,False,24,Trung bình,Ngắn hạn
3723,124,CYRIL,Stumblin' In,95,132,7,10629905,False,8,Trung bình,Trung hạn
3724,125,Doja Cat,Paint The Town Red,1,154,40,10619782,False,29,Trung bình,Dài hạn
3725,126,Creedence Clearwater Revival,Have You Ever Seen The Rain,85,140,38,10610129,False,14,Trung bình,Dài hạn
3726,127,Arctic Monkeys,505,43,135,122,10599084,False,8,Trung bình,Dài hạn
3727,128,Coldplay,Yellow,36,136,177,10597268,False,8,Trung bình,Dài hạn
3728,129,d4vd,Feel It - From The Original Series “Invincible”,93,93,5,10530358,False,-36,Trung bình,Trung hạn
3729,130,"Disturbed, CYRIL",The Sound of Silence - CYRIL Remix,106,150,4,10488878,False,20,Trung bình,Ngắn hạn
3730,131,David Kushner,Daylight,5,129,56,10483974,False,-2,Trung bình,Dài hạn
3731,132,"Bizarrap, Natanael Cano","Natanael Cano: Bzrp Music Sessions, Vol. 59",17,75,5,10469953,False,-57,Trung bình,Trung hạn
3732,133,"The Chainsmokers, Coldplay",Something Just Like This,2,143,206,10460016,False,10,Trung bình,Dài hạn
3733,134,Tommy Richman,MILLION DOLLAR BABY (VHS),134,-1,1,10412171,True,-135,Trung bình,Ngắn hạn
3734,135,"Macklemore, Ryan Lewis, Macklemore & Ryan Lewis, Ray Dalton",Can't Hold Us (feat. Ray Dalton),86,153,113,10408055,False,18,Trung bình,Dài hạn
3735,136,Xavi,La Víctima,8,121,24,10400754,False,-15,Trung bình,Dài hạn
3736,137,The Police,Every Breath You Take,77,146,126,10368622,False,9,Trung bình,Dài hạn
3737,138,"Kendrick Lamar, Jay Rock",Money Trees,62,-1,50,10360334,True,-139,Trung bình,Dài hạn
3738,139,Myke Towers,LA FALDA,24,74,19,10353540,False,-65,Trung bình,Dài hạn
3739,140,"Belinda, Natanael Cano",300 Noches,140,175,2,10286413,False,35,Trung bình,Ngắn hạn
3740,141,Keane,Somewhere Only We Know,80,157,81,10273105,False,16,Trung bình,Dài hạn
3741,142,OneRepublic,Counting Stars,86,159,160,10225631,False,17,Trung bình,Dài hạn
3742,143,V,Love Me Again,11,160,39,10224135,False,17,Trung bình,Dài hạn
3743,144,"French Montana, Swae Lee",Unforgettable,3,152,88,10179442,False,8,Trung bình,Dài hạn
3744,145,"The Kid LAROI, Justin Bieber",STAY (with Justin Bieber),1,-1,139,10154193,True,-146,Trung bình,Dài hạn
3745,146,KAROL G,AMARGURA,53,145,51,10152568,False,-1,Trung bình,Dài hạn
3746,147,Tears For Fears,Everybody Wants To Rule The World,91,177,85,10082947,False,30,Trung bình,Dài hạn
3747,148,Lana Del Rey,Summertime Sadness,83,155,91,10081727,False,7,Trung bình,Dài hạn
3748,149,Taylor Swift,I Can Fix Him (No Really I Can),22,50,3,10054043,False,-99,Trung bình,Ngắn hạn
3749,150,"Billie Eilish, Khalid",lovely (with Khalid),24,156,316,10031053,False,6,Trung bình,Dài hạn
3750,151,Coldplay,Viva La Vida,53,158,89,9960913,False,7,Trung bình,Dài hạn
3751,152,Henry Moodie,drunk text,152,191,4,9948151,False,39,Trung bình,Ngắn hạn
3752,153,Travis Scott,I KNOW ?,14,-1,35,9929551,True,-154,Trung bình,Dài hạn
3753,154,Taylor Swift,The Prophecy,36,72,3,9926334,False,-82,Trung bình,Ngắn hạn
3754,155,Cigarettes After Sex,Apocalypse,79,166,95,9913932,False,11,Trung bình,Dài hạn
3755,156,"DJ JZ, Humberto & Ronaldo, Mc Mininin, DJ LG PROD, Silvanno Salles",Mtg Quero Te Encontrar,142,142,4,9913177,False,-14,Trung bình,Ngắn hạn
3756,157,Harry Styles,Watermelon Sugar,4,148,213,9898370,False,-9,Trung bình,Dài hạn
3757,158,Ariana Grande,"yes, and?",1,162,17,9793302,False,4,Trung bình,Dài hạn
3758,159,Imagine Dragons,Demons,111,185,76,9771200,False,26,Trung bình,Dài hạn
3759,160,Morgan Wallen,Last Night,14,184,63,9605398,False,24,Thấp,Dài hạn
3760,161,A$AP Rocky,Sundress,161,172,3,9584692,False,11,Thấp,Ngắn hạn
3761,162,Travis Scott,goosebumps,13,186,246,9567880,False,24,Thấp,Dài hạn
3762,163,"iZaak, JHAYCO, Anuel AA",BBY BOO - REMIX,163,-1,3,9564246,True,-164,Thấp,Ngắn hạn
3763,164,"Bakar, Summer Walker",Hell N Back (feat. Summer Walker),164,187,4,9557754,False,23,Thấp,Ngắn hạn
3764,165,Hozier,Take Me To Church,108,176,140,9508582,False,11,Thấp,Dài hạn
3765,166,Taylor Swift,The Black Dog,26,67,3,9503397,False,-99,Thấp,Ngắn hạn
3766,167,"Rihanna, Calvin Harris",We Found Love,59,188,62,9478390,False,21,Thấp,Dài hạn
3767,168,TV Girl,Lovers Rock,100,169,46,9471283,False,1,Thấp,Dài hạn
3768,169,Eminem,Without Me,31,180,137,9445943,False,11,Thấp,Dài hạn
3769,170,"Metro Boomin, Future, Don Toliver",Too Many Nights (feat. Don Toliver & with Future),33,-1,52,9419131,True,-171,Thấp,Dài hạn
3770,171,Bill Withers,Ain't No Sunshine,76,149,9,9409620,False,-22,Thấp,Trung hạn
3771,172,Bruno Mars,Just the Way You Are,39,-1,70,9385172,True,-173,Thấp,Dài hạn
3772,173,Julión Álvarez y su Norteño Banda,Regalo De Dios,100,168,12,9378023,False,-5,Thấp,Trung hạn
3773,174,Bruno Mars,When I Was Your Man,38,-1,87,9374735,True,-175,Thấp,Dài hạn
3774,175,Bayhan,Tiryakinim,175,-1,1,9361371,True,-176,Thấp,Ngắn hạn
3775,176,V,FRI(END)S,15,178,8,9352133,False,2,Thấp,Trung hạn
3776,177,"Don Omar, Lucenzo",Danza Kuduro,104,165,33,9301143,False,-12,Thấp,Dài hạn
3777,178,Zach Bryan,Something in the Orange,57,181,70,9285677,False,3,Thấp,Dài hạn
3778,179,"Bhavi, Seven Kayne, Milo j, Tiago PZK, KHEA, Neo Pistea","BESAME (feat. Tiago PZK, Khea & Neo Pistea) - Remix",91,113,3,9283120,False,-66,Thấp,Ngắn hạn
3779,180,"Maluma, Carin Leon",Según Quién,17,126,34,9242056,False,-54,Thấp,Dài hạn
3780,181,Reynmen,Renklensin,85,85,2,9226772,False,-96,Thấp,Ngắn hạn
3781,182,Imagine Dragons,Believer,16,-1,374,9205054,True,-183,Thấp,Dài hạn
3782,183,Flo Milli,Never Lose Me,25,-1,13,9200519,True,-184,Thấp,Dài hạn
3783,184,Plan B,Es un Secreto,157,196,27,9188361,False,12,Thấp,Dài hạn
3784,185,"Dimitri Vegas & Like Mike, Tiësto, Dido, W&W, Dimitri Vegas, Like Mike",Thank You (Not So Bad),170,-1,8,9173976,True,-186,Thấp,Trung hạn
3785,186,Taylor Swift,Clara Bow,23,66,3,9138616,False,-120,Thấp,Ngắn hạn
3786,187,YG Marley,Praise Jah In The Moonlight,13,144,15,9093119,False,-43,Thấp,Dài hạn
3787,188,"Rels B, Lia Kali",La Vida Sin Ti,110,110,2,9056840,False,-78,Thấp,Ngắn hạn
3788,189,Journey,Don't Stop Believin' (2022 Remaster),185,-1,10,9044110,True,-190,Thấp,Trung hạn
3789,190,"Oscar Maydon, Gabito Ballesteros, Chino Pacas",Elvira,162,-1,5,9025298,True,-191,Thấp,Trung hạn
3790,191,"Bizarrap, Natanael Cano",Entre las de 20,63,120,5,9022306,False,-71,Thấp,Trung hạn
3791,192,Ariana Grande,the boy is mine,11,174,9,9011655,False,-18,Thấp,Trung hạn
3792,193,The Outfield,Your Love,193,198,2,9009440,False,5,Thấp,Ngắn hạn
3793,194,Miguel,Sure Thing,14,-1,60,8983082,True,-195,Thấp,Dài hạn
3794,195,Don Toliver,BANDIT,83,-1,4,8980536,True,-196,Thấp,Ngắn hạn
3795,196,"Elton John, Dua Lipa, PNAU",Cold Heart - PNAU Remix,4,-1,135,8960421,True,-197,Thấp,Dài hạn
3796,197,Daya,Hide Away,197,-1,1,8959707,True,-198,Thấp,Ngắn hạn
3797,198,Sexyy Red,Get It Sexyy,198,-1,1,8950780,True,-199,Thấp,Ngắn hạn
3798,199,Amy Winehouse,Back To Black,199,-1,1,8921591,True,-200,Thấp,Ngắn hạn
3799,200,Artemas,if u think i'm pretty,52,96,8,8920412,False,-104,Thấp,Trung hạn
3800,1,Tommy Richman,MILLION DOLLAR BABY,1,3,3,82235497,False,2,Rất cao,Ngắn hạn
3801,2,Kendrick Lamar,Not Like Us,2,2,2,73078518,False,0,Rất cao,Ngắn hạn
3802,3,"Post Malone, Morgan Wallen",I Had Some Help (Feat. Morgan Wallen),3,-1,1,66560055,True,-4,Rất cao,Ngắn hạn
3803,4,Sabrina Carpenter,Espresso,1,1,5,63975548,False,-3,Rất cao,Trung hạn
3804,5,Artemas,i like the way you kiss me,1,5,8,47115207,False,0,Rất cao,Trung hạn
3805,6,"Taylor Swift, Post Malone",Fortnight (feat. Post Malone),1,6,4,46079957,False,0,Rất cao,Ngắn hạn
3806,7,Shaboozey,A Bar Song (Tipsy),7,10,5,45881416,False,3,Rất cao,Trung hạn
3807,8,"FloyyMenor, Cris Mj",Gata Only,3,7,14,45849705,False,-1,Rất cao,Dài hạn
3808,9,Hozier,Too Sweet,2,8,8,42925136,False,-1,Rất cao,Trung hạn
3809,10,Benson Boone,Beautiful Things,1,9,17,42536984,False,-1,Rất cao,Dài hạn
3810,11,Ariana Grande,we can't be friends (wait for your love),1,11,10,35939777,False,0,Rất cao,Trung hạn
3811,12,Djo,End of Beginning,3,12,13,34736289,False,0,Rất cao,Dài hạn
3812,13,Kendrick Lamar,euphoria,4,4,3,32280618,False,-9,Rất cao,Ngắn hạn
3813,14,Taylor Swift,I Can Do It With a Broken Heart,5,14,4,31481961,False,0,Rất cao,Ngắn hạn
3814,15,"Future, Metro Boomin, Kendrick Lamar",Like That,4,13,8,29240061,False,-2,Rất cao,Trung hạn
3815,16,Teddy Swims,Lose Control,5,15,27,29137161,False,-1,Rất cao,Dài hạn
3816,17,"Rvssian, Rauw Alejandro, Ayra Starr",Santa,14,16,4,26129179,False,-1,Rất cao,Ngắn hạn
3817,18,"The Weeknd, JENNIE, Lily-Rose Depp","One Of The Girls (with JENNIE, Lily Rose Depp)",3,18,32,25176548,False,0,Rất cao,Dài hạn
3818,19,Mark Ambor,Belong Together,19,21,7,25042070,False,2,Rất cao,Trung hạn
3819,20,SZA,Saturn,17,20,12,24019693,False,0,Rất cao,Trung hạn
3820,21,Taylor Swift,Down Bad,2,19,4,23991257,False,-2,Rất cao,Ngắn hạn
3821,22,Taylor Swift,Cruel Summer,2,27,67,22387779,False,5,Rất cao,Dài hạn
3822,23,"Natanael Cano, Oscar Maydon",Madonna,18,22,10,22297056,False,-1,Rất cao,Trung hạn
3823,24,Harry Styles,As It Was,1,35,111,21229367,False,11,Rất cao,Dài hạn
3824,25,Dasha,Austin (Boots Stop Workin'),20,32,10,20751023,False,7,Rất cao,Trung hạn
3825,26,Tate McRae,greedy,1,24,35,20241190,False,-2,Rất cao,Dài hạn
3826,27,Taylor Swift,Who’s Afraid of Little Old Me?,12,38,4,19986551,False,11,Rất cao,Ngắn hạn
3827,28,"Feid, ATL Jacob",LUNA,9,28,23,19967328,False,0,Rất cao,Dài hạn
3828,29,"Travis Scott, Playboi Carti",FE!N (feat. Playboi Carti),5,37,35,19957254,False,8,Rất cao,Dài hạn
3829,30,"Jaxomy, Agatino Romero, Raffaella Carrà",Pedro,29,31,5,19542161,False,1,Rất cao,Trung hạn
3830,31,Joost,Europapa,31,-1,2,19505537,True,-32,Rất cao,Ngắn hạn
3831,32,ILLIT,Magnetic,11,26,8,19157057,False,-6,Rất cao,Trung hạn
3832,33,Benson Boone,Slow It Down,31,40,8,18962601,False,7,Rất cao,Trung hạn
3833,34,Noah Kahan,Stick Season,6,34,32,18619219,False,0,Rất cao,Dài hạn
3834,35,Taylor Swift,Guilty as Sin?,14,36,4,18392288,False,1,Rất cao,Ngắn hạn
3835,36,Taylor Swift,"So Long, London",4,30,4,18353021,False,-6,Rất cao,Ngắn hạn
3836,37,The Neighbourhood,Sweater Weather,19,44,194,17995931,False,7,Rất cao,Dài hạn
3837,38,"Myke Towers, Bad Bunny",ADIVINO,20,29,3,17868563,False,-9,Rất cao,Ngắn hạn
3838,39,Arctic Monkeys,I Wanna Be Yours,15,41,97,17827683,False,2,Rất cao,Dài hạn
3839,40,Chappell Roan,"Good Luck, Babe!",40,42,5,17800343,False,2,Rất cao,Trung hạn
3840,41,Lay Bankz,Tell Ur Girlfriend,23,23,5,17505552,False,-18,Rất cao,Trung hạn
3841,42,Taylor Swift,But Daddy I Love Him,9,45,4,17154933,False,3,Rất cao,Ngắn hạn
3842,43,Mitski,My Love Mine All Mine,3,43,34,16678382,False,0,Rất cao,Dài hạn
3843,44,Nemo,The Code,44,-1,1,16626628,True,-45,Rất cao,Ngắn hạn
3844,45,Taylor Swift,My Boy Only Breaks His Favorite Toys,7,39,4,16505186,False,-6,Rất cao,Ngắn hạn
3845,46,Kendrick Lamar,meet the grahams,25,25,2,16389941,False,-21,Rất cao,Ngắn hạn
3846,47,Lord Huron,The Night We Met,28,50,82,16074010,False,3,Rất cao,Dài hạn
3847,48,Drake,Family Matters,17,17,2,16008317,False,-31,Rất cao,Ngắn hạn
3848,49,"Luis R Conriquez, Neton Vega",Si No Quieres No,49,61,5,15806132,False,12,Rất cao,Trung hạn
3849,50,Beyoncé,TEXAS HOLD 'EM,2,46,14,15591588,False,-4,Rất cao,Dài hạn
3850,51,"Future, Metro Boomin, Travis Scott, Playboi Carti",Type Shit,11,51,8,15579706,False,0,Rất cao,Trung hạn
3851,52,Myles Smith,Stargazing,52,-1,1,15274610,True,-53,Rất cao,Ngắn hạn
3852,53,SZA,Snooze,27,57,73,15068252,False,4,Rất cao,Dài hạn
3853,54,"Tyler, The Creator, Kali Uchis",See You Again (feat. Kali Uchis),16,54,64,14907506,False,0,Cao,Dài hạn
3854,55,Miley Cyrus,Flowers,1,53,70,14863361,False,-2,Cao,Dài hạn
3855,56,"¥$, Kanye West, Ty Dolla $ign",CARNIVAL,2,48,14,14795087,False,-8,Cao,Dài hạn
3856,57,Taylor Swift,The Smallest Man Who Ever Lived,20,74,4,14710724,False,17,Cao,Ngắn hạn
3857,58,Michael Marcagi,Scared To Start,25,56,15,14553591,False,-2,Cao,Dài hạn
3858,59,"Taylor Swift, Florence + The Machine",Florida!!! (feat. Florence + The Machine),10,47,4,14526185,False,-12,Cao,Ngắn hạn
3859,60,Taylor Swift,The Tortured Poets Department,6,49,4,14464834,False,-11,Cao,Ngắn hạn
3860,61,Tyla,Water,12,59,34,14440086,False,-2,Cao,Dài hạn
3861,62,RM,Come back to me,62,-1,1,14286069,True,-63,Cao,Ngắn hạn
3862,63,"Zach Bryan, Kacey Musgraves",I Remember Everything (feat. Kacey Musgraves),20,69,38,14041760,False,6,Cao,Dài hạn
3863,64,"The Weeknd, Daft Punk",Starboy,1,58,189,14001257,False,-6,Cao,Dài hạn
3864,65,SZA,Kill Bill,1,73,75,13970742,False,8,Cao,Dài hạn
3865,66,Ariana Grande,intro (end of the world),25,66,10,13776702,False,0,Cao,Trung hạn
3866,67,"Jung Kook, Latto",Seven (feat. Latto) (Explicit Ver.),1,65,44,13604577,False,-2,Cao,Dài hạn
3867,68,Sabrina Carpenter,Feather,34,64,24,13601305,False,-4,Cao,Dài hạn
3868,69,Jimin,Like Crazy,15,79,60,13589312,False,10,Cao,Dài hạn
3869,70,Xavi,La Diabla,1,62,23,13498365,False,-8,Cao,Dài hạn
3870,71,Isabel LaRosa,Favorite,68,68,6,13364691,False,-3,Cao,Trung hạn
3871,72,Tom Odell,Another Love,15,63,162,13313461,False,-9,Cao,Dài hạn
3872,73,Natasha Bedingfield,Unwritten,16,70,18,12984125,False,-3,Cao,Dài hạn
3873,74,21 Savage,redrum,8,71,18,12845678,False,-3,Cao,Dài hạn
3874,75,"ZICO, JENNIE",SPOT!,75,82,3,12574729,False,7,Cao,Ngắn hạn
3875,76,Richy Mitch & The Coal Miners,Evergreen,40,78,18,12502056,False,2,Cao,Dài hạn
3876,77,Fuerza Regida,TÚ NAME,55,77,11,12439612,False,0,Cao,Trung hạn
3877,78,Drake,Push Ups,27,33,4,12404023,False,-45,Cao,Ngắn hạn
3878,79,Taylor Swift,So High School,29,118,4,12394850,False,39,Cao,Ngắn hạn
3879,80,"Bad Bunny, Feid",PERRO NEGRO,4,81,31,12376229,False,1,Cao,Dài hạn
3880,81,"cassö, RAYE, D-Block Europe",Prada,17,85,39,12222968,False,4,Cao,Dài hạn
3881,82,"Post Malone, Swae Lee",Sunflower - Spider-Man: Into the Spider-Verse,1,97,284,12195144,False,15,Cao,Dài hạn
3882,83,"Kendrick Lamar, SZA",All The Stars (with SZA),2,94,50,12137557,False,11,Cao,Dài hạn
3883,84,Manuel Turizo,La Bachata,4,90,98,12132178,False,6,Cao,Dài hạn
3884,85,Xavi,Corazón de Piedra,21,67,8,12117046,False,-18,Cao,Trung hạn
3885,86,Taylor Swift,loml,19,76,4,12091176,False,-10,Cao,Ngắn hạn
3886,87,"Peso Pluma, Junior H, Eslabon Armado",LA DURANGO,87,-1,1,12077448,True,-88,Cao,Ngắn hạn
3887,88,"David Guetta, Bebe Rexha",I'm Good (Blue),2,96,90,11983549,False,8,Cao,Dài hạn
3888,89,"KAROL G, Peso Pluma",QLONA,5,80,40,11935584,False,-9,Cao,Dài hạn
3889,90,Sabrina Carpenter,Nonsense,17,88,69,11930623,False,-2,Cao,Dài hạn
3890,91,The Weeknd,Blinding Lights,1,89,233,11916823,False,-2,Cao,Dài hạn
3891,92,"Drake, Wizkid, Kyla",One Dance,12,86,194,11747298,False,-6,Cao,Dài hạn
3892,93,One Direction,Night Changes,85,108,81,11720052,False,15,Cao,Dài hạn
3893,94,The Weeknd,Die For You,12,110,118,11667790,False,16,Cao,Dài hạn
3894,95,"David Guetta, OneRepublic",I Don't Wanna Wait,95,111,5,11610223,False,16,Cao,Trung hạn
3895,96,Lewis Capaldi,Someone You Loved,4,84,279,11603804,False,-12,Cao,Dài hạn
3896,97,Billie Eilish,"What Was I Made For? [From The Motion Picture ""Barbie""]",3,83,44,11508947,False,-14,Cao,Dài hạn
3897,98,OneRepublic,I Ain't Worried,7,105,102,11389109,False,7,Cao,Dài hạn
3898,99,Jack Harlow,Lovin On Me,3,95,27,11369349,False,-4,Cao,Dài hạn
3899,100,Linkin Park,In the End,22,115,45,11336215,False,15,Cao,Dài hạn
3900,101,"Kygo, Ava Max",Whatever,91,117,17,11296857,False,16,Cao,Dài hạn
3901,102,Olivia Rodrigo,vampire,1,107,46,11266888,False,5,Cao,Dài hạn
3902,103,Bruno Mars,Locked out of Heaven,39,106,101,11244660,False,3,Trung bình,Dài hạn
3903,104,The Walters,I Love You So,21,100,105,11232200,False,-4,Trung bình,Dài hạn
3904,105,"Young Miko, Feid",offline,68,87,5,11188867,False,-18,Trung bình,Trung hạn
3905,106,Henry Moodie,drunk text,106,152,5,11184251,False,46,Trung bình,Trung hạn
3906,107,"The Kid LAROI, Justin Bieber",STAY (with Justin Bieber),1,145,140,11181419,False,38,Trung bình,Dài hạn
3907,108,SZA,Nobody Gets Me,12,113,17,11170042,False,5,Trung bình,Dài hạn
3908,109,Taylor Swift,The Alchemy,21,92,4,11169388,False,-17,Trung bình,Ngắn hạn
3909,110,CYRIL,Stumblin' In,95,124,8,11044458,False,14,Trung bình,Trung hạn
3910,111,Frank Ocean,Pink + White,69,120,52,11019248,False,9,Trung bình,Dài hạn
3911,112,"Macklemore, Ryan Lewis, Macklemore & Ryan Lewis, Ray Dalton",Can't Hold Us (feat. Ray Dalton),86,135,114,10958842,False,23,Trung bình,Dài hạn
3912,113,Ruth B.,Dandelions,34,114,141,10945976,False,1,Trung bình,Dài hạn
3913,114,Morgan Wallen,Last Night,14,160,64,10932903,False,46,Trung bình,Dài hạn
3914,115,"Sevdaliza, Villano Antillano, Tokischa","Ride Or Die, Pt. 2 (with Villano Antillano & Tokischa)",72,72,4,10896680,False,-43,Trung bình,Ngắn hạn
3915,116,BABYMONSTER,SHEESH,57,102,6,10882912,False,-14,Trung bình,Trung hạn
3916,117,"The Weeknd, Playboi Carti, Madonna",Popular (with Playboi Carti & Madonna) - From The Idol Vol. 1 (Music from the HBO Original Series),12,104,50,10880865,False,-13,Trung bình,Dài hạn
3917,118,Dua Lipa,Illusion,25,52,5,10868512,False,-66,Trung bình,Trung hạn
3918,119,Dua Lipa,Training Season,15,55,13,10835275,False,-64,Trung bình,Dài hạn
3919,120,Coldplay,Yellow,36,128,178,10834712,False,8,Trung bình,Dài hạn
3920,121,Jung Kook,Standing Next to You,1,103,27,10823334,False,-18,Trung bình,Dài hạn
3921,122,"Kendrick Lamar, Jay Rock",Money Trees,62,138,51,10818932,False,16,Trung bình,Dài hạn
3922,123,Baby Lasagna,Rim Tim Tagi Dim,123,-1,1,10807462,True,-124,Trung bình,Ngắn hạn
3923,124,James Arthur,Say You Won't Let Go,7,121,306,10784996,False,-3,Trung bình,Dài hạn
3924,125,"Calle 24, Chino Pacas, Fuerza Regida",Que Onda,16,109,37,10777557,False,-16,Trung bình,Dài hạn
3925,126,Keane,Somewhere Only We Know,80,141,82,10710343,False,15,Trung bình,Dài hạn
3926,127,Vance Joy,Riptide,30,119,170,10691347,False,-8,Trung bình,Dài hạn
3927,128,Arctic Monkeys,505,43,127,123,10561595,False,-1,Trung bình,Dài hạn
3928,129,Bryson Tiller,Whatever She Wants,38,91,12,10538986,False,-38,Trung bình,Trung hạn
3929,130,"French Montana, Swae Lee",Unforgettable,3,144,89,10518070,False,14,Trung bình,Dài hạn
3930,131,Doja Cat,Paint The Town Red,1,125,41,10517395,False,-6,Trung bình,Dài hạn
3931,132,"The Chainsmokers, Coldplay",Something Just Like This,2,133,207,10513968,False,1,Trung bình,Dài hạn
3932,133,Rich Amiri,ONE CALL,42,101,16,10497194,False,-32,Trung bình,Dài hạn
3933,134,David Kushner,Daylight,5,131,57,10435506,False,-3,Trung bình,Dài hạn
3934,135,Taylor Swift,Fresh Out The Slammer,18,98,4,10419979,False,-37,Trung bình,Ngắn hạn
3935,136,The Police,Every Breath You Take,77,137,127,10414990,False,1,Trung bình,Dài hạn
3936,137,V,Love Me Again,11,143,40,10388044,False,6,Trung bình,Dài hạn
3937,138,Creedence Clearwater Revival,Have You Ever Seen The Rain,85,126,39,10382712,False,-12,Trung bình,Dài hạn
3938,139,Hotel Ugly,Shut up My Moms Calling,82,116,71,10354913,False,-23,Trung bình,Dài hạn
3939,140,Travis Scott,goosebumps,13,162,247,10338832,False,22,Trung bình,Dài hạn
3940,141,OneRepublic,Counting Stars,86,142,161,10297617,False,1,Trung bình,Dài hạn
3941,142,Travis Scott,I KNOW ?,14,153,36,10266949,False,11,Trung bình,Dài hạn
3942,143,Julión Álvarez y su Norteño Banda,Regalo De Dios,100,173,13,10188194,False,30,Trung bình,Dài hạn
3943,144,Harry Styles,Watermelon Sugar,4,157,214,10163640,False,13,Trung bình,Dài hạn
3944,145,Lana Del Rey,Summertime Sadness,83,148,92,10137421,False,3,Trung bình,Dài hạn
3945,146,Zach Bryan,Something in the Orange,57,178,71,10134541,False,32,Trung bình,Dài hạn
3946,147,"Don Omar, Lucenzo",Danza Kuduro,104,177,34,10068763,False,30,Trung bình,Dài hạn
3947,148,Dua Lipa,Houdini,6,60,27,10034537,False,-88,Trung bình,Dài hạn
3948,149,Kendrick Lamar,HUMBLE.,1,112,98,10029066,False,-37,Trung bình,Dài hạn
3949,150,Coldplay,Viva La Vida,53,151,90,10012231,False,1,Trung bình,Dài hạn
3950,151,Gustavo Moura & Rafael,Digitando,99,99,3,10006174,False,-52,Trung bình,Ngắn hạn
3951,152,"Billie Eilish, Khalid",lovely (with Khalid),24,150,317,10002941,False,-2,Trung bình,Dài hạn
3952,153,KAROL G,AMARGURA,53,146,52,9990152,False,-7,Trung bình,Dài hạn
3953,154,Tears For Fears,Everybody Wants To Rule The World,91,147,86,9961183,False,-7,Trung bình,Dài hạn
3954,155,Slimane,Mon amour,155,-1,1,9954090,True,-156,Trung bình,Ngắn hạn
3955,156,Xavi,La Víctima,8,136,25,9953068,False,-20,Trung bình,Dài hạn
3956,157,Myke Towers,LA FALDA,24,139,20,9937691,False,-18,Trung bình,Dài hạn
3957,158,"Disturbed, CYRIL",The Sound of Silence - CYRIL Remix,106,130,5,9914153,False,-28,Trung bình,Trung hạn
3958,159,Cigarettes After Sex,Apocalypse,79,155,96,9888439,False,-4,Trung bình,Dài hạn
3959,160,Gunna,one of wun,160,-1,1,9875203,True,-161,Trung bình,Ngắn hạn
3960,161,A$AP Rocky,Sundress,161,161,4,9864195,False,0,Trung bình,Ngắn hạn
3961,162,Taylor Swift,imgonnagetyouback,28,122,4,9859379,False,-40,Trung bình,Ngắn hạn
3962,163,Journey,Don't Stop Believin' (2022 Remaster),163,189,11,9780685,False,26,Trung bình,Trung hạn
3963,164,"Rels B, Junior H",Un Desperdicio,93,93,3,9764190,False,-71,Trung bình,Ngắn hạn
3964,165,d4vd,Feel It - From The Original Series “Invincible”,93,129,6,9738386,False,-36,Trung bình,Trung hạn
3965,166,XXXTENTACION,Revenge,63,-1,55,9693108,True,-167,Trung bình,Dài hạn
3966,167,Bruno Mars,Just the Way You Are,39,172,71,9677430,False,5,Trung bình,Dài hạn
3967,168,Eminem,Without Me,31,169,138,9573851,False,1,Thấp,Dài hạn
3968,169,"Rihanna, Calvin Harris",We Found Love,59,167,63,9570354,False,-2,Thấp,Dài hạn
3969,170,Tommy Richman,MILLION DOLLAR BABY (VHS),134,134,2,9570267,False,-36,Thấp,Ngắn hạn
3970,171,Bruno Mars,When I Was Your Man,38,174,88,9567953,False,3,Thấp,Dài hạn
3971,172,V,FRI(END)S,15,176,9,9538519,False,4,Thấp,Trung hạn
3972,173,Ariana Grande,"yes, and?",1,158,18,9506201,False,-15,Thấp,Dài hạn
3973,174,Yeat,If We Being Rëal,123,123,3,9502368,False,-51,Thấp,Ngắn hạn
3974,175,TV Girl,Lovers Rock,100,168,47,9501045,False,-7,Thấp,Dài hạn
3975,176,Imagine Dragons,Demons,111,159,77,9451912,False,-17,Thấp,Dài hạn
3976,177,The White Stripes,Seven Nation Army,177,-1,1,9438924,True,-178,Thấp,Ngắn hạn
3977,178,Bill Withers,Ain't No Sunshine,76,171,10,9435036,False,-7,Thấp,Trung hạn
3978,179,"Metro Boomin, Future, Don Toliver",Too Many Nights (feat. Don Toliver & with Future),33,170,53,9409381,False,-9,Thấp,Dài hạn
3979,180,"Dimitri Vegas & Like Mike, Tiësto, Dido, W&W, Dimitri Vegas, Like Mike",Thank You (Not So Bad),170,185,9,9296549,False,5,Thấp,Trung hạn
3980,181,Miguel,Sure Thing,14,194,61,9296451,False,13,Thấp,Dài hạn
3981,182,Plan B,Es un Secreto,157,184,28,9254616,False,2,Thấp,Dài hạn
3982,183,"Stray Kids, Charlie Puth",Lose My Breath (Feat. Charlie Puth),183,-1,1,9249896,True,-184,Thấp,Ngắn hạn
3983,184,Hozier,Take Me To Church,108,165,141,9243024,False,-19,Thấp,Dài hạn
3984,185,"Bakar, Summer Walker",Hell N Back (feat. Summer Walker),164,164,5,9235533,False,-21,Thấp,Trung hạn
3985,186,"Bizarrap, Natanael Cano","Natanael Cano: Bzrp Music Sessions, Vol. 59",17,132,6,9214815,False,-54,Thấp,Trung hạn
3986,187,"Pitbull, AFROJACK, Ne-Yo, Nayer",Give Me Everything (feat. Nayer),187,-1,1,9208667,True,-188,Thấp,Ngắn hạn
3987,188,"Oscar Maydon, Gabito Ballesteros, Chino Pacas",Elvira,162,190,6,9205383,False,2,Thấp,Trung hạn
3988,189,The Outfield,Your Love,189,193,3,9166218,False,4,Thấp,Ngắn hạn
3989,190,"SAIKO, JC Reyes, Dei V",BADGYAL,190,-1,1,9158787,True,-191,Thấp,Ngắn hạn
3990,191,Imagine Dragons,Believer,16,182,375,9109693,False,-9,Thấp,Dài hạn
3991,192,Taylor Swift,The Prophecy,36,154,4,9082036,False,-38,Thấp,Ngắn hạn
3992,193,AC/DC,Highway to Hell,152,-1,9,9049662,True,-194,Thấp,Trung hạn
3993,194,"iZaak, JHAYCO, Anuel AA",BBY BOO - REMIX,163,163,4,9027537,False,-31,Thấp,Ngắn hạn
3994,195,Taylor Swift,I Can Fix Him (No Really I Can),22,149,4,9018912,False,-46,Thấp,Ngắn hạn
3995,196,Dominic Fike,Babydoll,158,-1,4,9009611,True,-197,Thấp,Ngắn hạn
3996,197,WALK THE MOON,Shut Up and Dance,197,-1,2,9005159,True,-198,Thấp,Ngắn hạn
3997,198,Glass Animals,Heat Waves,1,-1,170,8920280,True,-199,Thấp,Dài hạn
3998,199,"The Weeknd, Lana Del Rey",Stargirl Interlude,92,-1,92,8914617,True,-200,Thấp,Dài hạn
3999,200,"Maluma, Carin Leon",Según Quién,17,180,35,8912759,False,-20,Thấp,Dài hạn
4000,1,Tommy Richman,MILLION DOLLAR BABY,1,1,4,70978525,False,0,Rất cao,Ngắn hạn
4001,2,Billie Eilish,LUNCH,2,-1,1,65579921,True,-3,Rất cao,Ngắn hạn
4002,3,Sabrina Carpenter,Espresso,1,4,6,63967981,False,1,Rất cao,Trung hạn
4003,4,Kendrick Lamar,Not Like Us,2,2,3,61898353,False,-2,Rất cao,Ngắn hạn
4004,5,Billie Eilish,CHIHIRO,5,-1,1,56145760,True,-6,Rất cao,Ngắn hạn
4005,6,"Post Malone, Morgan Wallen",I Had Some Help (Feat. Morgan Wallen),3,3,2,53790211,False,-3,Rất cao,Ngắn hạn
4006,7,Billie Eilish,BIRDS OF A FEATHER,7,-1,1,46943792,True,-8,Rất cao,Ngắn hạn
4007,8,"FloyyMenor, Cris Mj",Gata Only,3,8,15,45655340,False,0,Rất cao,Dài hạn
4008,9,Artemas,i like the way you kiss me,1,5,9,43122460,False,-4,Rất cao,Trung hạn
4009,10,Shaboozey,A Bar Song (Tipsy),7,7,6,42399084,False,-3,Rất cao,Trung hạn
4010,11,Hozier,Too Sweet,2,9,9,42379238,False,-2,Rất cao,Trung hạn
4011,12,Benson Boone,Beautiful Things,1,10,18,40456133,False,-2,Rất cao,Dài hạn
4012,13,"Taylor Swift, Post Malone",Fortnight (feat. Post Malone),1,6,5,36770244,False,-7,Rất cao,Trung hạn
4013,14,Ariana Grande,we can't be friends (wait for your love),1,11,11,34653054,False,-3,Rất cao,Trung hạn
4014,15,Billie Eilish,WILDFLOWER,15,-1,1,33697051,True,-16,Rất cao,Ngắn hạn
4015,16,Billie Eilish,SKINNY,16,-1,1,33527397,True,-17,Rất cao,Ngắn hạn
4016,17,Billie Eilish,BLUE,17,-1,1,32335447,True,-18,Rất cao,Ngắn hạn
4017,18,Djo,End of Beginning,3,12,14,32248059,False,-6,Rất cao,Dài hạn
4018,19,Billie Eilish,L’AMOUR DE MA VIE,19,-1,1,30670703,True,-20,Rất cao,Ngắn hạn
4019,20,Billie Eilish,THE GREATEST,20,-1,1,30132050,True,-21,Rất cao,Ngắn hạn
4020,21,Teddy Swims,Lose Control,5,16,28,28407822,False,-5,Rất cao,Dài hạn
4021,22,"Rvssian, Rauw Alejandro, Ayra Starr",Santa,14,17,5,27863709,False,-5,Rất cao,Trung hạn
4022,23,Billie Eilish,THE DINER,23,-1,1,25824822,True,-24,Rất cao,Ngắn hạn
4023,24,Taylor Swift,I Can Do It With a Broken Heart,5,14,5,25180449,False,-10,Rất cao,Trung hạn
4024,25,Billie Eilish,BITTERSUITE,25,-1,1,24632669,True,-26,Rất cao,Ngắn hạn
4025,26,"The Weeknd, JENNIE, Lily-Rose Depp","One Of The Girls (with JENNIE, Lily Rose Depp)",3,18,33,24546723,False,-8,Rất cao,Dài hạn
4026,27,"Future, Metro Boomin, Kendrick Lamar",Like That,4,15,9,24519166,False,-12,Rất cao,Trung hạn
4027,28,Taylor Swift,Cruel Summer,2,22,68,23064530,False,-6,Rất cao,Dài hạn
4028,29,SZA,Saturn,17,20,13,22792034,False,-9,Rất cao,Dài hạn
4029,30,Kendrick Lamar,euphoria,4,13,4,22690501,False,-17,Rất cao,Ngắn hạn
4030,31,Mark Ambor,Belong Together,19,19,8,21011016,False,-12,Rất cao,Trung hạn
4031,32,Harry Styles,As It Was,1,24,112,20782750,False,-8,Rất cao,Dài hạn
4032,33,"Natanael Cano, Oscar Maydon",Madonna,18,23,11,20320664,False,-10,Rất cao,Trung hạn
4033,34,Dasha,Austin (Boots Stop Workin'),20,25,11,20096388,False,-9,Rất cao,Trung hạn
4034,35,"Feid, ATL Jacob",LUNA,9,28,24,19387108,False,-7,Rất cao,Dài hạn
4035,36,Tate McRae,greedy,1,26,36,19298946,False,-10,Rất cao,Dài hạn
4036,37,Myles Smith,Stargazing,37,52,2,19131781,False,15,Rất cao,Ngắn hạn
4037,38,"Travis Scott, Playboi Carti",FE!N (feat. Playboi Carti),5,29,36,18930650,False,-9,Rất cao,Dài hạn
4038,39,Taylor Swift,Down Bad,2,21,5,18750642,False,-18,Rất cao,Trung hạn
4039,40,Chappell Roan,"Good Luck, Babe!",40,40,6,18655642,False,0,Rất cao,Trung hạn
4040,41,Arctic Monkeys,I Wanna Be Yours,15,39,98,18406018,False,-2,Rất cao,Dài hạn
4041,42,Benson Boone,Slow It Down,31,33,9,18325728,False,-9,Rất cao,Trung hạn
4042,43,Noah Kahan,Stick Season,6,34,33,18195118,False,-9,Rất cao,Dài hạn
4043,44,ILLIT,Magnetic,11,32,9,18177053,False,-12,Rất cao,Trung hạn
4044,45,The Neighbourhood,Sweater Weather,19,37,195,17623906,False,-8,Rất cao,Dài hạn
4045,46,"Jaxomy, Agatino Romero, Raffaella Carrà",Pedro,29,30,6,17504455,False,-16,Rất cao,Trung hạn
4046,47,"Luis R Conriquez, Neton Vega",Si No Quieres No,47,49,6,17280272,False,2,Rất cao,Trung hạn
4047,48,Mitski,My Love Mine All Mine,3,43,35,17061421,False,-5,Rất cao,Dài hạn
4048,49,Lord Huron,The Night We Met,28,47,83,16550747,False,-2,Rất cao,Dài hạn
4049,50,Taylor Swift,Guilty as Sin?,14,35,5,16173718,False,-15,Rất cao,Trung hạn
4050,51,Taylor Swift,Who’s Afraid of Little Old Me?,12,27,5,16088159,False,-24,Rất cao,Trung hạn
4051,52,Joost,Europapa,31,31,3,15454255,False,-21,Rất cao,Ngắn hạn
4052,53,"Myke Towers, Bad Bunny",ADIVINO,20,38,4,15356773,False,-15,Rất cao,Ngắn hạn
4053,54,Lay Bankz,Tell Ur Girlfriend,23,41,6,15169723,False,-13,Rất cao,Trung hạn
4054,55,"Tyler, The Creator, Kali Uchis",See You Again (feat. Kali Uchis),16,54,65,15110413,False,-1,Rất cao,Dài hạn
4055,56,Miley Cyrus,Flowers,1,55,71,15020204,False,-1,Cao,Dài hạn
4056,57,aespa,Supernova,57,-1,1,14706499,True,-58,Cao,Ngắn hạn
4057,58,Beyoncé,TEXAS HOLD 'EM,2,50,15,14530165,False,-8,Cao,Dài hạn
4058,59,"Future, Metro Boomin, Travis Scott, Playboi Carti",Type Shit,11,51,9,14387513,False,-8,Cao,Trung hạn
4059,60,"Zach Bryan, Kacey Musgraves",I Remember Everything (feat. Kacey Musgraves),20,63,39,14363958,False,3,Cao,Dài hạn
4060,61,Taylor Swift,"So Long, London",4,36,5,14342589,False,-25,Cao,Trung hạn
4061,62,Tom Odell,Another Love,15,72,163,14212940,False,10,Cao,Dài hạn
4062,63,SZA,Snooze,27,53,74,14184523,False,-10,Cao,Dài hạn
4063,64,SZA,Kill Bill,1,65,76,13839656,False,1,Cao,Dài hạn
4064,65,"The Weeknd, Daft Punk",Starboy,1,64,190,13831981,False,-1,Cao,Dài hạn
4065,66,"Jung Kook, Latto",Seven (feat. Latto) (Explicit Ver.),1,67,45,13824757,False,1,Cao,Dài hạn
4066,67,Michael Marcagi,Scared To Start,25,58,16,13796681,False,-9,Cao,Dài hạn
4067,68,Tyla,Water,12,61,35,13661118,False,-7,Cao,Dài hạn
4068,69,"¥$, Kanye West, Ty Dolla $ign",CARNIVAL,2,56,15,13509255,False,-13,Cao,Dài hạn
4069,70,Taylor Swift,But Daddy I Love Him,9,42,5,13449243,False,-28,Cao,Trung hạn
4070,71,Sabrina Carpenter,Feather,34,68,25,13362556,False,-3,Cao,Dài hạn
4071,72,Taylor Swift,My Boy Only Breaks His Favorite Toys,7,45,5,13225025,False,-27,Cao,Trung hạn
4072,73,Gunna,one of wun,73,160,2,13164438,False,87,Cao,Ngắn hạn
4073,74,Richy Mitch & The Coal Miners,Evergreen,40,76,19,13098966,False,2,Cao,Dài hạn
4074,75,Billie Eilish,"What Was I Made For? [From The Motion Picture ""Barbie""]",3,97,45,13005112,False,22,Cao,Dài hạn
4075,76,Jimin,Like Crazy,15,69,61,12971070,False,-7,Cao,Dài hạn
4076,77,Ariana Grande,intro (end of the world),25,66,11,12840852,False,-11,Cao,Trung hạn
4077,78,Natasha Bedingfield,Unwritten,16,73,19,12758912,False,-5,Cao,Dài hạn
4078,79,SZA,Nobody Gets Me,12,108,18,12516874,False,29,Cao,Dài hạn
4079,80,One Direction,Night Changes,80,93,82,12413589,False,13,Cao,Dài hạn
4080,81,Xavi,La Diabla,1,70,24,12283524,False,-11,Cao,Dài hạn
4081,82,21 Savage,redrum,8,74,19,12198642,False,-8,Cao,Dài hạn
4082,83,Lewis Capaldi,Someone You Loved,4,96,280,12127465,False,13,Cao,Dài hạn
4083,84,Manuel Turizo,La Bachata,4,84,99,12091911,False,0,Cao,Dài hạn
4084,85,"David Guetta, Bebe Rexha",I'm Good (Blue),2,88,91,12068389,False,3,Cao,Dài hạn
4085,86,"Bad Bunny, Feid",PERRO NEGRO,4,80,32,12037806,False,-6,Cao,Dài hạn
4086,87,"Billie Eilish, Khalid",lovely (with Khalid),24,152,318,11946039,False,65,Cao,Dài hạn
4087,88,"David Guetta, OneRepublic",I Don't Wanna Wait,88,95,6,11892567,False,7,Cao,Trung hạn
4088,89,The Weeknd,Blinding Lights,1,91,234,11880123,False,2,Cao,Dài hạn
4089,90,Nemo,The Code,44,44,2,11845578,False,-46,Cao,Ngắn hạn
4090,91,"Post Malone, Swae Lee",Sunflower - Spider-Man: Into the Spider-Verse,1,82,285,11842588,False,-9,Cao,Dài hạn
4091,92,Isabel LaRosa,Favorite,68,71,7,11841601,False,-21,Cao,Trung hạn
4092,93,Sabrina Carpenter,Nonsense,17,90,70,11760401,False,-3,Cao,Dài hạn
4093,94,Xavi,Corazón de Piedra,21,85,9,11737641,False,-9,Cao,Trung hạn
4094,95,"Young Miko, Feid",offline,68,105,6,11727791,False,10,Cao,Trung hạn
4095,96,"cassö, RAYE, D-Block Europe",Prada,17,81,40,11594331,False,-15,Cao,Dài hạn
4096,97,"ZICO, JENNIE",SPOT!,75,75,4,11585105,False,-22,Cao,Ngắn hạn
4097,98,The Weeknd,Die For You,12,94,119,11565526,False,-4,Cao,Dài hạn
4098,99,"KAROL G, Peso Pluma",QLONA,5,89,41,11484712,False,-10,Cao,Dài hạn
4099,100,Fuerza Regida,TÚ NAME,55,77,12,11407248,False,-23,Cao,Trung hạn
4100,101,Linkin Park,In the End,22,100,46,11406411,False,-1,Cao,Dài hạn
4101,102,Taylor Swift,The Smallest Man Who Ever Lived,20,57,5,11362149,False,-45,Cao,Trung hạn
4102,103,Olivia Rodrigo,vampire,1,102,47,11349599,False,-1,Cao,Dài hạn
4103,104,James Arthur,Say You Won't Let Go,7,124,307,11344677,False,20,Cao,Dài hạn
4104,105,CYRIL,Stumblin' In,95,110,9,11281245,False,5,Cao,Trung hạn
4105,106,OneRepublic,I Ain't Worried,7,98,103,11248832,False,-8,Trung bình,Dài hạn
4106,107,Taylor Swift,The Tortured Poets Department,6,60,5,11238171,False,-47,Trung bình,Trung hạn
4107,108,"Kygo, Ava Max",Whatever,91,101,18,11192747,False,-7,Trung bình,Dài hạn
4108,109,V,Love Me Again,11,137,41,11167851,False,28,Trung bình,Dài hạn
4109,110,"The Chainsmokers, Coldplay",Something Just Like This,2,132,208,11116549,False,22,Trung bình,Dài hạn
4110,111,The Walters,I Love You So,21,104,106,11061105,False,-7,Trung bình,Dài hạn
4111,112,Bruno Mars,Locked out of Heaven,39,103,102,11039325,False,-9,Trung bình,Dài hạn
4112,113,Frank Ocean,Pink + White,69,111,53,11016086,False,-2,Trung bình,Dài hạn
4113,114,"Macklemore, Ryan Lewis, Macklemore & Ryan Lewis, Ray Dalton",Can't Hold Us (feat. Ray Dalton),86,112,115,11009525,False,-2,Trung bình,Dài hạn
4114,115,"Drake, Wizkid, Kyla",One Dance,12,92,195,10969762,False,-23,Trung bình,Dài hạn
4115,116,Ruth B.,Dandelions,34,113,142,10945824,False,-3,Trung bình,Dài hạn
4116,117,Coldplay,Yellow,36,120,179,10944073,False,3,Trung bình,Dài hạn
4117,118,Henry Moodie,drunk text,106,106,6,10941398,False,-12,Trung bình,Trung hạn
4118,119,Vance Joy,Riptide,30,127,171,10910764,False,8,Trung bình,Dài hạn
4119,120,"Kendrick Lamar, SZA",All The Stars (with SZA),2,83,51,10894708,False,-37,Trung bình,Dài hạn
4120,121,"Taylor Swift, Florence + The Machine",Florida!!! (feat. Florence + The Machine),10,59,5,10859081,False,-62,Trung bình,Trung hạn
4121,122,Jack Harlow,Lovin On Me,3,99,28,10782434,False,-23,Trung bình,Dài hạn
4122,123,The Police,Every Breath You Take,77,136,128,10736553,False,13,Trung bình,Dài hạn
4123,124,Morgan Wallen,Last Night,14,114,65,10705928,False,-10,Trung bình,Dài hạn
4124,125,BABYMONSTER,SHEESH,57,116,7,10678950,False,-9,Trung bình,Trung hạn
4125,126,Creedence Clearwater Revival,Have You Ever Seen The Rain,85,138,40,10675230,False,12,Trung bình,Dài hạn
4126,127,"The Kid LAROI, Justin Bieber",STAY (with Justin Bieber),1,107,141,10606291,False,-20,Trung bình,Dài hạn
4127,128,Jung Kook,Standing Next to You,1,121,28,10606011,False,-7,Trung bình,Dài hạn
4128,129,OneRepublic,Counting Stars,86,141,162,10551930,False,12,Trung bình,Dài hạn
4129,130,Doja Cat,Paint The Town Red,1,131,42,10547829,False,1,Trung bình,Dài hạn
4130,131,"Ram Sampath, Arijit Singh, Prashant Pandey","Sajni (From ""Laapataa Ladies"")",131,-1,1,10532991,True,-132,Trung bình,Ngắn hạn
4131,132,"The Weeknd, Playboi Carti, Madonna",Popular (with Playboi Carti & Madonna) - From The Idol Vol. 1 (Music from the HBO Original Series),12,117,51,10524043,False,-15,Trung bình,Dài hạn
4132,133,Lithe,Fall Back,133,-1,1,10493734,True,-134,Trung bình,Ngắn hạn
4133,134,Drake,Family Matters,17,48,3,10477258,False,-86,Trung bình,Ngắn hạn
4134,135,David Kushner,Daylight,5,134,58,10446334,False,-1,Trung bình,Dài hạn
4135,136,Harry Styles,Watermelon Sugar,4,144,215,10382134,False,8,Trung bình,Dài hạn
4136,137,Hotel Ugly,Shut up My Moms Calling,82,139,72,10368542,False,2,Trung bình,Dài hạn
4137,138,Coldplay,Viva La Vida,53,150,91,10325222,False,12,Trung bình,Dài hạn
4138,139,Arctic Monkeys,505,43,128,124,10312682,False,-11,Trung bình,Dài hạn
4139,140,"French Montana, Swae Lee",Unforgettable,3,130,90,10249912,False,-10,Trung bình,Dài hạn
4140,141,"Disturbed, CYRIL",The Sound of Silence - CYRIL Remix,106,158,6,10247901,False,17,Trung bình,Trung hạn
4141,142,Lana Del Rey,Summertime Sadness,83,145,93,10147255,False,3,Trung bình,Dài hạn
4142,143,Keane,Somewhere Only We Know,80,126,83,10143111,False,-17,Trung bình,Dài hạn
4143,144,"Calle 24, Chino Pacas, Fuerza Regida",Que Onda,16,125,38,10121740,False,-19,Trung bình,Dài hạn
4144,145,Journey,Don't Stop Believin' (2022 Remaster),145,163,12,10117044,False,18,Trung bình,Trung hạn
4145,146,Luke Combs,Ain't No Love In Oklahoma (From Twisters: The Album),146,-1,1,10095291,True,-147,Trung bình,Ngắn hạn
4146,147,Dua Lipa,Training Season,15,119,14,10086938,False,-28,Trung bình,Dài hạn
4147,148,Cigarettes After Sex,Apocalypse,79,159,97,10082563,False,11,Trung bình,Dài hạn
4148,149,Taylor Swift,So High School,29,79,5,10069036,False,-70,Trung bình,Trung hạn
4149,150,Travis Scott,goosebumps,13,140,248,10042037,False,-10,Trung bình,Dài hạn
4150,151,Kendrick Lamar,meet the grahams,25,46,3,10024002,False,-105,Trung bình,Ngắn hạn
4151,152,"Kendrick Lamar, Jay Rock",Money Trees,62,122,52,9956494,False,-30,Trung bình,Dài hạn
4152,153,Myke Towers,LA FALDA,24,157,21,9929486,False,4,Trung bình,Dài hạn
4153,154,Bill Withers,Ain't No Sunshine,76,178,11,9926931,False,24,Trung bình,Trung hạn
4154,155,Julión Álvarez y su Norteño Banda,Regalo De Dios,100,143,14,9918190,False,-12,Trung bình,Dài hạn
4155,156,"Pitbull, AFROJACK, Ne-Yo, Nayer",Give Me Everything (feat. Nayer),156,187,2,9906732,False,31,Trung bình,Ngắn hạn
4156,157,Natanael Cano,Ya Te Olvide,157,-1,1,9901059,True,-158,Trung bình,Ngắn hạn
4157,158,Tears For Fears,Everybody Wants To Rule The World,91,154,87,9882196,False,-4,Trung bình,Dài hạn
4158,159,XXXTENTACION,Revenge,63,166,56,9877260,False,7,Trung bình,Dài hạn
4159,160,Rich Amiri,ONE CALL,42,133,17,9858257,False,-27,Trung bình,Dài hạn
4160,161,"DJ TOPO, Seu Jorge, Mc Leozin, MC G15",MTG QUEM NÃO QUER SOU EU,161,-1,1,9856292,True,-162,Trung bình,Ngắn hạn
4161,162,Zach Bryan,Something in the Orange,57,146,72,9803219,False,-16,Trung bình,Dài hạn
4162,163,Bruno Mars,Just the Way You Are,39,167,72,9795867,False,4,Trung bình,Dài hạn
4163,164,Plan B,Es un Secreto,157,182,29,9771897,False,18,Trung bình,Dài hạn
4164,165,The White Stripes,Seven Nation Army,165,177,2,9760467,False,12,Trung bình,Ngắn hạn
4165,166,"Peso Pluma, Junior H, Eslabon Armado",LA DURANGO,87,87,2,9757011,False,-79,Trung bình,Ngắn hạn
4166,167,"Sevdaliza, Villano Antillano, Tokischa","Ride Or Die, Pt. 2 (with Villano Antillano & Tokischa)",72,115,5,9749416,False,-52,Trung bình,Trung hạn
4167,168,Taylor Swift,loml,19,86,5,9746645,False,-82,Trung bình,Trung hạn
4168,169,KAROL G,AMARGURA,53,153,53,9735165,False,-16,Trung bình,Dài hạn
4169,170,"Don Omar, Lucenzo",Danza Kuduro,104,147,35,9669225,False,-23,Thấp,Dài hạn
4170,171,"Rihanna, Calvin Harris",We Found Love,59,169,64,9656709,False,-2,Thấp,Dài hạn
4171,172,"Oscar Maydon, Gabito Ballesteros, Chino Pacas",Elvira,162,188,7,9641650,False,16,Thấp,Trung hạn
4172,173,Travis Scott,I KNOW ?,14,142,37,9618565,False,-31,Thấp,Dài hạn
4173,174,Bryson Tiller,Whatever She Wants,38,129,13,9563199,False,-45,Thấp,Dài hạn
4174,175,Miguel,Sure Thing,14,181,62,9533207,False,6,Thấp,Dài hạn
4175,176,Bruno Mars,When I Was Your Man,38,171,89,9530047,False,-5,Thấp,Dài hạn
4176,177,Eminem,Without Me,31,168,139,9519005,False,-9,Thấp,Dài hạn
4177,178,V,FRI(END)S,15,172,10,9469993,False,-6,Thấp,Trung hạn
4178,179,TV Girl,Lovers Rock,100,175,48,9469000,False,-4,Thấp,Dài hạn
4179,180,"The Weeknd, Lana Del Rey",Stargirl Interlude,92,199,93,9392884,False,19,Thấp,Dài hạn
4180,181,"Rels B, Junior H",Un Desperdicio,93,164,4,9368097,False,-17,Thấp,Ngắn hạn
4181,182,Imagine Dragons,Demons,111,176,78,9362605,False,-6,Thấp,Dài hạn
4182,183,"SAIKO, JC Reyes, Dei V",BADGYAL,183,190,2,9324435,False,7,Thấp,Ngắn hạn
4183,184,Hozier,Take Me To Church,108,184,142,9309336,False,0,Thấp,Dài hạn
4184,185,Glass Animals,Heat Waves,1,198,171,9254814,False,13,Thấp,Dài hạn
4185,186,"Dimitri Vegas & Like Mike, Tiësto, Dido, W&W, Dimitri Vegas, Like Mike",Thank You (Not So Bad),170,180,10,9249890,False,-6,Thấp,Trung hạn
4186,187,d4vd,Feel It - From The Original Series “Invincible”,93,165,7,9218701,False,-22,Thấp,Trung hạn
4187,188,Dua Lipa,Illusion,25,118,6,9210385,False,-70,Thấp,Trung hạn
4188,189,Dua Lipa,Houdini,6,148,28,9208184,False,-41,Thấp,Dài hạn
4189,190,Ariana Grande,"yes, and?",1,173,19,9205153,False,-17,Thấp,Dài hạn
4190,191,WALK THE MOON,Shut Up and Dance,191,197,3,9193004,False,6,Thấp,Ngắn hạn
4191,192,A$AP Rocky,Sundress,161,161,5,9174376,False,-31,Thấp,Trung hạn
4192,193,Imagine Dragons,Believer,16,191,376,9152660,False,-2,Thấp,Dài hạn
4193,194,Billie Eilish,hotline (edit),147,-1,4,9144688,True,-195,Thấp,Ngắn hạn
4194,195,AC/DC,Highway to Hell,152,193,10,9130730,False,-2,Thấp,Trung hạn
4195,196,The Outfield,Your Love,189,189,4,9124484,False,-7,Thấp,Ngắn hạn
4196,197,The Goo Goo Dolls,Iris,93,-1,38,9115817,True,-198,Thấp,Dài hạn
4197,198,"THE BOX, Mc Brinquedo, MC Cebezinho, MC Tuto, Mc Laranjinha, DJ Oreia",THE BOX MEDLEY FUNK 2,198,-1,1,9115413,True,-199,Thấp,Ngắn hạn
4198,199,Coldplay,A Sky Full of Stars,188,-1,3,9066082,True,-200,Thấp,Ngắn hạn
4199,200,Gustavo Moura & Rafael,Digitando,99,151,4,9017418,False,-49,Thấp,Ngắn hạn
4200,1,Billie Eilish,LUNCH,1,2,2,63286378,False,1,Rất cao,Ngắn hạn
4201,2,Sabrina Carpenter,Espresso,1,3,7,63240925,False,1,Rất cao,Trung hạn
4202,3,Tommy Richman,MILLION DOLLAR BABY,1,1,5,60677208,False,-2,Rất cao,Trung hạn
4203,4,Kendrick Lamar,Not Like Us,2,4,4,52725079,False,0,Rất cao,Ngắn hạn
4204,5,Billie Eilish,BIRDS OF A FEATHER,5,7,2,48335831,False,2,Rất cao,Ngắn hạn
4205,6,"FloyyMenor, Cris Mj",Gata Only,3,8,16,46279523,False,2,Rất cao,Dài hạn
4206,7,"Post Malone, Morgan Wallen",I Had Some Help (Feat. Morgan Wallen),3,6,3,45242273,False,-1,Rất cao,Ngắn hạn
4207,8,Billie Eilish,CHIHIRO,5,5,2,44059526,False,-3,Rất cao,Ngắn hạn
4208,9,Hozier,Too Sweet,2,11,10,41054522,False,2,Rất cao,Trung hạn
4209,10,Shaboozey,A Bar Song (Tipsy),7,10,7,40186771,False,0,Rất cao,Trung hạn
4210,11,Benson Boone,Beautiful Things,1,12,19,40031073,False,1,Rất cao,Dài hạn
4211,12,Artemas,i like the way you kiss me,1,9,10,39446618,False,-3,Rất cao,Trung hạn
4212,13,"Taylor Swift, Post Malone",Fortnight (feat. Post Malone),1,13,6,32308713,False,0,Rất cao,Trung hạn
4213,14,Ariana Grande,we can't be friends (wait for your love),1,14,12,31885030,False,0,Rất cao,Trung hạn
4214,15,Djo,End of Beginning,3,18,15,30887117,False,3,Rất cao,Dài hạn
4215,16,Teddy Swims,Lose Control,5,21,29,27697324,False,5,Rất cao,Dài hạn
4216,17,"Central Cee, Lil Baby",BAND4BAND (feat. Lil Baby),17,-1,1,24624312,True,-18,Rất cao,Ngắn hạn
4217,18,Billie Eilish,WILDFLOWER,15,15,2,24264569,False,-3,Rất cao,Ngắn hạn
4218,19,"The Weeknd, JENNIE, Lily-Rose Depp","One Of The Girls (with JENNIE, Lily Rose Depp)",3,26,34,24002986,False,7,Rất cao,Dài hạn
4219,20,Myles Smith,Stargazing,20,37,3,22626666,False,17,Rất cao,Ngắn hạn
4220,21,Billie Eilish,BLUE,17,17,2,22567499,False,-4,Rất cao,Ngắn hạn
4221,22,Taylor Swift,Cruel Summer,2,28,69,21909423,False,6,Rất cao,Dài hạn
4222,23,Taylor Swift,I Can Do It With a Broken Heart,5,24,6,21476271,False,1,Rất cao,Trung hạn
4223,24,"Future, Metro Boomin, Kendrick Lamar",Like That,4,27,10,21003424,False,3,Rất cao,Trung hạn
4224,25,Harry Styles,As It Was,1,32,113,20690978,False,7,Rất cao,Dài hạn
4225,26,Zach Bryan,Pink Skies,26,-1,1,20456500,True,-27,Rất cao,Ngắn hạn
4226,27,Dasha,Austin (Boots Stop Workin'),20,34,12,20257650,False,7,Rất cao,Trung hạn
4227,28,"Rvssian, Rauw Alejandro, Ayra Starr",Santa,14,22,6,19954147,False,-6,Rất cao,Trung hạn
4228,29,Billie Eilish,L’AMOUR DE MA VIE,19,19,2,19935428,False,-10,Rất cao,Ngắn hạn
4229,30,Mark Ambor,Belong Together,19,31,9,19789235,False,1,Rất cao,Trung hạn
4230,31,SZA,Saturn,17,29,14,19072955,False,-2,Rất cao,Dài hạn
4231,32,"Natanael Cano, Oscar Maydon",Madonna,18,33,12,18805475,False,1,Rất cao,Trung hạn
4232,33,"Feid, ATL Jacob",LUNA,9,35,25,18803042,False,2,Rất cao,Dài hạn
4233,34,Benson Boone,Slow It Down,31,42,10,18744227,False,8,Rất cao,Trung hạn
4234,35,Billie Eilish,SKINNY,16,16,2,18727782,False,-19,Rất cao,Ngắn hạn
4235,36,Billie Eilish,THE GREATEST,20,20,2,18559712,False,-16,Rất cao,Ngắn hạn
4236,37,Chappell Roan,"Good Luck, Babe!",37,40,7,18537544,False,3,Rất cao,Trung hạn
4237,38,"Travis Scott, Playboi Carti",FE!N (feat. Playboi Carti),5,38,37,18529692,False,0,Rất cao,Dài hạn
4238,39,Noah Kahan,Stick Season,6,43,34,18262334,False,4,Rất cao,Dài hạn
4239,40,The Neighbourhood,Sweater Weather,19,45,196,18251557,False,5,Rất cao,Dài hạn
4240,41,Arctic Monkeys,I Wanna Be Yours,15,41,99,18075817,False,0,Rất cao,Dài hạn
4241,42,Tate McRae,greedy,1,36,37,17918012,False,-6,Rất cao,Dài hạn
4242,43,Lord Huron,The Night We Met,28,49,84,17739564,False,6,Rất cao,Dài hạn
4243,44,"Luis R Conriquez, Neton Vega",Si No Quieres No,44,47,7,17254702,False,3,Rất cao,Trung hạn
4244,45,ILLIT,Magnetic,11,44,10,17200645,False,-1,Rất cao,Trung hạn
4245,46,Kendrick Lamar,euphoria,4,30,5,17082660,False,-16,Rất cao,Trung hạn
4246,47,Mitski,My Love Mine All Mine,3,48,36,16549520,False,1,Rất cao,Dài hạn
4247,48,Billie Eilish,THE DINER,23,23,2,16205289,False,-25,Rất cao,Ngắn hạn
4248,49,"DJ TOPO, Seu Jorge, Mc Leozin, MC G15",MTG QUEM NÃO QUER SOU EU,49,161,2,16102015,False,112,Rất cao,Ngắn hạn
4249,50,aespa,Supernova,50,57,2,16007716,False,7,Rất cao,Ngắn hạn
4250,51,"Jaxomy, Agatino Romero, Raffaella Carrà",Pedro,29,46,7,16000050,False,-5,Rất cao,Trung hạn
4251,52,"Tyler, The Creator, Kali Uchis",See You Again (feat. Kali Uchis),16,55,66,15859170,False,3,Rất cao,Dài hạn
4252,53,Taylor Swift,Down Bad,2,39,6,15480762,False,-14,Rất cao,Trung hạn
4253,54,Tom Odell,Another Love,15,62,164,15151478,False,8,Rất cao,Dài hạn
4254,55,Miley Cyrus,Flowers,1,56,72,14932264,False,1,Cao,Dài hạn
4255,56,Billie Eilish,BITTERSUITE,25,25,2,14421335,False,-31,Cao,Ngắn hạn
4256,57,Taylor Swift,Guilty as Sin?,14,50,6,14033552,False,-7,Cao,Trung hạn
4257,58,"Jung Kook, Latto",Seven (feat. Latto) (Explicit Ver.),1,66,46,13887642,False,8,Cao,Dài hạn
4258,59,SZA,Snooze,27,63,75,13886601,False,4,Cao,Dài hạn
4259,60,"Zach Bryan, Kacey Musgraves",I Remember Everything (feat. Kacey Musgraves),20,60,40,13800316,False,0,Cao,Dài hạn
4260,61,"Future, Metro Boomin, Travis Scott, Playboi Carti",Type Shit,11,59,10,13784631,False,-2,Cao,Trung hạn
4261,62,Tyla,Water,12,68,36,13732190,False,6,Cao,Dài hạn
4262,63,"The Weeknd, Daft Punk",Starboy,1,65,191,13708239,False,2,Cao,Dài hạn
4263,64,RM,LOST!,64,-1,1,13610233,True,-65,Cao,Ngắn hạn
4264,65,Jimin,Like Crazy,15,76,62,13607051,False,11,Cao,Dài hạn
4265,66,Beyoncé,TEXAS HOLD 'EM,2,58,16,13599469,False,-8,Cao,Dài hạn
4266,67,Michael Marcagi,Scared To Start,25,67,17,13472306,False,0,Cao,Dài hạn
4267,68,Richy Mitch & The Coal Miners,Evergreen,40,74,20,13395968,False,6,Cao,Dài hạn
4268,69,Taylor Swift,Who’s Afraid of Little Old Me?,12,51,6,13390400,False,-18,Cao,Trung hạn
4269,70,"Myke Towers, Bad Bunny",ADIVINO,20,53,5,13377111,False,-17,Cao,Trung hạn
4270,71,SZA,Kill Bill,1,64,77,13242934,False,-7,Cao,Dài hạn
4271,72,Sabrina Carpenter,Feather,34,71,26,13028905,False,-1,Cao,Dài hạn
4272,73,Lay Bankz,Tell Ur Girlfriend,23,54,7,12865170,False,-19,Cao,Trung hạn
4273,74,Manuel Turizo,La Bachata,4,84,100,12580966,False,10,Cao,Dài hạn
4274,75,Natasha Bedingfield,Unwritten,16,78,20,12533161,False,3,Cao,Dài hạn
4275,76,"¥$, Kanye West, Ty Dolla $ign",CARNIVAL,2,69,16,12415295,False,-7,Cao,Dài hạn
4276,77,Ariana Grande,intro (end of the world),25,77,12,12400419,False,0,Cao,Trung hạn
4277,78,Lewis Capaldi,Someone You Loved,4,83,281,12333245,False,5,Cao,Dài hạn
4278,79,One Direction,Night Changes,79,80,83,12318257,False,1,Cao,Dài hạn
4279,80,The Weeknd,Blinding Lights,1,89,235,12289188,False,9,Cao,Dài hạn
4280,81,Taylor Swift,"So Long, London",4,61,6,12134432,False,-20,Cao,Trung hạn
4281,82,"David Guetta, OneRepublic",I Don't Wanna Wait,82,88,7,11979600,False,6,Cao,Trung hạn
4282,83,Linkin Park,In the End,22,101,47,11920373,False,18,Cao,Dài hạn
4283,84,"David Guetta, Bebe Rexha",I'm Good (Blue),2,85,92,11898838,False,1,Cao,Dài hạn
4284,85,NewJeans,How Sweet,85,-1,1,11826037,True,-86,Cao,Ngắn hạn
4285,86,SZA,Nobody Gets Me,12,79,19,11823710,False,-7,Cao,Dài hạn
4286,87,The Walters,I Love You So,21,111,107,11800455,False,24,Cao,Dài hạn
4287,88,Lithe,Fall Back,88,133,2,11784871,False,45,Cao,Ngắn hạn
4288,89,Xavi,La Diabla,1,81,25,11780994,False,-8,Cao,Dài hạn
4289,90,James Arthur,Say You Won't Let Go,7,104,308,11646927,False,14,Cao,Dài hạn
4290,91,"The Chainsmokers, Coldplay",Something Just Like This,2,110,209,11614161,False,19,Cao,Dài hạn
4291,92,Billie Eilish,"What Was I Made For? [From The Motion Picture ""Barbie""]",3,75,46,11612488,False,-17,Cao,Dài hạn
4292,93,Cris Mj,SI NO ES CONTIGO,93,-1,1,11537212,True,-94,Cao,Ngắn hạn
4293,94,"Post Malone, Swae Lee",Sunflower - Spider-Man: Into the Spider-Verse,1,91,286,11495033,False,-3,Cao,Dài hạn
4294,95,"Bad Bunny, Feid",PERRO NEGRO,4,86,33,11487610,False,-9,Cao,Dài hạn
4295,96,"KAROL G, Peso Pluma",QLONA,5,99,42,11443700,False,3,Cao,Dài hạn
4296,97,OneRepublic,I Ain't Worried,7,106,104,11431680,False,9,Cao,Dài hạn
4297,98,The Weeknd,Die For You,12,98,120,11412923,False,0,Cao,Dài hạn
4298,99,Hotel Ugly,Shut up My Moms Calling,82,137,73,11403782,False,38,Cao,Dài hạn
4299,100,"Kygo, Ava Max",Whatever,91,108,19,11387383,False,8,Cao,Dài hạn
4300,101,Frank Ocean,Pink + White,69,113,54,11368762,False,12,Cao,Dài hạn
4301,102,"Billie Eilish, Khalid",lovely (with Khalid),24,87,319,11331084,False,-15,Cao,Dài hạn
4302,103,"cassö, RAYE, D-Block Europe",Prada,17,96,41,11323244,False,-7,Cao,Dài hạn
4303,104,CYRIL,Stumblin' In,95,105,10,11320543,False,1,Cao,Trung hạn
4304,105,21 Savage,redrum,8,82,20,11295839,False,-23,Cao,Dài hạn
4305,106,Taylor Swift,My Boy Only Breaks His Favorite Toys,7,72,6,11253129,False,-34,Trung bình,Trung hạn
4306,107,Vance Joy,Riptide,30,119,172,11249409,False,12,Trung bình,Dài hạn
4307,108,"Macklemore, Ryan Lewis, Macklemore & Ryan Lewis, Ray Dalton",Can't Hold Us (feat. Ray Dalton),86,114,116,11223314,False,6,Trung bình,Dài hạn
4308,109,Taylor Swift,But Daddy I Love Him,9,70,6,11190338,False,-39,Trung bình,Trung hạn
4309,110,Sabrina Carpenter,Nonsense,17,93,71,11184848,False,-17,Trung bình,Dài hạn
4310,111,Journey,Don't Stop Believin' (2022 Remaster),111,145,13,11171781,False,34,Trung bình,Dài hạn
4311,112,"Young Miko, Feid",offline,68,95,7,11160092,False,-17,Trung bình,Trung hạn
4312,113,The Police,Every Breath You Take,77,123,129,11079675,False,10,Trung bình,Dài hạn
4313,114,Isabel LaRosa,Favorite,68,92,8,11077081,False,-22,Trung bình,Trung hạn
4314,115,"Sevdaliza, Villano Antillano, Tokischa","Ride Or Die, Pt. 2 (with Villano Antillano & Tokischa)",72,167,6,10975909,False,52,Trung bình,Trung hạn
4315,116,"French Montana, Swae Lee",Unforgettable,3,140,91,10952477,False,24,Trung bình,Dài hạn
4316,117,V,Love Me Again,11,109,42,10859817,False,-8,Trung bình,Dài hạn
4317,118,Coldplay,Yellow,36,117,180,10850973,False,-1,Trung bình,Dài hạn
4318,119,"Drake, Wizkid, Kyla",One Dance,12,115,196,10839547,False,-4,Trung bình,Dài hạn
4319,120,Harry Styles,Watermelon Sugar,4,136,216,10832212,False,16,Trung bình,Dài hạn
4320,121,"Ram Sampath, Arijit Singh, Prashant Pandey","Sajni (From ""Laapataa Ladies"")",121,131,2,10777956,False,10,Trung bình,Ngắn hạn
4321,122,OneRepublic,Counting Stars,86,129,163,10770339,False,7,Trung bình,Dài hạn
4322,123,Bruno Mars,Locked out of Heaven,39,112,103,10763193,False,-11,Trung bình,Dài hạn
4323,124,Ruth B.,Dandelions,34,116,143,10757908,False,-8,Trung bình,Dài hạn
4324,125,Joost,Europapa,31,52,4,10731678,False,-73,Trung bình,Ngắn hạn
4325,126,Creedence Clearwater Revival,Have You Ever Seen The Rain,85,126,41,10718675,False,0,Trung bình,Dài hạn
4326,127,Jung Kook,Standing Next to You,1,128,29,10624851,False,1,Trung bình,Dài hạn
4327,128,"Kendrick Lamar, SZA",All The Stars (with SZA),2,120,52,10574337,False,-8,Trung bình,Dài hạn
4328,129,Fuerza Regida,TÚ NAME,55,100,13,10494022,False,-29,Trung bình,Dài hạn
4329,130,"Pitbull, AFROJACK, Ne-Yo, Nayer",Give Me Everything (feat. Nayer),130,156,3,10485144,False,26,Trung bình,Ngắn hạn
4330,131,Keane,Somewhere Only We Know,80,143,84,10432262,False,12,Trung bình,Dài hạn
4331,132,Morgan Wallen,Last Night,14,124,66,10414879,False,-8,Trung bình,Dài hạn
4332,133,Henry Moodie,drunk text,106,118,7,10405771,False,-15,Trung bình,Trung hạn
4333,134,Xavi,Corazón de Piedra,21,94,10,10401357,False,-40,Trung bình,Trung hạn
4334,135,Coldplay,Viva La Vida,53,138,92,10353054,False,3,Trung bình,Dài hạn
4335,136,David Kushner,Daylight,5,135,59,10352290,False,-1,Trung bình,Dài hạn
4336,137,"The Kid LAROI, Justin Bieber",STAY (with Justin Bieber),1,127,142,10327340,False,-10,Trung bình,Dài hạn
4337,138,"Don Omar, Lucenzo",Danza Kuduro,104,170,36,10320756,False,32,Trung bình,Dài hạn
4338,139,Gunna,one of wun,73,73,3,10300058,False,-66,Trung bình,Ngắn hạn
4339,140,BABYMONSTER,SHEESH,57,125,8,10266219,False,-15,Trung bình,Trung hạn
4340,141,"The Weeknd, Playboi Carti, Madonna",Popular (with Playboi Carti & Madonna) - From The Idol Vol. 1 (Music from the HBO Original Series),12,132,52,10251491,False,-9,Trung bình,Dài hạn
4341,142,Tears For Fears,Everybody Wants To Rule The World,91,158,88,10232230,False,16,Trung bình,Dài hạn
4342,143,Olivia Rodrigo,vampire,1,103,48,10205155,False,-40,Trung bình,Dài hạn
4343,144,"Alvaro Diaz, Feid",GATITAS SANDUNGUERAS - VOL.1,144,-1,1,10191969,True,-145,Trung bình,Ngắn hạn
4344,145,Jack Harlow,Lovin On Me,3,122,29,10178266,False,-23,Trung bình,Dài hạn
4345,146,The White Stripes,Seven Nation Army,146,165,3,10112487,False,19,Trung bình,Ngắn hạn
4346,147,"Disturbed, CYRIL",The Sound of Silence - CYRIL Remix,106,141,7,10110240,False,-6,Trung bình,Trung hạn
4347,148,Lana Del Rey,Summertime Sadness,83,142,94,10053698,False,-6,Trung bình,Dài hạn
4348,149,Cigarettes After Sex,Apocalypse,79,148,98,10049148,False,-1,Trung bình,Dài hạn
4349,150,"Calle 24, Chino Pacas, Fuerza Regida",Que Onda,16,144,39,9996277,False,-6,Trung bình,Dài hạn
4350,151,Arctic Monkeys,505,43,139,125,9985227,False,-12,Trung bình,Dài hạn
4351,152,Travis Scott,goosebumps,13,150,249,9959448,False,-2,Trung bình,Dài hạn
4352,153,Doja Cat,Paint The Town Red,1,130,43,9936407,False,-23,Trung bình,Dài hạn
4353,154,Zach Bryan,Something in the Orange,57,162,73,9913890,False,8,Trung bình,Dài hạn
4354,155,AC/DC,Highway to Hell,152,195,11,9752965,False,40,Trung bình,Trung hạn
4355,156,Eminem,Without Me,31,177,140,9743427,False,21,Trung bình,Dài hạn
4356,157,Plan B,Es un Secreto,157,164,30,9723492,False,7,Trung bình,Dài hạn
4357,158,"ZICO, JENNIE",SPOT!,75,97,5,9718011,False,-61,Trung bình,Trung hạn
4358,159,WALK THE MOON,Shut Up and Dance,159,191,4,9699810,False,32,Trung bình,Ngắn hạn
4359,160,"Rihanna, Calvin Harris",We Found Love,59,171,65,9624650,False,11,Thấp,Dài hạn
4360,161,Bill Withers,Ain't No Sunshine,76,154,12,9554297,False,-7,Thấp,Trung hạn
4361,162,Imagine Dragons,Demons,111,182,79,9548840,False,20,Thấp,Dài hạn
4362,163,Coldplay,A Sky Full of Stars,163,199,4,9543350,False,36,Thấp,Ngắn hạn
4363,164,Hozier,Take Me To Church,108,184,143,9540962,False,20,Thấp,Dài hạn
4364,165,"Kendrick Lamar, Jay Rock",Money Trees,62,152,53,9538243,False,-13,Thấp,Dài hạn
4365,166,Taylor Swift,The Smallest Man Who Ever Lived,20,102,6,9522185,False,-64,Thấp,Trung hạn
4366,167,Dua Lipa,Training Season,15,147,15,9499567,False,-20,Thấp,Dài hạn
4367,168,Rich Amiri,ONE CALL,42,160,18,9477341,False,-8,Thấp,Dài hạn
4368,169,Myke Towers,LA FALDA,24,153,22,9473763,False,-16,Thấp,Dài hạn
4369,170,Miguel,Sure Thing,14,175,63,9473504,False,5,Thấp,Dài hạn
4370,171,"Oscar Maydon, Gabito Ballesteros, Chino Pacas",Elvira,162,172,8,9472347,False,1,Thấp,Trung hạn
4371,172,TV Girl,Lovers Rock,100,179,49,9445021,False,7,Thấp,Dài hạn
4372,173,Glass Animals,Heat Waves,1,185,172,9423644,False,12,Thấp,Dài hạn
4373,174,The Killers,Mr. Brightside,94,-1,126,9391122,True,-175,Thấp,Dài hạn
4374,175,Bruno Mars,Just the Way You Are,39,163,73,9373920,False,-12,Thấp,Dài hạn
4375,176,Taylor Swift,The Tortured Poets Department,6,107,6,9361516,False,-69,Thấp,Trung hạn
4376,177,The Outfield,Your Love,177,196,5,9346266,False,19,Thấp,Trung hạn
4377,178,Bruno Mars,When I Was Your Man,38,176,90,9343396,False,-2,Thấp,Dài hạn
4378,179,Dominic Fike,Babydoll,158,-1,5,9338140,True,-180,Thấp,Trung hạn
4379,180,"Earth, Wind & Fire",September,132,-1,12,9331324,True,-181,Thấp,Trung hạn
4380,181,XXXTENTACION,Revenge,63,159,57,9324152,False,-22,Thấp,Dài hạn
4381,182,"Dimitri Vegas & Like Mike, Tiësto, Dido, W&W, Dimitri Vegas, Like Mike",Thank You (Not So Bad),170,186,11,9312220,False,4,Thấp,Trung hạn
4382,183,Natanael Cano,Ya Te Olvide,157,157,2,9277604,False,-26,Thấp,Ngắn hạn
4383,184,KAROL G,AMARGURA,53,169,54,9270394,False,-15,Thấp,Dài hạn
4384,185,"Shakira, Wyclef Jean",Hips Don't Lie (feat. Wyclef Jean),175,-1,7,9267838,True,-186,Thấp,Trung hạn
4385,186,The Goo Goo Dolls,Iris,93,197,39,9258362,False,11,Thấp,Dài hạn
4386,187,Imagine Dragons,Believer,16,193,377,9189912,False,6,Thấp,Dài hạn
4387,188,Foster The People,Pumped Up Kicks,160,-1,5,9172922,True,-189,Thấp,Trung hạn
4388,189,Julión Álvarez y su Norteño Banda,Regalo De Dios,100,155,15,9148471,False,-34,Thấp,Dài hạn
4389,190,Michael Jackson,Billie Jean,140,-1,3,9006753,True,-191,Thấp,Ngắn hạn
4390,191,J. Cole,No Role Modelz,76,-1,144,9006202,True,-192,Thấp,Dài hạn
4391,192,"Taylor Swift, Florence + The Machine",Florida!!! (feat. Florence + The Machine),10,121,6,9001834,False,-71,Thấp,Trung hạn
4392,193,V,FRI(END)S,15,178,11,8994911,False,-15,Thấp,Trung hạn
4393,194,Gustavo Moura & Rafael,Digitando,99,200,5,8971549,False,6,Thấp,Trung hạn
4394,195,Travis Scott,I KNOW ?,14,173,38,8962789,False,-22,Thấp,Dài hạn
4395,196,Eminem,Mockingbird,24,-1,81,8959966,True,-197,Thấp,Dài hạn
4396,197,TOTO,Africa,137,-1,63,8913953,True,-198,Thấp,Dài hạn
4397,198,d4vd,Feel It - From The Original Series “Invincible”,93,187,8,8820273,False,-11,Thấp,Trung hạn
4398,199,Dua Lipa,Houdini,6,189,29,8772567,False,-10,Thấp,Dài hạn
4399,200,Bryson Tiller,Whatever She Wants,38,174,14,8768473,False,-26,Thấp,Dài hạn
4400,1,Sabrina Carpenter,Espresso,1,2,8,64865874,False,1,Rất cao,Trung hạn
4401,2,Eminem,Houdini,2,-1,1,56673473,True,-3,Rất cao,Ngắn hạn
4402,3,Billie Eilish,BIRDS OF A FEATHER,3,5,3,55706278,False,2,Rất cao,Ngắn hạn
4403,4,Tommy Richman,MILLION DOLLAR BABY,1,3,6,55363037,False,-1,Rất cao,Trung hạn
4404,5,Billie Eilish,LUNCH,1,1,3,49667368,False,-4,Rất cao,Ngắn hạn
4405,6,"FloyyMenor, Cris Mj",Gata Only,3,6,17,46126156,False,0,Rất cao,Dài hạn
4406,7,"Post Malone, Morgan Wallen",I Had Some Help (Feat. Morgan Wallen),3,7,4,44288389,False,0,Rất cao,Ngắn hạn
4407,8,Kendrick Lamar,Not Like Us,2,4,5,43365484,False,-4,Rất cao,Trung hạn
4408,9,Hozier,Too Sweet,2,9,11,41428932,False,0,Rất cao,Trung hạn
4409,10,Artemas,i like the way you kiss me,1,12,11,38735978,False,2,Rất cao,Trung hạn
4410,11,Benson Boone,Beautiful Things,1,11,20,38263358,False,0,Rất cao,Dài hạn
4411,12,Shaboozey,A Bar Song (Tipsy),7,10,8,37254052,False,-2,Rất cao,Trung hạn
4412,13,"Central Cee, Lil Baby",BAND4BAND (feat. Lil Baby),13,17,2,36024300,False,4,Rất cao,Ngắn hạn
4413,14,Billie Eilish,CHIHIRO,5,8,3,35995796,False,-6,Rất cao,Ngắn hạn
4414,15,Ariana Grande,we can't be friends (wait for your love),1,14,13,30473878,False,-1,Rất cao,Dài hạn
4415,16,"Taylor Swift, Post Malone",Fortnight (feat. Post Malone),1,13,7,30170402,False,-3,Rất cao,Trung hạn
4416,17,Djo,End of Beginning,3,15,16,29845602,False,-2,Rất cao,Dài hạn
4417,18,Teddy Swims,Lose Control,5,16,30,27430768,False,-2,Rất cao,Dài hạn
4418,19,Myles Smith,Stargazing,19,20,4,27326727,False,1,Rất cao,Ngắn hạn
4419,20,"The Weeknd, JENNIE, Lily-Rose Depp","One Of The Girls (with JENNIE, Lily Rose Depp)",3,19,35,23202110,False,-1,Rất cao,Dài hạn
4420,21,Zach Bryan,Pink Skies,21,26,2,22476013,False,5,Rất cao,Ngắn hạn
4421,22,"Rvssian, Rauw Alejandro, Ayra Starr",Santa,14,28,7,22114130,False,6,Rất cao,Trung hạn
4422,23,Taylor Swift,Cruel Summer,2,22,70,22069617,False,-1,Rất cao,Dài hạn
4423,24,Billie Eilish,WILDFLOWER,15,18,3,22063464,False,-6,Rất cao,Ngắn hạn
4424,25,Chappell Roan,"Good Luck, Babe!",25,37,8,21674326,False,12,Rất cao,Trung hạn
4425,26,Dasha,Austin (Boots Stop Workin'),20,27,13,21159783,False,1,Rất cao,Dài hạn
4426,27,Harry Styles,As It Was,1,25,114,20963125,False,-2,Rất cao,Dài hạn
4427,28,"Luis R Conriquez, Neton Vega",Si No Quieres No,28,44,8,20379011,False,16,Rất cao,Trung hạn
4428,29,Mark Ambor,Belong Together,19,30,10,20171002,False,1,Rất cao,Trung hạn
4429,30,Taylor Swift,I Can Do It With a Broken Heart,5,23,7,20096303,False,-7,Rất cao,Trung hạn
4430,31,"Feid, ATL Jacob",LUNA,9,33,26,19838830,False,2,Rất cao,Dài hạn
4431,32,Billie Eilish,BLUE,17,21,3,19455865,False,-11,Rất cao,Ngắn hạn
4432,33,"Future, Metro Boomin, Kendrick Lamar",Like That,4,24,11,19049371,False,-9,Rất cao,Trung hạn
4433,34,The Neighbourhood,Sweater Weather,19,40,197,18940046,False,6,Rất cao,Dài hạn
4434,35,Benson Boone,Slow It Down,31,34,11,18592196,False,-1,Rất cao,Trung hạn
4435,36,Billie Eilish,L’AMOUR DE MA VIE,19,29,3,17726412,False,-7,Rất cao,Ngắn hạn
4436,37,Arctic Monkeys,I Wanna Be Yours,15,41,100,17522092,False,4,Rất cao,Dài hạn
4437,38,SZA,Saturn,17,31,15,17321415,False,-7,Rất cao,Dài hạn
4438,39,Noah Kahan,Stick Season,6,39,35,17311776,False,0,Rất cao,Dài hạn
4439,40,Lord Huron,The Night We Met,28,43,85,17056680,False,3,Rất cao,Dài hạn
4440,41,ILLIT,Magnetic,11,45,11,16719996,False,4,Rất cao,Trung hạn
4441,42,Cris Mj,SI NO ES CONTIGO,42,93,2,16590346,False,51,Rất cao,Ngắn hạn
4442,43,Tate McRae,greedy,1,42,38,16482686,False,-1,Rất cao,Dài hạn
4443,44,"Travis Scott, Playboi Carti",FE!N (feat. Playboi Carti),5,38,38,16372455,False,-6,Rất cao,Dài hạn
4444,45,"Natanael Cano, Oscar Maydon",Madonna,18,32,13,15834647,False,-13,Rất cao,Dài hạn
4445,46,"Jaxomy, Agatino Romero, Raffaella Carrà",Pedro,29,51,8,15432139,False,5,Rất cao,Trung hạn
4446,47,"Tyler, The Creator, Kali Uchis",See You Again (feat. Kali Uchis),16,52,67,15336032,False,5,Rất cao,Dài hạn
4447,48,Mitski,My Love Mine All Mine,3,47,37,15142621,False,-1,Rất cao,Dài hạn
4448,49,aespa,Supernova,49,50,3,14955862,False,1,Cao,Ngắn hạn
4449,50,Miley Cyrus,Flowers,1,55,73,14745397,False,5,Cao,Dài hạn
4450,51,Vance Joy,Riptide,30,107,173,14662208,False,56,Cao,Dài hạn
4451,52,Bruno Mars,Locked out of Heaven,39,123,104,14605770,False,71,Cao,Dài hạn
4452,53,SZA,Kill Bill,1,71,78,14574778,False,18,Cao,Dài hạn
4453,54,Coldplay,Yellow,36,118,181,14330123,False,64,Cao,Dài hạn
4454,55,Tom Odell,Another Love,15,54,165,14259451,False,-1,Cao,Dài hạn
4455,56,Gunna,one of wun,56,139,4,14258879,False,83,Cao,Ngắn hạn
4456,57,Billie Eilish,THE GREATEST,20,36,3,14240950,False,-21,Cao,Ngắn hạn
4457,58,"Jung Kook, Latto",Seven (feat. Latto) (Explicit Ver.),1,58,47,14061850,False,0,Cao,Dài hạn
4458,59,"David Guetta, OneRepublic",I Don't Wanna Wait,59,82,8,13997345,False,23,Cao,Trung hạn
4459,60,"DJ TOPO, Seu Jorge, Mc Leozin, MC G15",MTG QUEM NÃO QUER SOU EU,49,49,3,13984042,False,-11,Cao,Ngắn hạn
4460,61,Taylor Swift,Down Bad,2,53,7,13948598,False,-8,Cao,Trung hạn
4461,62,Richy Mitch & The Coal Miners,Evergreen,40,68,21,13730527,False,6,Cao,Dài hạn
4462,63,Eminem,Without Me,31,156,141,13644680,False,93,Cao,Dài hạn
4463,64,"The Weeknd, Daft Punk",Starboy,1,63,192,13482963,False,-1,Cao,Dài hạn
4464,65,"Future, Metro Boomin, Travis Scott, Playboi Carti",Type Shit,11,61,11,13479764,False,-4,Cao,Trung hạn
4465,66,Kendrick Lamar,euphoria,4,46,6,13479265,False,-20,Cao,Trung hạn
4466,67,SZA,Snooze,27,59,76,13461371,False,-8,Cao,Dài hạn
4467,68,Billie Eilish,SKINNY,16,35,3,13398786,False,-33,Cao,Ngắn hạn
4468,69,Michael Marcagi,Scared To Start,25,67,18,13217351,False,-2,Cao,Dài hạn
4469,70,Bruno Mars,Just the Way You Are,39,175,74,13198550,False,105,Cao,Dài hạn
4470,71,Jimin,Like Crazy,15,65,63,13190467,False,-6,Cao,Dài hạn
4471,72,Taylor Swift,Guilty as Sin?,14,57,7,13157079,False,-15,Cao,Trung hạn
4472,73,"Myke Towers, Bad Bunny",ADIVINO,20,70,6,13120392,False,-3,Cao,Trung hạn
4473,74,The Weeknd,Blinding Lights,1,80,236,13051483,False,6,Cao,Dài hạn
4474,75,Billie Eilish,THE DINER,23,48,3,13030526,False,-27,Cao,Ngắn hạn
4475,76,Sabrina Carpenter,Feather,34,72,27,12924713,False,-4,Cao,Dài hạn
4476,77,"Zach Bryan, Kacey Musgraves",I Remember Everything (feat. Kacey Musgraves),20,60,41,12767609,False,-17,Cao,Dài hạn
4477,78,aespa,Armageddon,78,-1,1,12599726,True,-79,Cao,Ngắn hạn
4478,79,"David Guetta, Bebe Rexha",I'm Good (Blue),2,84,93,12555218,False,5,Cao,Dài hạn
4479,80,"Oscar Maydon, Junior H",Volver Al Futuro,80,-1,1,12466383,True,-81,Cao,Ngắn hạn
4480,81,The Walters,I Love You So,21,87,108,12384685,False,6,Cao,Dài hạn
4481,82,Beyoncé,TEXAS HOLD 'EM,2,66,17,12278557,False,-16,Cao,Dài hạn
4482,83,Manuel Turizo,La Bachata,4,74,101,12231150,False,-9,Cao,Dài hạn
4483,84,One Direction,Night Changes,79,79,84,12226507,False,-5,Cao,Dài hạn
4484,85,Taylor Swift,Who’s Afraid of Little Old Me?,12,69,7,11997619,False,-16,Cao,Trung hạn
4485,86,Natasha Bedingfield,Unwritten,16,75,21,11930858,False,-11,Cao,Dài hạn
4486,87,Lithe,Fall Back,87,88,3,11844593,False,1,Cao,Ngắn hạn
4487,88,Lewis Capaldi,Someone You Loved,4,78,282,11798703,False,-10,Cao,Dài hạn
4488,89,CYRIL,Stumblin' In,89,104,11,11731058,False,15,Cao,Trung hạn
4489,90,Journey,Don't Stop Believin' (2022 Remaster),90,111,14,11723267,False,21,Cao,Dài hạn
4490,91,Linkin Park,In the End,22,83,48,11688428,False,-8,Cao,Dài hạn
4491,92,James Arthur,Say You Won't Let Go,7,90,309,11685772,False,-2,Cao,Dài hạn
4492,93,"Alvaro Diaz, Feid",GATITAS SANDUNGUERAS - VOL.1,93,144,2,11600609,False,51,Cao,Ngắn hạn
4493,94,Creedence Clearwater Revival,Have You Ever Seen The Rain,85,126,42,11518016,False,32,Cao,Dài hạn
4494,95,OneRepublic,I Ain't Worried,7,97,105,11509548,False,2,Cao,Dài hạn
4495,96,"¥$, Kanye West, Ty Dolla $ign",CARNIVAL,2,76,17,11483968,False,-20,Cao,Dài hạn
4496,97,"The Chainsmokers, Coldplay",Something Just Like This,2,91,210,11460075,False,-6,Cao,Dài hạn
4497,98,"Drake, Wizkid, Kyla",One Dance,12,119,197,11393616,False,21,Cao,Dài hạn
4498,99,Hotel Ugly,Shut up My Moms Calling,82,99,74,11361542,False,0,Cao,Dài hạn
4499,100,Tyla,Water,12,62,37,11359020,False,-38,Cao,Dài hạn
4500,101,"cassö, RAYE, D-Block Europe",Prada,17,103,42,11307280,False,2,Cao,Dài hạn
4501,102,The Weeknd,Die For You,12,98,121,11304462,False,-4,Cao,Dài hạn
4502,103,"Macklemore, Ryan Lewis, Macklemore & Ryan Lewis, Ray Dalton",Can't Hold Us (feat. Ray Dalton),86,108,117,11260230,False,5,Cao,Dài hạn
4503,104,"French Montana, Swae Lee",Unforgettable,3,116,92,11170983,False,12,Trung bình,Dài hạn
4504,105,Sabrina Carpenter,Nonsense,17,110,72,11151836,False,5,Trung bình,Dài hạn
4505,106,"Post Malone, Swae Lee",Sunflower - Spider-Man: Into the Spider-Verse,1,94,287,11135953,False,-12,Trung bình,Dài hạn
4506,107,SZA,Nobody Gets Me,12,86,20,11119026,False,-21,Trung bình,Dài hạn
4507,108,Xavi,La Diabla,1,89,26,11102718,False,-19,Trung bình,Dài hạn
4508,109,"The Kid LAROI, Justin Bieber",STAY (with Justin Bieber),1,137,143,11044408,False,28,Trung bình,Dài hạn
4509,110,The Goo Goo Dolls,Iris,93,186,40,11022997,False,76,Trung bình,Dài hạn
4510,111,The Police,Every Breath You Take,77,113,130,11009652,False,2,Trung bình,Dài hạn
4511,112,Frank Ocean,Pink + White,69,101,55,10981227,False,-11,Trung bình,Dài hạn
4512,113,Ariana Grande,intro (end of the world),25,77,13,10949587,False,-36,Trung bình,Dài hạn
4513,114,Billie Eilish,BITTERSUITE,25,56,3,10896169,False,-58,Trung bình,Ngắn hạn
4514,115,Ruth B.,Dandelions,34,124,144,10884780,False,9,Trung bình,Dài hạn
4515,116,Taylor Swift,"So Long, London",4,81,7,10856493,False,-35,Trung bình,Trung hạn
4516,117,21 Savage,redrum,8,105,21,10845977,False,-12,Trung bình,Dài hạn
4517,118,OneRepublic,Counting Stars,86,122,164,10831437,False,4,Trung bình,Dài hạn
4518,119,NewJeans,How Sweet,85,85,2,10831219,False,-34,Trung bình,Ngắn hạn
4519,120,"Ram Sampath, Arijit Singh, Prashant Pandey","Sajni (From ""Laapataa Ladies"")",120,121,3,10790941,False,1,Trung bình,Ngắn hạn
4520,121,"KAROL G, Peso Pluma",QLONA,5,96,43,10789680,False,-25,Trung bình,Dài hạn
4521,122,"Bad Bunny, Feid",PERRO NEGRO,4,95,34,10636735,False,-27,Trung bình,Dài hạn
4522,123,Jung Kook,Standing Next to You,1,127,30,10629976,False,4,Trung bình,Dài hạn
4523,124,Dua Lipa,Training Season,15,167,16,10593183,False,43,Trung bình,Dài hạn
4524,125,Isabel LaRosa,Favorite,68,114,9,10592575,False,-11,Trung bình,Trung hạn
4525,126,"FloyyMenor, Lewis Somes",APAGA EL CEL,126,-1,1,10561515,True,-127,Trung bình,Ngắn hạn
4526,127,"Pitbull, AFROJACK, Ne-Yo, Nayer",Give Me Everything (feat. Nayer),127,130,4,10526879,False,3,Trung bình,Ngắn hạn
4527,128,Harry Styles,Watermelon Sugar,4,120,217,10520131,False,-8,Trung bình,Dài hạn
4528,129,Plan B,Es un Secreto,129,157,31,10450050,False,28,Trung bình,Dài hạn
4529,130,Lana Del Rey,Summertime Sadness,83,148,95,10392268,False,18,Trung bình,Dài hạn
4530,131,"Don Omar, Lucenzo",Danza Kuduro,104,138,37,10355886,False,7,Trung bình,Dài hạn
4531,132,"Billie Eilish, Khalid",lovely (with Khalid),24,102,320,10347085,False,-30,Trung bình,Dài hạn
4532,133,Keane,Somewhere Only We Know,80,131,85,10334434,False,-2,Trung bình,Dài hạn
4533,134,Tears For Fears,Everybody Wants To Rule The World,91,142,89,10303180,False,8,Trung bình,Dài hạn
4534,135,"Kendrick Lamar, SZA",All The Stars (with SZA),2,128,53,10298579,False,-7,Trung bình,Dài hạn
4535,136,Eminem,Mockingbird,24,196,82,10249975,False,60,Trung bình,Dài hạn
4536,137,Taylor Swift,My Boy Only Breaks His Favorite Toys,7,106,7,10220636,False,-31,Trung bình,Trung hạn
4537,138,Coldplay,Viva La Vida,53,135,93,10207395,False,-3,Trung bình,Dài hạn
4538,139,Taylor Swift,But Daddy I Love Him,9,109,7,10150178,False,-30,Trung bình,Trung hạn
4539,140,V,Love Me Again,11,117,43,10104577,False,-23,Trung bình,Dài hạn
4540,141,Billie Eilish,"What Was I Made For? [From The Motion Picture ""Barbie""]",3,92,47,10078488,False,-49,Trung bình,Dài hạn
4541,142,Coldplay,A Sky Full of Stars,142,163,5,10062131,False,21,Trung bình,Trung hạn
4542,143,"Disturbed, CYRIL",The Sound of Silence - CYRIL Remix,106,147,8,10055016,False,4,Trung bình,Trung hạn
4543,144,Dua Lipa,Houdini,6,199,30,10033338,False,55,Trung bình,Dài hạn
4544,145,"Young Miko, Feid",offline,68,112,8,10031272,False,-33,Trung bình,Trung hạn
4545,146,Morgan Wallen,Last Night,14,132,67,10024262,False,-14,Trung bình,Dài hạn
4546,147,Travis Scott,goosebumps,13,152,250,10014416,False,5,Trung bình,Dài hạn
4547,148,Fuerza Regida,TÚ NAME,55,129,14,10008766,False,-19,Trung bình,Dài hạn
4548,149,"Rihanna, Calvin Harris",We Found Love,59,160,66,9964400,False,11,Trung bình,Dài hạn
4549,150,David Kushner,Daylight,5,136,60,9963027,False,-14,Trung bình,Dài hạn
4550,151,Arctic Monkeys,505,43,151,126,9887506,False,0,Trung bình,Dài hạn
4551,152,Glass Animals,Heat Waves,1,173,173,9860180,False,21,Trung bình,Dài hạn
4552,153,"Oscar Maydon, Gabito Ballesteros, Chino Pacas",Elvira,153,171,9,9848355,False,18,Trung bình,Trung hạn
4553,154,Cigarettes After Sex,Apocalypse,79,149,99,9833455,False,-5,Trung bình,Dài hạn
4554,155,Lay Bankz,Tell Ur Girlfriend,23,73,8,9824040,False,-82,Trung bình,Trung hạn
4555,156,Hozier,Take Me To Church,108,164,144,9812385,False,8,Trung bình,Dài hạn
4556,157,"Kygo, Ava Max",Whatever,91,100,20,9775954,False,-57,Trung bình,Dài hạn
4557,158,Xavi,Corazón de Piedra,21,134,11,9765770,False,-24,Trung bình,Trung hạn
4558,159,"Sevdaliza, Villano Antillano, Tokischa","Ride Or Die, Pt. 2 (with Villano Antillano & Tokischa)",72,115,7,9750894,False,-44,Trung bình,Trung hạn
4559,160,"Dimitri Vegas & Like Mike, Tiësto, Dido, W&W, Dimitri Vegas, Like Mike",Thank You (Not So Bad),160,182,12,9742178,False,22,Trung bình,Trung hạn
4560,161,Gunna,fukumean,9,-1,41,9705165,True,-162,Trung bình,Dài hạn
4561,162,Olivia Rodrigo,vampire,1,143,49,9704139,False,-19,Trung bình,Dài hạn
4562,163,The White Stripes,Seven Nation Army,146,146,4,9672433,False,-17,Trung bình,Ngắn hạn
4563,164,Jack Harlow,Lovin On Me,3,145,30,9666275,False,-19,Thấp,Dài hạn
4564,165,XXXTENTACION,Revenge,63,181,58,9636994,False,16,Thấp,Dài hạn
4565,166,BABYMONSTER,SHEESH,57,140,9,9621899,False,-26,Thấp,Trung hạn
4566,167,Imagine Dragons,Demons,111,162,80,9618638,False,-5,Thấp,Dài hạn
4567,168,"The Weeknd, Playboi Carti, Madonna",Popular (with Playboi Carti & Madonna) - From The Idol Vol. 1 (Music from the HBO Original Series),12,141,53,9610217,False,-27,Thấp,Dài hạn
4568,169,Eminem,The Real Slim Shady,51,-1,122,9608693,True,-170,Thấp,Dài hạn
4569,170,Doja Cat,Paint The Town Red,1,153,44,9606703,False,-17,Thấp,Dài hạn
4570,171,Henry Moodie,drunk text,106,133,8,9592490,False,-38,Thấp,Trung hạn
4571,172,The Killers,Mr. Brightside,94,174,127,9582453,False,2,Thấp,Dài hạn
4572,173,WALK THE MOON,Shut Up and Dance,159,159,5,9562642,False,-14,Thấp,Trung hạn
4573,174,AC/DC,Highway to Hell,152,155,12,9528407,False,-19,Thấp,Trung hạn
4574,175,Natanael Cano,Ya Te Olvide,157,183,3,9521232,False,8,Thấp,Ngắn hạn
4575,176,Zach Bryan,Something in the Orange,57,154,74,9498827,False,-22,Thấp,Dài hạn
4576,177,Linkin Park,Numb,34,-1,23,9498673,True,-178,Thấp,Dài hạn
4577,178,Julión Álvarez y su Norteño Banda,Regalo De Dios,100,189,16,9494403,False,11,Thấp,Dài hạn
4578,179,The Outfield,Your Love,177,177,6,9454463,False,-2,Thấp,Trung hạn
4579,180,TV Girl,Lovers Rock,100,172,50,9416348,False,-8,Thấp,Dài hạn
4580,181,Miguel,Sure Thing,14,170,64,9414429,False,-11,Thấp,Dài hạn
4581,182,"Shakira, Wyclef Jean",Hips Don't Lie (feat. Wyclef Jean),175,185,8,9378685,False,3,Thấp,Trung hạn
4582,183,Myke Towers,LA FALDA,24,169,23,9150241,False,-14,Thấp,Dài hạn
4583,184,Imagine Dragons,Believer,16,187,378,9128177,False,3,Thấp,Dài hạn
4584,185,Rich Amiri,ONE CALL,42,168,19,9123837,False,-17,Thấp,Dài hạn
4585,186,Foster The People,Pumped Up Kicks,160,188,6,9080229,False,2,Thấp,Trung hạn
4586,187,KAROL G,AMARGURA,53,184,55,9075251,False,-3,Thấp,Dài hạn
4587,188,Dominic Fike,Babydoll,158,179,6,9067872,False,-9,Thấp,Trung hạn
4588,189,"Coolio, L.V.",Gangsta's Paradise,40,-1,74,9009520,True,-190,Thấp,Dài hạn
4589,190,"Kendrick Lamar, Jay Rock",Money Trees,62,165,54,9009159,False,-25,Thấp,Dài hạn
4590,191,"Elton John, Dua Lipa, PNAU",Cold Heart - PNAU Remix,4,-1,136,8943499,True,-192,Thấp,Dài hạn
4591,192,Travis Scott,I KNOW ?,14,195,39,8919476,False,3,Thấp,Dài hạn
4592,193,Eminem,Lose Yourself,44,-1,134,8831304,True,-194,Thấp,Dài hạn
4593,194,A$AP Rocky,Sundress,161,-1,6,8821923,True,-195,Thấp,Trung hạn
4594,195,Calvin Harris,Summer,195,-1,1,8800050,True,-196,Thấp,Ngắn hạn
4595,196,Fleetwood Mac,Dreams - 2004 Remaster,20,-1,70,8799548,True,-197,Thấp,Dài hạn
4596,197,Dua Lipa,Illusion,25,-1,7,8787950,True,-198,Thấp,Trung hạn
4597,198,Trueno,REAL GANGSTA LOVE,198,-1,1,8765917,True,-199,Thấp,Ngắn hạn
4598,199,"Akon, Eminem",Smack That,199,-1,1,8741821,True,-200,Thấp,Ngắn hạn
4599,200,Avicii,Wake Me Up,13,-1,97,8732759,True,-201,Thấp,Dài hạn
4600,1,Sabrina Carpenter,Espresso,1,1,9,76427890,False,0,Rất cao,Trung hạn
4601,2,Sabrina Carpenter,Please Please Please,2,-1,1,66951064,True,-3,Rất cao,Ngắn hạn
4602,3,Billie Eilish,BIRDS OF A FEATHER,3,3,4,66726270,False,0,Rất cao,Ngắn hạn
4603,4,Eminem,Houdini,2,2,2,51845401,False,-2,Rất cao,Ngắn hạn
4604,5,Tommy Richman,MILLION DOLLAR BABY,1,4,7,48186643,False,-1,Rất cao,Trung hạn
4605,6,"FloyyMenor, Cris Mj",Gata Only,3,6,18,47674157,False,0,Rất cao,Dài hạn
4606,7,Billie Eilish,LUNCH,1,5,4,46004349,False,-2,Rất cao,Ngắn hạn
4607,8,Hozier,Too Sweet,2,9,12,41914265,False,1,Rất cao,Trung hạn
4608,9,"Post Malone, Morgan Wallen",I Had Some Help (Feat. Morgan Wallen),3,7,5,38938650,False,-2,Rất cao,Trung hạn
4609,10,Shaboozey,A Bar Song (Tipsy),7,12,9,38917787,False,2,Rất cao,Trung hạn
4610,11,Benson Boone,Beautiful Things,1,11,21,37776678,False,0,Rất cao,Dài hạn
4611,12,Kendrick Lamar,Not Like Us,2,8,6,37011482,False,-4,Rất cao,Trung hạn
4612,13,Artemas,i like the way you kiss me,1,10,12,36203445,False,-3,Rất cao,Trung hạn
4613,14,Billie Eilish,CHIHIRO,5,14,4,34469260,False,0,Rất cao,Ngắn hạn
4614,15,"Central Cee, Lil Baby",BAND4BAND (feat. Lil Baby),13,13,3,31694686,False,-2,Rất cao,Ngắn hạn
4615,16,Djo,End of Beginning,3,17,17,28728600,False,1,Rất cao,Dài hạn
4616,17,"Taylor Swift, Post Malone",Fortnight (feat. Post Malone),1,16,8,28304233,False,-1,Rất cao,Trung hạn
4617,18,Myles Smith,Stargazing,18,19,5,27908328,False,1,Rất cao,Trung hạn
4618,19,Teddy Swims,Lose Control,5,18,31,26978818,False,-1,Rất cao,Dài hạn
4619,20,Ariana Grande,we can't be friends (wait for your love),1,15,14,26913426,False,-5,Rất cao,Dài hạn
4620,21,Jung Kook,Never Let Go,21,-1,1,24041560,True,-22,Rất cao,Ngắn hạn
4621,22,Chappell Roan,"Good Luck, Babe!",22,25,9,23255255,False,3,Rất cao,Trung hạn
4622,23,"Rvssian, Rauw Alejandro, Ayra Starr",Santa,14,22,8,23223722,False,-1,Rất cao,Trung hạn
4623,24,"The Weeknd, JENNIE, Lily-Rose Depp","One Of The Girls (with JENNIE, Lily Rose Depp)",3,20,36,22448369,False,-4,Rất cao,Dài hạn
4624,25,Trueno,REAL GANGSTA LOVE,25,198,2,22433777,False,173,Rất cao,Ngắn hạn
4625,26,Taylor Swift,Cruel Summer,2,23,71,22135400,False,-3,Rất cao,Dài hạn
4626,27,Zach Bryan,Pink Skies,21,21,3,21875549,False,-6,Rất cao,Ngắn hạn
4627,28,Dasha,Austin (Boots Stop Workin'),20,26,14,21724289,False,-2,Rất cao,Dài hạn
4628,29,Billie Eilish,WILDFLOWER,15,24,4,20226788,False,-5,Rất cao,Ngắn hạn
4629,30,Harry Styles,As It Was,1,27,115,19924559,False,-3,Rất cao,Dài hạn
4630,31,"Feid, ATL Jacob",LUNA,9,31,27,19707930,False,0,Rất cao,Dài hạn
4631,32,Mark Ambor,Belong Together,19,29,11,19553949,False,-3,Rất cao,Trung hạn
4632,33,Benson Boone,Slow It Down,31,35,12,19518997,False,2,Rất cao,Trung hạn
4633,34,"Luis R Conriquez, Neton Vega",Si No Quieres No,28,28,9,19339975,False,-6,Rất cao,Trung hạn
4634,35,Taylor Swift,I Can Do It With a Broken Heart,5,30,8,18635575,False,-5,Rất cao,Trung hạn
4635,36,Cris Mj,SI NO ES CONTIGO,36,42,3,18127698,False,6,Rất cao,Ngắn hạn
4636,37,The Neighbourhood,Sweater Weather,19,34,198,17906173,False,-3,Rất cao,Dài hạn
4637,38,Billie Eilish,BLUE,17,32,4,17741362,False,-6,Rất cao,Ngắn hạn
4638,39,Billie Eilish,L’AMOUR DE MA VIE,19,36,4,17723022,False,-3,Rất cao,Ngắn hạn
4639,40,"Future, Metro Boomin, Kendrick Lamar",Like That,4,33,12,17434243,False,-7,Rất cao,Trung hạn
4640,41,"Jung Kook, Latto",Seven (feat. Latto) (Explicit Ver.),1,58,48,17224518,False,17,Rất cao,Dài hạn
4641,42,Arctic Monkeys,I Wanna Be Yours,15,37,101,17107448,False,-5,Rất cao,Dài hạn
4642,43,SZA,Saturn,17,38,16,16896026,False,-5,Rất cao,Dài hạn
4643,44,Noah Kahan,Stick Season,6,39,36,16879953,False,-5,Rất cao,Dài hạn
4644,45,Lord Huron,The Night We Met,28,40,86,16715396,False,-5,Rất cao,Dài hạn
4645,46,"Oscar Maydon, Junior H",Volver Al Futuro,46,80,2,16679633,False,34,Rất cao,Ngắn hạn
4646,47,Tate McRae,greedy,1,43,39,16235828,False,-4,Rất cao,Dài hạn
4647,48,Vance Joy,Riptide,30,51,174,16193894,False,3,Rất cao,Dài hạn
4648,49,"Travis Scott, Playboi Carti",FE!N (feat. Playboi Carti),5,44,39,15960436,False,-5,Rất cao,Dài hạn
4649,50,ILLIT,Magnetic,11,41,12,15872498,False,-9,Rất cao,Trung hạn
4650,51,"David Guetta, OneRepublic",I Don't Wanna Wait,51,59,9,15403503,False,8,Rất cao,Trung hạn
4651,52,Jimin,Like Crazy,15,71,64,15182641,False,19,Rất cao,Dài hạn
4652,53,Coldplay,Yellow,36,54,182,14947833,False,1,Cao,Dài hạn
4653,54,Bruno Mars,Locked out of Heaven,39,52,105,14709725,False,-2,Cao,Dài hạn
4654,55,Miley Cyrus,Flowers,1,50,74,14667075,False,-5,Cao,Dài hạn
4655,56,"Jaxomy, Agatino Romero, Raffaella Carrà",Pedro,29,46,9,14649939,False,-10,Cao,Trung hạn
4656,57,"Tyler, The Creator, Kali Uchis",See You Again (feat. Kali Uchis),16,47,68,14571208,False,-10,Cao,Dài hạn
4657,58,SZA,Kill Bill,1,53,79,14427588,False,-5,Cao,Dài hạn
4658,59,Mitski,My Love Mine All Mine,3,48,38,14363382,False,-11,Cao,Dài hạn
4659,60,Gracie Abrams,Close To You,60,-1,1,14310290,True,-61,Cao,Ngắn hạn
4660,61,Tom Odell,Another Love,15,55,166,14281282,False,-6,Cao,Dài hạn
4661,62,Jung Kook,Standing Next to You,1,123,31,14105971,False,61,Cao,Dài hạn
4662,63,Eminem,Without Me,31,63,142,14105930,False,0,Cao,Dài hạn
4663,64,"Myke Towers, Bad Bunny",ADIVINO,20,73,7,14066541,False,9,Cao,Trung hạn
4664,65,Richy Mitch & The Coal Miners,Evergreen,40,62,22,13976844,False,-3,Cao,Dài hạn
4665,66,Sabrina Carpenter,Feather,34,76,28,13942585,False,10,Cao,Dài hạn
4666,67,SZA,Snooze,27,67,77,13344025,False,0,Cao,Dài hạn
4667,68,Bruno Mars,Just the Way You Are,39,70,75,13267569,False,2,Cao,Dài hạn
4668,69,"The Weeknd, Daft Punk",Starboy,1,64,193,13201813,False,-5,Cao,Dài hạn
4669,70,Feid,SORRY 4 THAT MUCH,70,-1,1,13075629,True,-71,Cao,Ngắn hạn
4670,71,Michael Marcagi,Scared To Start,25,69,19,12933865,False,-2,Cao,Dài hạn
4671,72,CYRIL,Stumblin' In,72,89,12,12861181,False,17,Cao,Trung hạn
4672,73,"Natanael Cano, Oscar Maydon",Madonna,18,45,14,12817673,False,-28,Cao,Dài hạn
4673,74,Sabrina Carpenter,Nonsense,17,105,73,12786189,False,31,Cao,Dài hạn
4674,75,"Future, Metro Boomin, Travis Scott, Playboi Carti",Type Shit,11,65,12,12766039,False,-10,Cao,Trung hạn
4675,76,Lithe,Fall Back,76,87,4,12734185,False,11,Cao,Ngắn hạn
4676,77,"Alvaro Diaz, Feid",GATITAS SANDUNGUERAS - VOL.1,77,93,3,12718516,False,16,Cao,Ngắn hạn
4677,78,Taylor Swift,Down Bad,2,61,8,12643514,False,-17,Cao,Trung hạn
4678,79,The Weeknd,Blinding Lights,1,74,237,12619623,False,-5,Cao,Dài hạn
4679,80,Manuel Turizo,La Bachata,4,83,102,12600739,False,3,Cao,Dài hạn
4680,81,"Zach Bryan, Kacey Musgraves",I Remember Everything (feat. Kacey Musgraves),20,77,42,12563814,False,-4,Cao,Dài hạn
4681,82,Lewis Capaldi,Someone You Loved,4,88,283,12146253,False,6,Cao,Dài hạn
4682,83,Hotel Ugly,Shut up My Moms Calling,82,99,75,12097815,False,16,Cao,Dài hạn
4683,84,Taylor Swift,Guilty as Sin?,14,72,8,12035535,False,-12,Cao,Trung hạn
4684,85,aespa,Supernova,49,49,4,11957880,False,-36,Cao,Ngắn hạn
4685,86,Billie Eilish,THE GREATEST,20,57,4,11861920,False,-29,Cao,Ngắn hạn
4686,87,"DJ TOPO, Seu Jorge, Mc Leozin, MC G15",MTG QUEM NÃO QUER SOU EU,49,60,4,11749827,False,-27,Cao,Ngắn hạn
4687,88,Ariana Grande,the boy is mine,11,-1,10,11732511,True,-89,Cao,Trung hạn
4688,89,James Arthur,Say You Won't Let Go,7,92,310,11696484,False,3,Cao,Dài hạn
4689,90,Creedence Clearwater Revival,Have You Ever Seen The Rain,85,94,43,11665561,False,4,Cao,Dài hạn
4690,91,Beyoncé,TEXAS HOLD 'EM,2,82,18,11660278,False,-9,Cao,Dài hạn
4691,92,Kendrick Lamar,euphoria,4,66,7,11648700,False,-26,Cao,Trung hạn
4692,93,Gunna,one of wun,56,56,5,11648581,False,-37,Cao,Trung hạn
4693,94,One Direction,Night Changes,79,84,85,11619523,False,-10,Cao,Dài hạn
4694,95,Journey,Don't Stop Believin' (2022 Remaster),90,90,15,11609128,False,-5,Cao,Dài hạn
4695,96,"FloyyMenor, Lewis Somes",APAGA EL CEL,96,126,2,11606196,False,30,Cao,Ngắn hạn
4696,97,Billie Eilish,THE DINER,23,75,4,11517371,False,-22,Cao,Ngắn hạn
4697,98,"Macklemore, Ryan Lewis, Macklemore & Ryan Lewis, Ray Dalton",Can't Hold Us (feat. Ray Dalton),86,103,118,11440256,False,5,Cao,Dài hạn
4698,99,Natasha Bedingfield,Unwritten,16,86,22,11434621,False,-13,Cao,Dài hạn
4699,100,The Walters,I Love You So,21,81,109,11429633,False,-19,Cao,Dài hạn
4700,101,"Bad Bunny, Feid",PERRO NEGRO,4,122,35,11397914,False,21,Cao,Dài hạn
4701,102,"David Guetta, Bebe Rexha",I'm Good (Blue),2,79,94,11392014,False,-23,Cao,Dài hạn
4702,103,SZA,Nobody Gets Me,12,107,21,11363007,False,4,Cao,Dài hạn
4703,104,The Goo Goo Dolls,Iris,93,110,41,11338197,False,6,Cao,Dài hạn
4704,105,"KAROL G, Peso Pluma",QLONA,5,121,44,11311108,False,16,Cao,Dài hạn
4705,106,"Post Malone, Swae Lee",Sunflower - Spider-Man: Into the Spider-Verse,1,106,288,11231153,False,0,Trung bình,Dài hạn
4706,107,The Police,Every Breath You Take,77,111,131,11209133,False,4,Trung bình,Dài hạn
4707,108,"The Chainsmokers, Coldplay",Something Just Like This,2,97,211,11201366,False,-11,Trung bình,Dài hạn
4708,109,"cassö, RAYE, D-Block Europe",Prada,17,101,43,11182829,False,-8,Trung bình,Dài hạn
4709,110,aespa,Armageddon,78,78,2,11142466,False,-32,Trung bình,Ngắn hạn
4710,111,"Drake, Wizkid, Kyla",One Dance,12,98,198,11141130,False,-13,Trung bình,Dài hạn
4711,112,Billie Eilish,SKINNY,16,68,4,11109583,False,-44,Trung bình,Ngắn hạn
4712,113,Tyla,Water,12,100,38,11062078,False,-13,Trung bình,Dài hạn
4713,114,The Weeknd,Die For You,12,102,122,11049142,False,-12,Trung bình,Dài hạn
4714,115,"Ram Sampath, Arijit Singh, Prashant Pandey","Sajni (From ""Laapataa Ladies"")",115,120,4,10867225,False,5,Trung bình,Ngắn hạn
4715,116,"French Montana, Swae Lee",Unforgettable,3,104,93,10842143,False,-12,Trung bình,Dài hạn
4716,117,Gunna,fukumean,9,161,42,10763030,False,44,Trung bình,Dài hạn
4717,118,"¥$, Kanye West, Ty Dolla $ign",CARNIVAL,2,96,18,10737417,False,-22,Trung bình,Dài hạn
4718,119,Linkin Park,In the End,22,91,49,10734323,False,-28,Trung bình,Dài hạn
4719,120,OneRepublic,I Ain't Worried,7,95,106,10669435,False,-25,Trung bình,Dài hạn
4720,121,Dua Lipa,Training Season,15,124,17,10642693,False,3,Trung bình,Dài hạn
4721,122,Taylor Swift,Who’s Afraid of Little Old Me?,12,85,8,10637870,False,-37,Trung bình,Trung hạn
4722,123,Tinashe,Nasty,123,-1,1,10583629,True,-124,Trung bình,Ngắn hạn
4723,124,OneRepublic,Counting Stars,86,118,165,10570573,False,-6,Trung bình,Dài hạn
4724,125,"Disturbed, CYRIL",The Sound of Silence - CYRIL Remix,106,143,9,10553780,False,18,Trung bình,Trung hạn
4725,126,V,Love Me Again,11,140,44,10530957,False,14,Trung bình,Dài hạn
4726,127,Frank Ocean,Pink + White,69,112,56,10527737,False,-15,Trung bình,Dài hạn
4727,128,"The Kid LAROI, Justin Bieber",STAY (with Justin Bieber),1,109,144,10477926,False,-19,Trung bình,Dài hạn
4728,129,21 Savage,redrum,8,117,22,10448313,False,-12,Trung bình,Dài hạn
4729,130,Eminem,Mockingbird,24,136,83,10446390,False,6,Trung bình,Dài hạn
4730,131,"Billie Eilish, Khalid",lovely (with Khalid),24,132,321,10440004,False,1,Trung bình,Dài hạn
4731,132,Morgan Wallen,Last Night,14,146,68,10403192,False,14,Trung bình,Dài hạn
4732,133,Billie Eilish,"What Was I Made For? [From The Motion Picture ""Barbie""]",3,141,48,10400537,False,8,Trung bình,Dài hạn
4733,134,Xavi,La Diabla,1,108,27,10390042,False,-26,Trung bình,Dài hạn
4734,135,Coldplay,Viva La Vida,53,138,94,10312495,False,3,Trung bình,Dài hạn
4735,136,"Don Omar, Lucenzo",Danza Kuduro,104,131,38,10247720,False,-5,Trung bình,Dài hạn
4736,137,Ruth B.,Dandelions,34,115,145,10223421,False,-22,Trung bình,Dài hạn
4737,138,David Kushner,Daylight,5,150,61,10163735,False,12,Trung bình,Dài hạn
4738,139,Glass Animals,Heat Waves,1,152,174,10161294,False,13,Trung bình,Dài hạn
4739,140,Plan B,Es un Secreto,129,129,32,10141321,False,-11,Trung bình,Dài hạn
4740,141,Harry Styles,Watermelon Sugar,4,128,218,10140685,False,-13,Trung bình,Dài hạn
4741,142,Lana Del Rey,Summertime Sadness,83,130,96,10106403,False,-12,Trung bình,Dài hạn
4742,143,Coldplay,A Sky Full of Stars,142,142,6,10082719,False,-1,Trung bình,Trung hạn
4743,144,Grupo Firme,El Beneficio De La Duda,144,-1,1,10075965,True,-145,Trung bình,Ngắn hạn
4744,145,Charli xcx,360,145,-1,1,10044202,True,-146,Trung bình,Ngắn hạn
4745,146,Zach Bryan,Something in the Orange,57,176,75,10031174,False,30,Trung bình,Dài hạn
4746,147,"Young Miko, Feid",offline,68,145,9,9988242,False,-2,Trung bình,Trung hạn
4747,148,Doja Cat,Paint The Town Red,1,170,45,9950632,False,22,Trung bình,Dài hạn
4748,149,Eminem,The Real Slim Shady,51,169,123,9938177,False,20,Trung bình,Dài hạn
4749,150,"Pitbull, AFROJACK, Ne-Yo, Nayer",Give Me Everything (feat. Nayer),127,127,5,9937509,False,-23,Trung bình,Trung hạn
4750,151,The White Stripes,Seven Nation Army,146,163,5,9918572,False,12,Trung bình,Trung hạn
4751,152,The Outfield,Your Love,152,179,7,9880525,False,27,Trung bình,Trung hạn
4752,153,"Oscar Maydon, Gabito Ballesteros, Chino Pacas",Elvira,153,153,10,9854962,False,0,Trung bình,Trung hạn
4753,154,"Sevdaliza, Villano Antillano, Tokischa","Ride Or Die, Pt. 2 (with Villano Antillano & Tokischa)",72,159,8,9837676,False,5,Trung bình,Trung hạn
4754,155,Hozier,Take Me To Church,108,156,145,9835577,False,1,Trung bình,Dài hạn
4755,156,Keane,Somewhere Only We Know,80,133,86,9817859,False,-23,Trung bình,Dài hạn
4756,157,The Killers,Mr. Brightside,94,172,128,9805416,False,15,Trung bình,Dài hạn
4757,158,Olivia Rodrigo,vampire,1,162,50,9772773,False,4,Trung bình,Dài hạn
4758,159,Isabel LaRosa,Favorite,68,125,10,9770578,False,-34,Trung bình,Trung hạn
4759,160,Miguel,Sure Thing,14,181,65,9767684,False,21,Trung bình,Dài hạn
4760,161,Cigarettes After Sex,Apocalypse,79,154,100,9753841,False,-7,Trung bình,Dài hạn
4761,162,Arctic Monkeys,505,43,151,127,9751570,False,-11,Trung bình,Dài hạn
4762,163,Travis Scott,goosebumps,13,147,251,9747342,False,-16,Trung bình,Dài hạn
4763,164,"Calle 24, Chino Pacas, Fuerza Regida",Que Onda,16,-1,40,9746599,True,-165,Trung bình,Dài hạn
4764,165,Tears For Fears,Everybody Wants To Rule The World,91,134,90,9710204,False,-31,Trung bình,Dài hạn
4765,166,NewJeans,How Sweet,85,119,3,9663208,False,-47,Thấp,Ngắn hạn
4766,167,XXXTENTACION,Revenge,63,165,59,9650985,False,-2,Thấp,Dài hạn
4767,168,Jack Harlow,Lovin On Me,3,164,31,9584083,False,-4,Thấp,Dài hạn
4768,169,Dua Lipa,Houdini,6,144,31,9581351,False,-25,Thấp,Dài hạn
4769,170,Ariana Grande,intro (end of the world),25,113,14,9563818,False,-57,Thấp,Dài hạn
4770,171,"The Weeknd, Playboi Carti, Madonna",Popular (with Playboi Carti & Madonna) - From The Idol Vol. 1 (Music from the HBO Original Series),12,168,54,9507110,False,-3,Thấp,Dài hạn
4771,172,Xavi,Corazón de Piedra,21,158,12,9449248,False,-14,Thấp,Trung hạn
4772,173,"Kendrick Lamar, SZA",All The Stars (with SZA),2,135,54,9447696,False,-38,Thấp,Dài hạn
4773,174,AC/DC,Highway to Hell,152,174,13,9431715,False,0,Thấp,Dài hạn
4774,175,"Rihanna, Calvin Harris",We Found Love,59,149,67,9426173,False,-26,Thấp,Dài hạn
4775,176,Fuerza Regida,TÚ NAME,55,148,15,9389354,False,-28,Thấp,Dài hạn
4776,177,KAROL G,AMARGURA,53,187,56,9381803,False,10,Thấp,Dài hạn
4777,178,"Los Ángeles Azules, Emilia","Perdonarte, ¿Para Qué?",178,-1,1,9309685,True,-179,Thấp,Ngắn hạn
4778,179,Billie Eilish,BITTERSUITE,25,114,4,9293980,False,-65,Thấp,Ngắn hạn
4779,180,"Yng Lvcas, Peso Pluma",La Bebe - Remix,3,-1,44,9261897,True,-181,Thấp,Dài hạn
4780,181,"dj sv, Doug Hits, Manim Vaqueiro",Mtg Forró e Desmantelo,181,-1,1,9261822,True,-182,Thấp,Ngắn hạn
4781,182,"Morgan Wallen, ERNEST",Cowgirls (feat. ERNEST),182,-1,1,9255746,True,-183,Thấp,Ngắn hạn
4782,183,Taylor Swift,"So Long, London",4,116,8,9245693,False,-67,Thấp,Trung hạn
4783,184,"Kygo, Ava Max",Whatever,91,157,21,9233180,False,-27,Thấp,Dài hạn
4784,185,Henry Moodie,drunk text,106,171,9,9228072,False,-14,Thấp,Trung hạn
4785,186,Lay Bankz,Tell Ur Girlfriend,23,155,9,9187782,False,-31,Thấp,Trung hạn
4786,187,Dominic Fike,Babydoll,158,188,7,9185867,False,1,Thấp,Trung hạn
4787,188,Chappell Roan,Red Wine Supernova,188,-1,1,9162859,True,-189,Thấp,Ngắn hạn
4788,189,Imagine Dragons,Believer,16,184,379,9144142,False,-5,Thấp,Dài hạn
4789,190,TV Girl,Lovers Rock,100,180,51,9119359,False,-10,Thấp,Dài hạn
4790,191,BABYMONSTER,SHEESH,57,166,10,9097155,False,-25,Thấp,Trung hạn
4791,192,"Dimitri Vegas & Like Mike, Tiësto, Dido, W&W, Dimitri Vegas, Like Mike",Thank You (Not So Bad),160,160,13,9076147,False,-32,Thấp,Dài hạn
4792,193,Julión Álvarez y su Norteño Banda,Regalo De Dios,100,178,17,9075651,False,-15,Thấp,Dài hạn
4793,194,"THE BOX, Mc Brinquedo, MC Cebezinho, MC Tuto, Mc Laranjinha, DJ Oreia",THE BOX MEDLEY FUNK 2,194,-1,2,9060123,True,-195,Thấp,Ngắn hạn
4794,195,"Shakira, Wyclef Jean",Hips Don't Lie (feat. Wyclef Jean),175,182,9,9055752,False,-13,Thấp,Trung hạn
4795,196,Linkin Park,Numb,34,177,24,9024321,False,-19,Thấp,Dài hạn
4796,197,WALK THE MOON,Shut Up and Dance,159,173,6,9017406,False,-24,Thấp,Trung hạn
4797,198,Myke Towers,LA FALDA,24,183,24,8999852,False,-15,Thấp,Dài hạn
4798,199,Travis Scott,I KNOW ?,14,192,40,8990118,False,-7,Thấp,Dài hạn
4799,200,Imagine Dragons,Demons,111,167,81,8978661,False,-33,Thấp,Dài hạn
4800,1,Sabrina Carpenter,Please Please Please,1,2,2,85283851,False,1,Rất cao,Ngắn hạn
4801,2,Sabrina Carpenter,Espresso,1,1,10,70867330,False,-1,Rất cao,Trung hạn
4802,3,Billie Eilish,BIRDS OF A FEATHER,3,3,5,59268524,False,0,Rất cao,Trung hạn
4803,4,Tommy Richman,MILLION DOLLAR BABY,1,5,8,44539082,False,1,Rất cao,Trung hạn
4804,5,"FloyyMenor, Cris Mj",Gata Only,3,6,19,42254755,False,1,Rất cao,Dài hạn
4805,6,Hozier,Too Sweet,2,8,13,39762411,False,2,Rất cao,Dài hạn
4806,7,Benson Boone,Beautiful Things,1,11,22,37444100,False,4,Rất cao,Dài hạn
4807,8,Eminem,Houdini,2,4,3,36860645,False,-4,Rất cao,Ngắn hạn
4808,9,Shaboozey,A Bar Song (Tipsy),7,10,10,36692230,False,1,Rất cao,Trung hạn
4809,10,"Post Malone, Morgan Wallen",I Had Some Help (Feat. Morgan Wallen),3,9,6,34366590,False,-1,Rất cao,Trung hạn
4810,11,Billie Eilish,LUNCH,1,7,5,33976375,False,-4,Rất cao,Trung hạn
4811,12,Kendrick Lamar,Not Like Us,2,12,7,33288763,False,0,Rất cao,Trung hạn
4812,13,Trueno,REAL GANGSTA LOVE,13,25,3,32530629,False,12,Rất cao,Ngắn hạn
4813,14,Artemas,i like the way you kiss me,1,13,13,31952914,False,-1,Rất cao,Dài hạn
4814,15,Billie Eilish,CHIHIRO,5,14,5,26826136,False,-1,Rất cao,Trung hạn
4815,16,Teddy Swims,Lose Control,5,19,32,25994966,False,3,Rất cao,Dài hạn
4816,17,Ariana Grande,we can't be friends (wait for your love),1,20,15,25511829,False,3,Rất cao,Dài hạn
4817,18,Chappell Roan,"Good Luck, Babe!",18,22,10,25405304,False,4,Rất cao,Trung hạn
4818,19,Djo,End of Beginning,3,16,18,25181802,False,-3,Rất cao,Dài hạn
4819,20,Myles Smith,Stargazing,18,18,6,25093309,False,-2,Rất cao,Trung hạn
4820,21,"Central Cee, Lil Baby",BAND4BAND (feat. Lil Baby),13,15,4,24943988,False,-6,Rất cao,Ngắn hạn
4821,22,"Taylor Swift, Post Malone",Fortnight (feat. Post Malone),1,17,9,24882092,False,-5,Rất cao,Trung hạn
4822,23,Taylor Swift,Cruel Summer,2,26,72,22028587,False,3,Rất cao,Dài hạn
4823,24,"The Weeknd, JENNIE, Lily-Rose Depp","One Of The Girls (with JENNIE, Lily Rose Depp)",3,24,37,21614456,False,0,Rất cao,Dài hạn
4824,25,"Rvssian, Rauw Alejandro, Ayra Starr",Santa,14,23,9,20849974,False,-2,Rất cao,Trung hạn
4825,26,Harry Styles,As It Was,1,30,116,20535184,False,4,Rất cao,Dài hạn
4826,27,Benson Boone,Slow It Down,27,33,13,19967768,False,6,Rất cao,Dài hạn
4827,28,Dasha,Austin (Boots Stop Workin'),20,28,15,19892942,False,0,Rất cao,Dài hạn
4828,29,Zach Bryan,Pink Skies,21,27,4,18558657,False,-2,Rất cao,Ngắn hạn
4829,30,The Neighbourhood,Sweater Weather,19,37,199,18423443,False,7,Rất cao,Dài hạn
4830,31,Mark Ambor,Belong Together,19,32,12,18419336,False,1,Rất cao,Trung hạn
4831,32,"Feid, ATL Jacob",LUNA,9,31,28,17876388,False,-1,Rất cao,Dài hạn
4832,33,Cris Mj,SI NO ES CONTIGO,33,36,4,17533099,False,3,Rất cao,Ngắn hạn
4833,34,Lord Huron,The Night We Met,28,45,87,17294312,False,11,Rất cao,Dài hạn
4834,35,Arctic Monkeys,I Wanna Be Yours,15,42,102,17245164,False,7,Rất cao,Dài hạn
4835,36,"Luis R Conriquez, Neton Vega",Si No Quieres No,28,34,10,17187521,False,-2,Rất cao,Trung hạn
4836,37,Taylor Swift,I Can Do It With a Broken Heart,5,35,9,17164905,False,-2,Rất cao,Trung hạn
4837,38,Feid,SORRY 4 THAT MUCH,38,70,2,16666887,False,32,Rất cao,Ngắn hạn
4838,39,Vance Joy,Riptide,30,48,175,16369154,False,9,Rất cao,Dài hạn
4839,40,Billie Eilish,WILDFLOWER,15,29,5,16342547,False,-11,Rất cao,Trung hạn
4840,41,Noah Kahan,Stick Season,6,44,37,16233371,False,3,Rất cao,Dài hạn
4841,42,SZA,Saturn,17,43,17,16177554,False,1,Rất cao,Dài hạn
4842,43,Sabrina Carpenter,Feather,34,66,29,16090774,False,23,Rất cao,Dài hạn
4843,44,"Oscar Maydon, Junior H",Volver Al Futuro,44,46,3,16004954,False,2,Rất cao,Ngắn hạn
4844,45,Coldplay,Yellow,36,53,183,15827563,False,8,Rất cao,Dài hạn
4845,46,"David Guetta, OneRepublic",I Don't Wanna Wait,46,51,10,15622830,False,5,Rất cao,Trung hạn
4846,47,Tate McRae,greedy,1,47,40,15438235,False,0,Rất cao,Dài hạn
4847,48,Bruno Mars,Locked out of Heaven,39,54,106,15298965,False,6,Rất cao,Dài hạn
4848,49,"Travis Scott, Playboi Carti",FE!N (feat. Playboi Carti),5,49,40,15211082,False,0,Rất cao,Dài hạn
4849,50,"Future, Metro Boomin, Kendrick Lamar",Like That,4,40,13,14941261,False,-10,Cao,Dài hạn
4850,51,"Jung Kook, Latto",Seven (feat. Latto) (Explicit Ver.),1,41,49,14891147,False,-10,Cao,Dài hạn
4851,52,ILLIT,Magnetic,11,50,13,14794805,False,-2,Cao,Dài hạn
4852,53,Jimin,Like Crazy,15,52,65,14787823,False,-1,Cao,Dài hạn
4853,54,Billie Eilish,BLUE,17,38,5,14673275,False,-16,Cao,Trung hạn
4854,55,Billie Eilish,L’AMOUR DE MA VIE,19,39,5,14567710,False,-16,Cao,Trung hạn
4855,56,Sabrina Carpenter,Nonsense,17,74,74,14417275,False,18,Cao,Dài hạn
4856,57,"Tyler, The Creator, Kali Uchis",See You Again (feat. Kali Uchis),16,57,69,14103650,False,0,Cao,Dài hạn
4857,58,SZA,Kill Bill,1,58,80,14000053,False,0,Cao,Dài hạn
4858,59,Miley Cyrus,Flowers,1,55,75,13991542,False,-4,Cao,Dài hạn
4859,60,Tom Odell,Another Love,15,61,167,13853114,False,1,Cao,Dài hạn
4860,61,Mitski,My Love Mine All Mine,3,59,39,13637178,False,-2,Cao,Dài hạn
4861,62,Bruno Mars,Just the Way You Are,39,68,76,13477972,False,6,Cao,Dài hạn
4862,63,Richy Mitch & The Coal Miners,Evergreen,40,65,23,13379042,False,2,Cao,Dài hạn
4863,64,Manuel Turizo,La Bachata,4,80,103,13295214,False,16,Cao,Dài hạn
4864,65,SZA,Snooze,27,67,78,13097682,False,2,Cao,Dài hạn
4865,66,Jung Kook,Never Let Go,21,21,2,12889705,False,-45,Cao,Ngắn hạn
4866,67,"Jaxomy, Agatino Romero, Raffaella Carrà",Pedro,29,56,10,12825814,False,-11,Cao,Trung hạn
4867,68,"Zach Bryan, Kacey Musgraves",I Remember Everything (feat. Kacey Musgraves),20,81,43,12813061,False,13,Cao,Dài hạn
4868,69,Gracie Abrams,Close To You,60,60,2,12654886,False,-9,Cao,Ngắn hạn
4869,70,Michael Marcagi,Scared To Start,25,71,20,12641087,False,1,Cao,Dài hạn
4870,71,"Myke Towers, Bad Bunny",ADIVINO,20,64,8,12637037,False,-7,Cao,Trung hạn
4871,72,CYRIL,Stumblin' In,72,72,13,12595561,False,0,Cao,Dài hạn
4872,73,"The Weeknd, Daft Punk",Starboy,1,69,194,12595083,False,-4,Cao,Dài hạn
4873,74,Ariana Grande,the boy is mine,11,88,11,12593444,False,14,Cao,Trung hạn
4874,75,Jung Kook,Standing Next to You,1,62,32,12193863,False,-13,Cao,Dài hạn
4875,76,The Weeknd,Blinding Lights,1,79,238,12185100,False,3,Cao,Dài hạn
4876,77,Eminem,Without Me,31,63,143,12068478,False,-14,Cao,Dài hạn
4877,78,Hotel Ugly,Shut up My Moms Calling,78,83,76,11853465,False,5,Cao,Dài hạn
4878,79,"Natanael Cano, Oscar Maydon",Madonna,18,73,15,11676759,False,-6,Cao,Dài hạn
4879,80,Tinashe,Nasty,80,123,2,11487789,False,43,Cao,Ngắn hạn
4880,81,Glass Animals,Heat Waves,1,139,175,11474186,False,58,Cao,Dài hạn
4881,82,Creedence Clearwater Revival,Have You Ever Seen The Rain,82,90,44,11444654,False,8,Cao,Dài hạn
4882,83,"David Guetta, Bebe Rexha",I'm Good (Blue),2,102,95,11424541,False,19,Cao,Dài hạn
4883,84,The Walters,I Love You So,21,100,110,11422546,False,16,Cao,Dài hạn
4884,85,SZA,Nobody Gets Me,12,103,22,11387705,False,18,Cao,Dài hạn
4885,86,"Future, Metro Boomin, Travis Scott, Playboi Carti",Type Shit,11,75,13,11357446,False,-11,Cao,Dài hạn
4886,87,OneRepublic,I Ain't Worried,7,120,107,11335146,False,33,Cao,Dài hạn
4887,88,The Goo Goo Dolls,Iris,88,104,42,11302120,False,16,Cao,Dài hạn
4888,89,Taylor Swift,Down Bad,2,78,9,11270304,False,-11,Cao,Trung hạn
4889,90,Journey,Don't Stop Believin' (2022 Remaster),90,95,16,11225857,False,5,Trung bình,Dài hạn
4890,91,"Don Omar, Lucenzo",Danza Kuduro,91,136,39,11216899,False,45,Trung bình,Dài hạn
4891,92,Taylor Swift,Guilty as Sin?,14,84,9,11191864,False,-8,Trung bình,Trung hạn
4892,93,"Post Malone, Swae Lee",Sunflower - Spider-Man: Into the Spider-Verse,1,106,289,11100300,False,13,Trung bình,Dài hạn
4893,94,"The Chainsmokers, Coldplay",Something Just Like This,2,108,212,11045800,False,14,Trung bình,Dài hạn
4894,95,Lewis Capaldi,Someone You Loved,4,82,284,10978576,False,-13,Trung bình,Dài hạn
4895,96,Beyoncé,TEXAS HOLD 'EM,2,91,19,10939193,False,-5,Trung bình,Dài hạn
4896,97,"The Kid LAROI, Justin Bieber",STAY (with Justin Bieber),1,128,145,10894365,False,31,Trung bình,Dài hạn
4897,98,James Arthur,Say You Won't Let Go,7,89,311,10847183,False,-9,Trung bình,Dài hạn
4898,99,Harry Styles,Watermelon Sugar,4,141,219,10761710,False,42,Trung bình,Dài hạn
4899,100,"Macklemore, Ryan Lewis, Macklemore & Ryan Lewis, Ray Dalton",Can't Hold Us (feat. Ray Dalton),86,98,119,10741788,False,-2,Trung bình,Dài hạn
4900,101,The Weeknd,Die For You,12,114,123,10725980,False,13,Trung bình,Dài hạn
4901,102,Natasha Bedingfield,Unwritten,16,99,23,10725224,False,-3,Trung bình,Dài hạn
4902,103,"cassö, RAYE, D-Block Europe",Prada,17,109,44,10699432,False,6,Trung bình,Dài hạn
4903,104,Billie Eilish,"What Was I Made For? [From The Motion Picture ""Barbie""]",3,133,49,10681281,False,29,Trung bình,Dài hạn
4904,105,Lithe,Fall Back,76,76,5,10650493,False,-29,Trung bình,Trung hạn
4905,106,Chappell Roan,HOT TO GO!,106,-1,1,10640925,True,-107,Trung bình,Ngắn hạn
4906,107,One Direction,Night Changes,79,94,86,10598175,False,-13,Trung bình,Dài hạn
4907,108,OneRepublic,Counting Stars,86,124,166,10570938,False,16,Trung bình,Dài hạn
4908,109,The Police,Every Breath You Take,77,107,132,10545325,False,-2,Trung bình,Dài hạn
4909,110,Gunna,fukumean,9,117,43,10510043,False,7,Trung bình,Dài hạn
4910,111,aespa,Armageddon,78,110,3,10501703,False,-1,Trung bình,Ngắn hạn
4911,112,Tyla,Water,12,113,39,10499994,False,1,Trung bình,Dài hạn
4912,113,"French Montana, Swae Lee",Unforgettable,3,116,94,10356700,False,3,Trung bình,Dài hạn
4913,114,Linkin Park,In the End,22,119,50,10302786,False,5,Trung bình,Dài hạn
4914,115,Frank Ocean,Pink + White,69,127,57,10300230,False,12,Trung bình,Dài hạn
4915,116,Morgan Wallen,Last Night,14,132,69,10288089,False,16,Trung bình,Dài hạn
4916,117,Coldplay,Viva La Vida,53,135,95,10279353,False,18,Trung bình,Dài hạn
4917,118,Chappell Roan,Red Wine Supernova,118,188,2,10262844,False,70,Trung bình,Ngắn hạn
4918,119,"Ram Sampath, Arijit Singh, Prashant Pandey","Sajni (From ""Laapataa Ladies"")",115,115,5,10246291,False,-4,Trung bình,Trung hạn
4919,120,Kendrick Lamar,euphoria,4,92,8,10233712,False,-28,Trung bình,Trung hạn
4920,121,Hozier,Take Me To Church,108,155,146,10170872,False,34,Trung bình,Dài hạn
4921,122,V,Love Me Again,11,126,45,10159628,False,4,Trung bình,Dài hạn
4922,123,Xavi,La Diabla,1,134,28,10150489,False,11,Trung bình,Dài hạn
4923,124,aespa,Supernova,49,85,5,10091614,False,-39,Trung bình,Trung hạn
4924,125,Coldplay,A Sky Full of Stars,125,143,7,10053747,False,18,Trung bình,Trung hạn
4925,126,Charli xcx,360,126,145,2,10033139,False,19,Trung bình,Ngắn hạn
4926,127,Dua Lipa,Training Season,15,121,18,10022699,False,-6,Trung bình,Dài hạn
4927,128,"Disturbed, CYRIL",The Sound of Silence - CYRIL Remix,106,125,10,10014722,False,-3,Trung bình,Trung hạn
4928,129,"Bad Bunny, Feid",PERRO NEGRO,4,101,36,10005022,False,-28,Trung bình,Dài hạn
4929,130,Ruth B.,Dandelions,34,137,146,9979078,False,7,Trung bình,Dài hạn
4930,131,"KAROL G, Peso Pluma",QLONA,5,105,45,9973465,False,-26,Trung bình,Dài hạn
4931,132,"DJ TOPO, Seu Jorge, Mc Leozin, MC G15",MTG QUEM NÃO QUER SOU EU,49,87,5,9965947,False,-45,Trung bình,Trung hạn
4932,133,Lana Del Rey,Summertime Sadness,83,142,97,9963982,False,9,Trung bình,Dài hạn
4933,134,Arctic Monkeys,505,43,162,128,9949857,False,28,Trung bình,Dài hạn
4934,135,Billie Eilish,THE GREATEST,20,86,5,9903301,False,-49,Trung bình,Trung hạn
4935,136,"Billie Eilish, Khalid",lovely (with Khalid),24,131,322,9880406,False,-5,Trung bình,Dài hạn
4936,137,Tommy Richman,DEVIL IS A LIE,137,-1,1,9863036,True,-138,Trung bình,Ngắn hạn
4937,138,"Drake, Wizkid, Kyla",One Dance,12,111,199,9840851,False,-27,Trung bình,Dài hạn
4938,139,Plan B,Es un Secreto,129,140,33,9836886,False,1,Trung bình,Dài hạn
4939,140,Keane,Somewhere Only We Know,80,156,87,9811301,False,16,Trung bình,Dài hạn
4940,141,David Kushner,Daylight,5,138,62,9788393,False,-3,Trung bình,Dài hạn
4941,142,The Outfield,Your Love,142,152,8,9767569,False,10,Trung bình,Trung hạn
4942,143,Doja Cat,Paint The Town Red,1,148,46,9748777,False,5,Trung bình,Dài hạn
4943,144,"dj sv, Doug Hits, Manim Vaqueiro",Mtg Forró e Desmantelo,144,181,2,9709174,False,37,Trung bình,Ngắn hạn
4944,145,The Killers,Mr. Brightside,94,157,129,9665647,False,12,Thấp,Dài hạn
4945,146,Taylor Swift,Who’s Afraid of Little Old Me?,12,122,9,9634150,False,-24,Thấp,Trung hạn
4946,147,"Pitbull, AFROJACK, Ne-Yo, Nayer",Give Me Everything (feat. Nayer),127,150,6,9616570,False,3,Thấp,Trung hạn
4947,148,Gunna,one of wun,56,93,6,9614699,False,-55,Thấp,Trung hạn
4948,149,AC/DC,Highway to Hell,149,174,14,9607189,False,25,Thấp,Dài hạn
4949,150,Tears For Fears,Everybody Wants To Rule The World,91,165,91,9541741,False,15,Thấp,Dài hạn
4950,151,Eminem,Mockingbird,24,130,84,9524690,False,-21,Thấp,Dài hạn
4951,152,Ariana Grande,intro (end of the world),25,170,15,9518115,False,18,Thấp,Dài hạn
4952,153,Linkin Park,Numb,34,196,25,9512707,False,43,Thấp,Dài hạn
4953,154,Olivia Rodrigo,vampire,1,158,51,9508584,False,4,Thấp,Dài hạn
4954,155,d4vd,Romantic Homicide,17,-1,86,9503293,True,-156,Thấp,Dài hạn
4955,156,Cigarettes After Sex,Apocalypse,79,161,101,9467360,False,5,Thấp,Dài hạn
4956,157,Miguel,Sure Thing,14,160,66,9463483,False,3,Thấp,Dài hạn
4957,158,"¥$, Kanye West, Ty Dolla $ign",CARNIVAL,2,118,19,9463057,False,-40,Thấp,Dài hạn
4958,159,"Rihanna, Calvin Harris",We Found Love,59,175,68,9454980,False,16,Thấp,Dài hạn
4959,160,"Shakira, Wyclef Jean",Hips Don't Lie (feat. Wyclef Jean),160,195,10,9444696,False,35,Thấp,Trung hạn
4960,161,"Adam Port, Stryv, Keinemusik, Orso, Malachiii",Move,161,-1,1,9441435,True,-162,Thấp,Ngắn hạn
4961,162,Maki,Dilaw,162,-1,1,9416609,True,-163,Thấp,Ngắn hạn
4962,163,"FloyyMenor, Lewis Somes",APAGA EL CEL,96,96,3,9411854,False,-67,Thấp,Ngắn hạn
4963,164,TV Girl,Lovers Rock,100,190,52,9396323,False,26,Thấp,Dài hạn
4964,165,WALK THE MOON,Shut Up and Dance,159,197,7,9326270,False,32,Thấp,Trung hạn
4965,166,Don Toliver,BANDIT,83,-1,5,9308338,True,-167,Thấp,Trung hạn
4966,167,Imagine Dragons,Demons,111,200,82,9298810,False,33,Thấp,Dài hạn
4967,168,"Luísa Sonza, KayBlack",Sagrado Profano,168,-1,1,9145503,True,-169,Thấp,Ngắn hạn
4968,169,"Kendrick Lamar, SZA",All The Stars (with SZA),2,173,55,9143680,False,4,Thấp,Dài hạn
4969,170,Dua Lipa,Houdini,6,169,32,9121700,False,-1,Thấp,Dài hạn
4970,171,Luke Combs,The Man He Sees in Me,171,-1,1,9089456,True,-172,Thấp,Ngắn hạn
4971,172,21 Savage,redrum,8,129,23,9077776,False,-43,Thấp,Dài hạn
4972,173,Travis Scott,goosebumps,13,163,252,9049535,False,-10,Thấp,Dài hạn
4973,174,"Alvaro Diaz, Feid",GATITAS SANDUNGUERAS - VOL.1,77,77,4,9048904,False,-97,Thấp,Ngắn hạn
4974,175,"Calle 24, Chino Pacas, Fuerza Regida",Que Onda,16,164,41,9045481,False,-11,Thấp,Dài hạn
4975,176,"Morgan Wallen, ERNEST",Cowgirls (feat. ERNEST),176,182,2,9033901,False,6,Thấp,Ngắn hạn
4976,177,"The Weeknd, Playboi Carti, Madonna",Popular (with Playboi Carti & Madonna) - From The Idol Vol. 1 (Music from the HBO Original Series),12,171,55,9025355,False,-6,Thấp,Dài hạn
4977,178,Zach Bryan,Something in the Orange,57,146,76,9020198,False,-32,Thấp,Dài hạn
4978,179,Imagine Dragons,Believer,16,189,380,8985420,False,10,Thấp,Dài hạn
4979,180,Dominic Fike,Babydoll,158,187,8,8982545,False,7,Thấp,Trung hạn
4980,181,Fuerza Regida,TÚ NAME,55,176,16,8931075,False,-5,Thấp,Dài hạn
4981,182,The White Stripes,Seven Nation Army,146,151,6,8908004,False,-31,Thấp,Trung hạn
4982,183,"Earth, Wind & Fire",September,132,-1,13,8903606,True,-184,Thấp,Dài hạn
4983,184,Billie Eilish,THE DINER,23,97,5,8900270,False,-87,Thấp,Trung hạn
4984,185,"Dimitri Vegas & Like Mike, Tiësto, Dido, W&W, Dimitri Vegas, Like Mike",Thank You (Not So Bad),160,192,14,8882985,False,7,Thấp,Dài hạn
4985,186,"Kygo, Ava Max",Whatever,91,184,22,8853134,False,-2,Thấp,Dài hạn
4986,187,NewJeans,How Sweet,85,166,4,8825414,False,-21,Thấp,Ngắn hạn
4987,188,Artemas,if u think i'm pretty,52,-1,9,8783616,True,-189,Thấp,Trung hạn
4988,189,XXXTENTACION,Revenge,63,167,60,8781232,False,-22,Thấp,Dài hạn
4989,190,"Coolio, L.V.",Gangsta's Paradise,40,-1,75,8771031,True,-191,Thấp,Dài hạn
4990,191,Jack Harlow,Lovin On Me,3,168,32,8767566,False,-23,Thấp,Dài hạn
4991,192,AC/DC,You Shook Me All Night Long,192,-1,1,8758183,True,-193,Thấp,Ngắn hạn
4992,193,KAROL G,AMARGURA,53,177,57,8753766,False,-16,Thấp,Dài hạn
4993,194,Eminem,The Real Slim Shady,51,149,124,8738397,False,-45,Thấp,Dài hạn
4994,195,Isabel LaRosa,Favorite,68,159,11,8714320,False,-36,Thấp,Trung hạn
4995,196,"Elton John, Dua Lipa, PNAU",Cold Heart - PNAU Remix,4,-1,137,8670072,True,-197,Thấp,Dài hạn
4996,197,Billie Eilish,SKINNY,16,112,5,8651841,False,-85,Thấp,Trung hạn
4997,198,Avicii,Wake Me Up,13,-1,98,8617182,True,-199,Thấp,Dài hạn
4998,199,"Young Miko, Feid",offline,68,147,10,8603642,False,-52,Thấp,Trung hạn
4999,200,Calvin Harris,Summer,195,-1,2,8571921,True,-201,Thấp,Ngắn hạn
5000,1,Sabrina Carpenter,Please Please Please,1,1,3,70220721,False,0,Rất cao,Ngắn hạn
5001,2,Sabrina Carpenter,Espresso,1,2,11,67947430,False,0,Rất cao,Trung hạn
5002,3,Billie Eilish,BIRDS OF A FEATHER,3,3,6,58000773,False,0,Rất cao,Trung hạn
5003,4,Kendrick Lamar,Not Like Us,2,12,8,42725899,False,8,Rất cao,Trung hạn
5004,5,"FloyyMenor, Cris Mj",Gata Only,3,5,20,41692353,False,0,Rất cao,Dài hạn
5005,6,Tommy Richman,MILLION DOLLAR BABY,1,4,9,41356504,False,-2,Rất cao,Trung hạn
5006,7,Benson Boone,Beautiful Things,1,7,23,35543210,False,0,Rất cao,Dài hạn
5007,8,Hozier,Too Sweet,2,6,14,35307126,False,-2,Rất cao,Dài hạn
5008,9,Shaboozey,A Bar Song (Tipsy),7,9,11,35285917,False,0,Rất cao,Trung hạn
5009,10,"Post Malone, Morgan Wallen",I Had Some Help (Feat. Morgan Wallen),3,10,7,34811837,False,0,Rất cao,Trung hạn
5010,11,Chappell Roan,"Good Luck, Babe!",11,18,11,34769208,False,7,Rất cao,Trung hạn
5011,12,Eminem,Houdini,2,8,4,29813868,False,-4,Rất cao,Ngắn hạn
5012,13,Artemas,i like the way you kiss me,1,14,14,28849758,False,1,Rất cao,Dài hạn
5013,14,Billie Eilish,LUNCH,1,11,6,28174825,False,-3,Rất cao,Trung hạn
5014,15,Trueno,REAL GANGSTA LOVE,13,13,4,27391459,False,-2,Rất cao,Ngắn hạn
5015,16,KAROL G,Si Antes Te Hubiera Conocido,16,-1,1,25138247,True,-17,Rất cao,Ngắn hạn
5016,17,Djo,End of Beginning,3,19,19,24756505,False,2,Rất cao,Dài hạn
5017,18,Teddy Swims,Lose Control,5,16,33,24697348,False,-2,Rất cao,Dài hạn
5018,19,Ariana Grande,we can't be friends (wait for your love),1,17,16,24276857,False,-2,Rất cao,Dài hạn
5019,20,"Taylor Swift, Post Malone",Fortnight (feat. Post Malone),1,22,10,23768623,False,2,Rất cao,Trung hạn
5020,21,Myles Smith,Stargazing,18,20,7,23621524,False,-1,Rất cao,Trung hạn
5021,22,Billie Eilish,CHIHIRO,5,15,6,22578506,False,-7,Rất cao,Trung hạn
5022,23,Taylor Swift,Cruel Summer,2,23,73,22324220,False,0,Rất cao,Dài hạn
5023,24,Harry Styles,As It Was,1,26,117,22264883,False,2,Rất cao,Dài hạn
5024,25,"Central Cee, Lil Baby",BAND4BAND (feat. Lil Baby),13,21,5,21280537,False,-4,Rất cao,Trung hạn
5025,26,"The Weeknd, JENNIE, Lily-Rose Depp","One Of The Girls (with JENNIE, Lily Rose Depp)",3,24,38,20674236,False,-2,Rất cao,Dài hạn
5026,27,Dasha,Austin (Boots Stop Workin'),20,28,16,20283148,False,1,Rất cao,Dài hạn
5027,28,"Rvssian, Rauw Alejandro, Ayra Starr",Santa,14,25,10,19835803,False,-3,Rất cao,Trung hạn
5028,29,"Feid, ATL Jacob",LUNA,9,32,29,19054863,False,3,Rất cao,Dài hạn
5029,30,The Neighbourhood,Sweater Weather,19,30,200,18501455,False,0,Rất cao,Dài hạn
5030,31,Mark Ambor,Belong Together,19,31,13,17956938,False,0,Rất cao,Dài hạn
5031,32,Bruno Mars,Locked out of Heaven,32,48,107,16980753,False,16,Rất cao,Dài hạn
5032,33,Arctic Monkeys,I Wanna Be Yours,15,35,103,16942834,False,2,Rất cao,Dài hạn
5033,34,"David Guetta, OneRepublic",I Don't Wanna Wait,34,46,11,16889224,False,12,Rất cao,Trung hạn
5034,35,Coldplay,Yellow,35,45,184,16856901,False,10,Rất cao,Dài hạn
5035,36,Lord Huron,The Night We Met,28,34,88,16692630,False,-2,Rất cao,Dài hạn
5036,37,"Post Malone, Blake Shelton",Pour Me A Drink (Feat. Blake Shelton),37,-1,1,16570654,True,-38,Rất cao,Ngắn hạn
5037,38,Taylor Swift,I Can Do It With a Broken Heart,5,37,10,16457283,False,-1,Rất cao,Trung hạn
5038,39,Benson Boone,Slow It Down,27,27,14,16346181,False,-12,Rất cao,Dài hạn
5039,40,Sabrina Carpenter,Feather,34,43,30,16230347,False,3,Rất cao,Dài hạn
5040,41,"Future, Metro Boomin, Kendrick Lamar",Like That,4,50,14,16204403,False,9,Rất cao,Dài hạn
5041,42,Vance Joy,Riptide,30,39,176,16087874,False,-3,Rất cao,Dài hạn
5042,43,Sabrina Carpenter,Nonsense,17,56,75,15521371,False,13,Rất cao,Dài hạn
5043,44,Jimin,Like Crazy,15,53,66,15421128,False,9,Rất cao,Dài hạn
5044,45,Cris Mj,SI NO ES CONTIGO,33,33,5,15254159,False,-12,Rất cao,Trung hạn
5045,46,Noah Kahan,Stick Season,6,41,38,15245531,False,-5,Rất cao,Dài hạn
5046,47,"Gracie Abrams, Taylor Swift",us. (feat. Taylor Swift),47,-1,1,15163955,True,-48,Rất cao,Ngắn hạn
5047,48,"Luis R Conriquez, Neton Vega",Si No Quieres No,28,36,11,15149123,False,-12,Rất cao,Trung hạn
5048,49,SZA,Saturn,17,42,18,14973593,False,-7,Cao,Dài hạn
5049,50,"Travis Scott, Playboi Carti",FE!N (feat. Playboi Carti),5,49,41,14755593,False,-1,Cao,Dài hạn
5050,51,SZA,Kill Bill,1,58,81,14744880,False,7,Cao,Dài hạn
5051,52,Feid,SORRY 4 THAT MUCH,38,38,3,14555355,False,-14,Cao,Ngắn hạn
5052,53,Tommy Richman,DEVIL IS A LIE,53,137,2,14524944,False,84,Cao,Ngắn hạn
5053,54,Tate McRae,greedy,1,47,41,14366789,False,-7,Cao,Dài hạn
5054,55,Bruno Mars,Just the Way You Are,39,62,77,14287187,False,7,Cao,Dài hạn
5055,56,"Jung Kook, Latto",Seven (feat. Latto) (Explicit Ver.),1,51,50,14279092,False,-5,Cao,Dài hạn
5056,57,Chappell Roan,HOT TO GO!,57,106,2,14277554,False,49,Cao,Ngắn hạn
5057,58,Miley Cyrus,Flowers,1,59,76,14244358,False,1,Cao,Dài hạn
5058,59,"Tyler, The Creator, Kali Uchis",See You Again (feat. Kali Uchis),16,57,70,14167595,False,-2,Cao,Dài hạn
5059,60,Ariana Grande,the boy is mine,11,74,12,13811177,False,14,Cao,Trung hạn
5060,61,Billie Eilish,WILDFLOWER,15,40,6,13772092,False,-21,Cao,Trung hạn
5061,62,Zach Bryan,Pink Skies,21,29,5,13615232,False,-33,Cao,Trung hạn
5062,63,Manuel Turizo,La Bachata,4,64,104,13601335,False,1,Cao,Dài hạn
5063,64,CYRIL,Stumblin' In,64,72,14,13459835,False,8,Cao,Dài hạn
5064,65,ILLIT,Magnetic,11,52,14,13448128,False,-13,Cao,Dài hạn
5065,66,Richy Mitch & The Coal Miners,Evergreen,40,63,24,13275632,False,-3,Cao,Dài hạn
5066,67,Gracie Abrams,Close To You,60,69,3,12940513,False,2,Cao,Ngắn hạn
5067,68,Tom Odell,Another Love,15,60,168,12920864,False,-8,Cao,Dài hạn
5068,69,"Jaxomy, Agatino Romero, Raffaella Carrà",Pedro,29,67,11,12884039,False,-2,Cao,Trung hạn
5069,70,SZA,Snooze,27,65,79,12598696,False,-5,Cao,Dài hạn
5070,71,"Oscar Maydon, Junior H",Volver Al Futuro,44,44,4,12585203,False,-27,Cao,Ngắn hạn
5071,72,"The Weeknd, Daft Punk",Starboy,1,73,195,12559426,False,1,Cao,Dài hạn
5072,73,"Myke Towers, Bad Bunny",ADIVINO,20,71,9,12468388,False,-2,Cao,Trung hạn
5073,74,Michael Marcagi,Scared To Start,25,70,21,12460655,False,-4,Cao,Dài hạn
5074,75,"Mustard, Travis Scott",Parking Lot,75,-1,1,12448530,True,-76,Cao,Ngắn hạn
5075,76,The Weeknd,Blinding Lights,1,76,239,12426529,False,0,Cao,Dài hạn
5076,77,Billie Eilish,BLUE,17,54,6,12406541,False,-23,Cao,Trung hạn
5077,78,Mitski,My Love Mine All Mine,3,61,40,12380067,False,-17,Cao,Dài hạn
5078,79,Billie Eilish,L’AMOUR DE MA VIE,19,55,6,12270496,False,-24,Cao,Trung hạn
5079,80,Chappell Roan,Red Wine Supernova,80,118,3,12240214,False,38,Cao,Ngắn hạn
5080,81,"Zach Bryan, Kacey Musgraves",I Remember Everything (feat. Kacey Musgraves),20,68,44,12141546,False,-13,Cao,Dài hạn
5081,82,OneRepublic,I Ain't Worried,7,87,108,12086845,False,5,Cao,Dài hạn
5082,83,"The Chainsmokers, Coldplay",Something Just Like This,2,94,213,12015201,False,11,Cao,Dài hạn
5083,84,"Peso Pluma, Natanael Cano, Gabito Ballesteros",VINO TINTO,84,-1,1,11695506,True,-85,Cao,Ngắn hạn
5084,85,Tinashe,Nasty,80,80,3,11621287,False,-5,Cao,Ngắn hạn
5085,86,Coldplay,feelslikeimfallinginlove - Single Version,86,-1,1,11576144,True,-87,Cao,Ngắn hạn
5086,87,Harry Styles,Watermelon Sugar,4,99,220,11541506,False,12,Cao,Dài hạn
5087,88,The Walters,I Love You So,21,84,111,11447764,False,-4,Cao,Dài hạn
5088,89,Eminem,Without Me,31,77,144,11443896,False,-12,Cao,Dài hạn
5089,90,Creedence Clearwater Revival,Have You Ever Seen The Rain,82,82,45,11433260,False,-8,Cao,Dài hạn
5090,91,"David Guetta, Bebe Rexha",I'm Good (Blue),2,83,96,11362058,False,-8,Cao,Dài hạn
5091,92,"Don Omar, Lucenzo",Danza Kuduro,91,91,40,11336952,False,-1,Cao,Dài hạn
5092,93,The Goo Goo Dolls,Iris,88,88,43,11332676,False,-5,Cao,Dài hạn
5093,94,"Post Malone, Swae Lee",Sunflower - Spider-Man: Into the Spider-Verse,1,93,290,11300327,False,-1,Cao,Dài hạn
5094,95,Gunna,fukumean,9,110,44,11105375,False,15,Trung bình,Dài hạn
5095,96,Kendrick Lamar,euphoria,4,120,9,11092395,False,24,Trung bình,Trung hạn
5096,97,"KAROL G, Peso Pluma",QLONA,5,131,46,11067855,False,34,Trung bình,Dài hạn
5097,98,"Charli xcx, Lorde","Girl, so confusing featuring lorde",98,-1,1,11036482,True,-99,Trung bình,Ngắn hạn
5098,99,Glass Animals,Heat Waves,1,81,176,11029691,False,-18,Trung bình,Dài hạn
5099,100,"Shakira, Wyclef Jean",Hips Don't Lie (feat. Wyclef Jean),100,160,11,11008776,False,60,Trung bình,Trung hạn
5100,101,"French Montana, Swae Lee",Unforgettable,3,113,95,10955369,False,12,Trung bình,Dài hạn
5101,102,Journey,Don't Stop Believin' (2022 Remaster),90,90,17,10853061,False,-12,Trung bình,Dài hạn
5102,103,Lewis Capaldi,Someone You Loved,4,95,285,10849174,False,-8,Trung bình,Dài hạn
5103,104,"The Kid LAROI, Justin Bieber",STAY (with Justin Bieber),1,97,146,10771716,False,-7,Trung bình,Dài hạn
5104,105,"Macklemore, Ryan Lewis, Macklemore & Ryan Lewis, Ray Dalton",Can't Hold Us (feat. Ray Dalton),86,100,120,10744112,False,-5,Trung bình,Dài hạn
5105,106,Coldplay,Viva La Vida,53,117,96,10677801,False,11,Trung bình,Dài hạn
5106,107,Charli xcx,360,107,126,3,10587270,False,19,Trung bình,Ngắn hạn
5107,108,Jung Kook,Standing Next to You,1,75,33,10568438,False,-33,Trung bình,Dài hạn
5108,109,"Future, Metro Boomin, Travis Scott, Playboi Carti",Type Shit,11,86,14,10540515,False,-23,Trung bình,Dài hạn
5109,110,"cassö, RAYE, D-Block Europe",Prada,17,103,45,10517597,False,-7,Trung bình,Dài hạn
5110,111,The Weeknd,Die For You,12,101,124,10509103,False,-10,Trung bình,Dài hạn
5111,112,The Police,Every Breath You Take,77,109,133,10471261,False,-3,Trung bình,Dài hạn
5112,113,Natasha Bedingfield,Unwritten,16,102,24,10449897,False,-11,Trung bình,Dài hạn
5113,114,"Natanael Cano, Oscar Maydon",Madonna,18,79,16,10437278,False,-35,Trung bình,Dài hạn
5114,115,Taylor Swift,Down Bad,2,89,10,10432128,False,-26,Trung bình,Trung hạn
5115,116,Taylor Swift,Guilty as Sin?,14,92,10,10430222,False,-24,Trung bình,Trung hạn
5116,117,Coldplay,A Sky Full of Stars,117,125,8,10426227,False,8,Trung bình,Trung hạn
5117,118,OneRepublic,Counting Stars,86,108,167,10381984,False,-10,Trung bình,Dài hạn
5118,119,"Drake, Wizkid, Kyla",One Dance,12,138,200,10363026,False,19,Trung bình,Dài hạn
5119,120,Frank Ocean,Pink + White,69,115,58,10353550,False,-5,Trung bình,Dài hạn
5120,121,"Adam Port, Stryv, Keinemusik, Orso, Malachiii",Move,121,161,2,10337131,False,40,Trung bình,Ngắn hạn
5121,122,Ruth B.,Dandelions,34,130,147,10268270,False,8,Trung bình,Dài hạn
5122,123,V,Love Me Again,11,122,46,10259344,False,-1,Trung bình,Dài hạn
5123,124,"Bad Bunny, Feid",PERRO NEGRO,4,129,37,10250940,False,5,Trung bình,Dài hạn
5124,125,Dua Lipa,Training Season,15,127,19,10228302,False,2,Trung bình,Dài hạn
5125,126,SZA,Nobody Gets Me,12,85,23,10199941,False,-41,Trung bình,Dài hạn
5126,127,Hotel Ugly,Shut up My Moms Calling,78,78,77,10185818,False,-49,Trung bình,Dài hạn
5127,128,Tyla,Water,12,112,40,10185644,False,-16,Trung bình,Dài hạn
5128,129,Beyoncé,TEXAS HOLD 'EM,2,96,20,10153288,False,-33,Trung bình,Dài hạn
5129,130,Lana Del Rey,Summertime Sadness,83,133,98,10147545,False,3,Trung bình,Dài hạn
5130,131,Plan B,Es un Secreto,129,139,34,10127339,False,8,Trung bình,Dài hạn
5131,132,Linkin Park,In the End,22,114,51,10073374,False,-18,Trung bình,Dài hạn
5132,133,"Disturbed, CYRIL",The Sound of Silence - CYRIL Remix,106,128,11,10005288,False,-5,Trung bình,Trung hạn
5133,134,Xavi,La Diabla,1,123,29,9994661,False,-11,Trung bình,Dài hạn
5134,135,"Pitbull, AFROJACK, Ne-Yo, Nayer",Give Me Everything (feat. Nayer),127,147,7,9992971,False,12,Trung bình,Trung hạn
5135,136,"Rihanna, Calvin Harris",We Found Love,59,159,69,9980399,False,23,Trung bình,Dài hạn
5136,137,One Direction,Night Changes,79,107,87,9971645,False,-30,Trung bình,Dài hạn
5137,138,James Arthur,Say You Won't Let Go,7,98,312,9888653,False,-40,Trung bình,Dài hạn
5138,139,KAROL G,AMARGURA,53,193,58,9873712,False,54,Trung bình,Dài hạn
5139,140,Tears For Fears,Everybody Wants To Rule The World,91,150,92,9872540,False,10,Trung bình,Dài hạn
5140,141,Morgan Wallen,Last Night,14,116,70,9831876,False,-25,Trung bình,Dài hạn
5141,142,Arctic Monkeys,505,43,134,129,9819706,False,-8,Trung bình,Dài hạn
5142,143,"Kendrick Lamar, SZA",All The Stars (with SZA),2,169,56,9818214,False,26,Trung bình,Dài hạn
5143,144,Keane,Somewhere Only We Know,80,140,88,9803430,False,-4,Trung bình,Dài hạn
5144,145,The Kid LAROI,NIGHTS LIKE THIS,145,-1,1,9753705,True,-146,Trung bình,Ngắn hạn
5145,146,"Dimitri Vegas & Like Mike, Tiësto, Dido, W&W, Dimitri Vegas, Like Mike",Thank You (Not So Bad),146,185,15,9747370,False,39,Trung bình,Dài hạn
5146,147,Miguel,Sure Thing,14,157,67,9746891,False,10,Trung bình,Dài hạn
5147,148,Jordan Adetunji,KEHLANI,148,-1,1,9724756,True,-149,Trung bình,Ngắn hạn
5148,149,Doja Cat,Paint The Town Red,1,143,47,9676157,False,-6,Trung bình,Dài hạn
5149,150,The Killers,Mr. Brightside,94,145,130,9641559,False,-5,Thấp,Dài hạn
5150,151,Hozier,Take Me To Church,108,121,147,9515920,False,-30,Thấp,Dài hạn
5151,152,Billie Eilish,"What Was I Made For? [From The Motion Picture ""Barbie""]",3,104,50,9508559,False,-48,Thấp,Dài hạn
5152,153,TV Girl,Lovers Rock,100,164,53,9436712,False,11,Thấp,Dài hạn
5153,154,WALK THE MOON,Shut Up and Dance,154,165,8,9414775,False,11,Thấp,Trung hạn
5154,155,aespa,Supernova,49,124,6,9374381,False,-31,Thấp,Trung hạn
5155,156,Linkin Park,Numb,34,153,26,9313395,False,-3,Thấp,Dài hạn
5156,157,"Kygo, Ava Max",Whatever,91,186,23,9308183,False,29,Thấp,Dài hạn
5157,158,Calvin Harris,Summer,158,200,3,9281722,False,42,Thấp,Ngắn hạn
5158,159,David Kushner,Daylight,5,141,63,9254520,False,-18,Thấp,Dài hạn
5159,160,AC/DC,Highway to Hell,149,149,15,9245187,False,-11,Thấp,Dài hạn
5160,161,The Outfield,Your Love,142,142,9,9232303,False,-19,Thấp,Trung hạn
5161,162,"Ram Sampath, Arijit Singh, Prashant Pandey","Sajni (From ""Laapataa Ladies"")",115,119,6,9207280,False,-43,Thấp,Trung hạn
5162,163,Cigarettes After Sex,Apocalypse,79,156,102,9181837,False,-7,Thấp,Dài hạn
5163,164,"Calle 24, Chino Pacas, Fuerza Regida",Que Onda,16,175,42,9168902,False,11,Thấp,Dài hạn
5164,165,"DJ TOPO, Seu Jorge, Mc Leozin, MC G15",MTG QUEM NÃO QUER SOU EU,49,132,6,9164086,False,-33,Thấp,Trung hạn
5165,166,Dua Lipa,Houdini,6,170,33,9158270,False,4,Thấp,Dài hạn
5166,167,"Billie Eilish, Khalid",lovely (with Khalid),24,136,323,9134334,False,-31,Thấp,Dài hạn
5167,168,Jung Kook,Never Let Go,21,66,3,9121355,False,-102,Thấp,Ngắn hạn
5168,169,Imagine Dragons,Believer,16,179,381,9114006,False,10,Thấp,Dài hạn
5169,170,AC/DC,You Shook Me All Night Long,170,192,2,9112819,False,22,Thấp,Ngắn hạn
5170,171,Lithe,Fall Back,76,105,6,9078086,False,-66,Thấp,Trung hạn
5171,172,"Earth, Wind & Fire",September,132,183,14,9074319,False,11,Thấp,Dài hạn
5172,173,"Morgan Wallen, ERNEST",Cowgirls (feat. ERNEST),173,176,3,9058096,False,3,Thấp,Ngắn hạn
5173,174,Travis Scott,goosebumps,13,173,253,9041391,False,-1,Thấp,Dài hạn
5174,175,"¥$, Kanye West, Ty Dolla $ign",CARNIVAL,2,158,20,9038123,False,-17,Thấp,Dài hạn
5175,176,Imagine Dragons,Demons,111,167,83,9002731,False,-9,Thấp,Dài hạn
5176,177,Dominic Fike,Babydoll,158,180,9,8989173,False,3,Thấp,Trung hạn
5177,178,Ariana Grande,intro (end of the world),25,152,16,8972253,False,-26,Thấp,Dài hạn
5178,179,"Elton John, Dua Lipa, PNAU",Cold Heart - PNAU Remix,4,196,138,8967170,False,17,Thấp,Dài hạn
5179,180,"The Weeknd, Playboi Carti, Madonna",Popular (with Playboi Carti & Madonna) - From The Idol Vol. 1 (Music from the HBO Original Series),12,177,56,8942399,False,-3,Thấp,Dài hạn
5180,181,Eminem,Mockingbird,24,151,85,8924822,False,-30,Thấp,Dài hạn
5181,182,A$AP Rocky,Sundress,161,-1,7,8921463,True,-183,Thấp,Trung hạn
5182,183,Olivia Rodrigo,vampire,1,154,52,8889603,False,-29,Thấp,Dài hạn
5183,184,aespa,Armageddon,78,111,4,8881227,False,-73,Thấp,Ngắn hạn
5184,185,Taylor Swift,Who’s Afraid of Little Old Me?,12,146,10,8875378,False,-39,Thấp,Trung hạn
5185,186,Avicii,Wake Me Up,13,198,99,8830649,False,12,Thấp,Dài hạn
5186,187,TOTO,Hold the Line,187,-1,1,8812670,True,-188,Thấp,Ngắn hạn
5187,188,Dua Lipa,Don't Start Now,2,-1,160,8796980,True,-189,Thấp,Dài hạn
5188,189,"Coolio, L.V.",Gangsta's Paradise,40,190,76,8781979,False,1,Thấp,Dài hạn
5189,190,The White Stripes,Seven Nation Army,146,182,7,8732472,False,-8,Thấp,Trung hạn
5190,191,d4vd,Romantic Homicide,17,155,87,8708881,False,-36,Thấp,Dài hạn
5191,192,Zach Bryan,Something in the Orange,57,178,77,8705896,False,-14,Thấp,Dài hạn
5192,193,Train,"Hey, Soul Sister",193,-1,1,8687655,True,-194,Thấp,Ngắn hạn
5193,194,"Young Miko, Feid",offline,68,199,11,8670857,False,5,Thấp,Trung hạn
5194,195,Gunna,one of wun,56,148,7,8669290,False,-47,Thấp,Trung hạn
5195,196,"Peso Pluma, Neton Vega",LA PATRULLA,196,-1,1,8644987,True,-197,Thấp,Ngắn hạn
5196,197,Maroon 5,Maps,171,-1,17,8640488,True,-198,Thấp,Dài hạn
5197,198,"Eurythmics, Annie Lennox, Dave Stewart",Sweet Dreams (Are Made of This) - 2005 Remaster,198,-1,1,8599235,True,-199,Thấp,Ngắn hạn
5198,199,"Kendrick Lamar, Jay Rock",Money Trees,62,-1,55,8587996,True,-200,Thấp,Dài hạn
5199,200,Creedence Clearwater Revival,Fortunate Son,158,-1,3,8575740,True,-201,Thấp,Ngắn hạn
5200,1,Sabrina Carpenter,Espresso,1,2,12,63308211,False,1,Rất cao,Trung hạn
5201,2,Sabrina Carpenter,Please Please Please,1,1,4,62589534,False,-1,Rất cao,Ngắn hạn
5202,3,Billie Eilish,BIRDS OF A FEATHER,3,3,7,57453416,False,0,Rất cao,Trung hạn
5203,4,"FloyyMenor, Cris Mj",Gata Only,3,5,21,41273523,False,1,Rất cao,Dài hạn
5204,5,Kendrick Lamar,Not Like Us,2,4,9,39905151,False,-1,Rất cao,Trung hạn
5205,6,Tommy Richman,MILLION DOLLAR BABY,1,6,10,37936404,False,0,Rất cao,Trung hạn
5206,7,Shaboozey,A Bar Song (Tipsy),7,9,12,36905565,False,2,Rất cao,Trung hạn
5207,8,Chappell Roan,"Good Luck, Babe!",8,11,12,35103731,False,3,Rất cao,Trung hạn
5208,9,Benson Boone,Beautiful Things,1,7,24,34879115,False,-2,Rất cao,Dài hạn
5209,10,Hozier,Too Sweet,2,8,15,32274453,False,-2,Rất cao,Dài hạn
5210,11,"Post Malone, Morgan Wallen",I Had Some Help (Feat. Morgan Wallen),3,10,8,31905194,False,-1,Rất cao,Trung hạn
5211,12,KAROL G,Si Antes Te Hubiera Conocido,12,16,2,31555985,False,4,Rất cao,Ngắn hạn
5212,13,"Jimin, Loco",Smeraldo Garden Marching Band (feat. Loco),13,-1,1,30973712,True,-14,Rất cao,Ngắn hạn
5213,14,LISA,Rockstar,14,-1,1,30595146,True,-15,Rất cao,Ngắn hạn
5214,15,Artemas,i like the way you kiss me,1,13,15,27072579,False,-2,Rất cao,Dài hạn
5215,16,Trueno,REAL GANGSTA LOVE,13,15,5,26441301,False,-1,Rất cao,Trung hạn
5216,17,Eminem,Houdini,2,12,5,25985599,False,-5,Rất cao,Trung hạn
5217,18,Billie Eilish,LUNCH,1,14,7,25111159,False,-4,Rất cao,Trung hạn
5218,19,Teddy Swims,Lose Control,5,18,34,23864326,False,-1,Rất cao,Dài hạn
5219,20,Djo,End of Beginning,3,17,20,23611604,False,-3,Rất cao,Dài hạn
5220,21,Myles Smith,Stargazing,18,21,8,23065612,False,0,Rất cao,Trung hạn
5221,22,Ariana Grande,we can't be friends (wait for your love),1,19,17,22850268,False,-3,Rất cao,Dài hạn
5222,23,"Taylor Swift, Post Malone",Fortnight (feat. Post Malone),1,20,11,22493153,False,-3,Rất cao,Trung hạn
5223,24,Harry Styles,As It Was,1,24,118,22050846,False,0,Rất cao,Dài hạn
5224,25,Taylor Swift,Cruel Summer,2,23,74,21488619,False,-2,Rất cao,Dài hạn
5225,26,"The Weeknd, JENNIE, Lily-Rose Depp","One Of The Girls (with JENNIE, Lily Rose Depp)",3,26,39,21194385,False,0,Rất cao,Dài hạn
5226,27,Billie Eilish,CHIHIRO,5,22,7,20701824,False,-5,Rất cao,Trung hạn
5227,28,The Neighbourhood,Sweater Weather,19,30,201,19455863,False,2,Rất cao,Dài hạn
5228,29,"Feid, ATL Jacob",LUNA,9,29,30,19272638,False,0,Rất cao,Dài hạn
5229,30,Dasha,Austin (Boots Stop Workin'),20,27,17,19262836,False,-3,Rất cao,Dài hạn
5230,31,"Rvssian, Rauw Alejandro, Ayra Starr",Santa,14,28,11,18899617,False,-3,Rất cao,Trung hạn
5231,32,"Central Cee, Lil Baby",BAND4BAND (feat. Lil Baby),13,25,6,18568507,False,-7,Rất cao,Trung hạn
5232,33,Mark Ambor,Belong Together,19,31,14,18211765,False,-2,Rất cao,Dài hạn
5233,34,Arctic Monkeys,I Wanna Be Yours,15,33,104,17829854,False,-1,Rất cao,Dài hạn
5234,35,Lord Huron,The Night We Met,28,36,89,17509857,False,1,Rất cao,Dài hạn
5235,36,"David Guetta, OneRepublic",I Don't Wanna Wait,34,34,12,17198457,False,-2,Rất cao,Trung hạn
5236,37,Jimin,Like Crazy,15,44,67,16492940,False,7,Rất cao,Dài hạn
5237,38,Cris Mj,SI NO ES CONTIGO,33,45,6,15844652,False,7,Rất cao,Trung hạn
5238,39,Tommy Richman,DEVIL IS A LIE,39,53,3,15602091,False,14,Rất cao,Ngắn hạn
5239,40,Feid,SORRY 4 THAT MUCH,38,52,4,15445602,False,12,Rất cao,Ngắn hạn
5240,41,Chappell Roan,HOT TO GO!,41,57,3,15354703,False,16,Rất cao,Ngắn hạn
5241,42,Benson Boone,Slow It Down,27,39,15,15244703,False,-3,Rất cao,Dài hạn
5242,43,"Jung Kook, Latto",Seven (feat. Latto) (Explicit Ver.),1,56,51,15162496,False,13,Rất cao,Dài hạn
5243,44,Taylor Swift,I Can Do It With a Broken Heart,5,38,11,15059643,False,-6,Rất cao,Trung hạn
5244,45,SZA,Kill Bill,1,51,82,15048369,False,6,Cao,Dài hạn
5245,46,"Future, Metro Boomin, Kendrick Lamar",Like That,4,41,15,14899920,False,-5,Cao,Dài hạn
5246,47,"Travis Scott, Playboi Carti",FE!N (feat. Playboi Carti),5,50,42,14861185,False,3,Cao,Dài hạn
5247,48,Coldplay,Yellow,35,35,185,14754519,False,-13,Cao,Dài hạn
5248,49,Sabrina Carpenter,Feather,34,40,31,14660323,False,-9,Cao,Dài hạn
5249,50,Noah Kahan,Stick Season,6,46,39,14503221,False,-4,Cao,Dài hạn
5250,51,Miley Cyrus,Flowers,1,58,77,14410662,False,7,Cao,Dài hạn
5251,52,"Tyler, The Creator, Kali Uchis",See You Again (feat. Kali Uchis),16,59,71,14276041,False,7,Cao,Dài hạn
5252,53,Coldplay,Viva La Vida,53,106,97,14248742,False,53,Cao,Dài hạn
5253,54,"Luis R Conriquez, Neton Vega",Si No Quieres No,28,48,12,14232766,False,-6,Cao,Trung hạn
5254,55,SZA,Saturn,17,49,19,14122760,False,-6,Cao,Dài hạn
5255,56,Sabrina Carpenter,Nonsense,17,43,76,14058756,False,-13,Cao,Dài hạn
5256,57,The Kid LAROI,NIGHTS LIKE THIS,57,145,2,13934978,False,88,Cao,Ngắn hạn
5257,58,Manuel Turizo,La Bachata,4,63,105,13924525,False,5,Cao,Dài hạn
5258,59,Vance Joy,Riptide,30,42,177,13898790,False,-17,Cao,Dài hạn
5259,60,Tate McRae,greedy,1,54,42,13770129,False,-6,Cao,Dài hạn
5260,61,Bruno Mars,Locked out of Heaven,32,32,108,13739723,False,-29,Cao,Dài hạn
5261,62,CYRIL,Stumblin' In,62,64,15,13602479,False,2,Cao,Dài hạn
5262,63,Tom Odell,Another Love,15,68,169,13302374,False,5,Cao,Dài hạn
5263,64,"Post Malone, Blake Shelton",Pour Me A Drink (Feat. Blake Shelton),37,37,2,13279673,False,-27,Cao,Ngắn hạn
5264,65,"The Weeknd, Daft Punk",Starboy,1,72,196,13101334,False,7,Cao,Dài hạn
5265,66,"Myke Towers, Bad Bunny",ADIVINO,20,73,10,12775896,False,7,Cao,Trung hạn
5266,67,Zach Bryan,Pink Skies,21,62,6,12730465,False,-5,Cao,Trung hạn
5267,68,OneRepublic,I Ain't Worried,7,82,109,12614930,False,14,Cao,Dài hạn
5268,69,"Adam Port, Stryv, Keinemusik, Orso, Malachiii",Move,69,121,3,12561021,False,52,Cao,Ngắn hạn
5269,70,Billie Eilish,WILDFLOWER,15,61,7,12542750,False,-9,Cao,Trung hạn
5270,71,ILLIT,Magnetic,11,65,15,12426839,False,-6,Cao,Dài hạn
5271,72,SZA,Snooze,27,70,80,12357842,False,-2,Cao,Dài hạn
5272,73,"Zach Bryan, Kacey Musgraves",I Remember Everything (feat. Kacey Musgraves),20,81,45,12308820,False,8,Cao,Dài hạn
5273,74,Richy Mitch & The Coal Miners,Evergreen,40,66,25,12293298,False,-8,Cao,Dài hạn
5274,75,The Weeknd,Blinding Lights,1,76,240,12229937,False,1,Cao,Dài hạn
5275,76,Mitski,My Love Mine All Mine,3,78,41,12066688,False,2,Cao,Dài hạn
5276,77,"The Chainsmokers, Coldplay",Something Just Like This,2,83,214,12000529,False,6,Cao,Dài hạn
5277,78,Jordan Adetunji,KEHLANI,78,148,2,11790451,False,70,Cao,Ngắn hạn
5278,79,Bruno Mars,Just the Way You Are,39,55,78,11786603,False,-24,Cao,Dài hạn
5279,80,The Walters,I Love You So,21,88,112,11739830,False,8,Cao,Dài hạn
5280,81,Michael Marcagi,Scared To Start,25,74,22,11727818,False,-7,Cao,Dài hạn
5281,82,Chappell Roan,Red Wine Supernova,80,80,4,11628147,False,-2,Cao,Ngắn hạn
5282,83,The Kid LAROI,GIRLS,83,-1,1,11590303,True,-84,Cao,Ngắn hạn
5283,84,Eminem,Without Me,31,89,145,11586846,False,5,Cao,Dài hạn
5284,85,"Jaxomy, Agatino Romero, Raffaella Carrà",Pedro,29,69,12,11572404,False,-16,Cao,Trung hạn
5285,86,Tinashe,Nasty,80,85,4,11512424,False,-1,Cao,Ngắn hạn
5286,87,"David Guetta, Bebe Rexha",I'm Good (Blue),2,91,97,11442043,False,4,Cao,Dài hạn
5287,88,Jung Kook,Standing Next to You,1,108,34,11342020,False,20,Cao,Dài hạn
5288,89,V,Love Me Again,11,123,47,11335642,False,34,Cao,Dài hạn
5289,90,"The Kid LAROI, Justin Bieber",STAY (with Justin Bieber),1,104,147,11334406,False,14,Cao,Dài hạn
5290,91,Natasha Bedingfield,Unwritten,16,113,25,11321510,False,22,Cao,Dài hạn
5291,92,Creedence Clearwater Revival,Have You Ever Seen The Rain,82,90,46,11303869,False,-2,Cao,Dài hạn
5292,93,The Goo Goo Dolls,Iris,88,93,44,11128707,False,0,Trung bình,Dài hạn
5293,94,"French Montana, Swae Lee",Unforgettable,3,101,96,11109866,False,7,Trung bình,Dài hạn
5294,95,Coldplay,A Sky Full of Stars,95,117,9,11108259,False,22,Trung bình,Trung hạn
5295,96,"Post Malone, Swae Lee",Sunflower - Spider-Man: Into the Spider-Verse,1,94,291,11103330,False,-2,Trung bình,Dài hạn
5296,97,"KAROL G, Peso Pluma",QLONA,5,97,47,11099427,False,0,Trung bình,Dài hạn
5297,98,Gunna,fukumean,9,95,45,11096094,False,-3,Trung bình,Dài hạn
5298,99,"Shakira, Wyclef Jean",Hips Don't Lie (feat. Wyclef Jean),99,100,12,11071838,False,1,Trung bình,Trung hạn
5299,100,Journey,Don't Stop Believin' (2022 Remaster),90,102,18,11040138,False,2,Trung bình,Dài hạn
5300,101,Billie Eilish,BLUE,17,77,7,11011018,False,-24,Trung bình,Trung hạn
5301,102,One Direction,Night Changes,79,137,88,11008341,False,35,Trung bình,Dài hạn
5302,103,Harry Styles,Watermelon Sugar,4,87,221,10986806,False,-16,Trung bình,Dài hạn
5303,104,Ariana Grande,the boy is mine,11,60,13,10977332,False,-44,Trung bình,Dài hạn
5304,105,Billie Eilish,L’AMOUR DE MA VIE,19,79,7,10893895,False,-26,Trung bình,Trung hạn
5305,106,Gracie Abrams,Close To You,60,67,4,10838047,False,-39,Trung bình,Ngắn hạn
5306,107,Lewis Capaldi,Someone You Loved,4,103,286,10807146,False,-4,Trung bình,Dài hạn
5307,108,"Sevdaliza, Pabllo Vittar, Yseult",Alibi (with Pabllo Vittar & Yseult),108,-1,1,10781968,True,-109,Trung bình,Ngắn hạn
5308,109,Plan B,Es un Secreto,109,131,35,10750160,False,22,Trung bình,Dài hạn
5309,110,"Macklemore, Ryan Lewis, Macklemore & Ryan Lewis, Ray Dalton",Can't Hold Us (feat. Ray Dalton),86,105,121,10689245,False,-5,Trung bình,Dài hạn
5310,111,a-ha,Take on Me,83,-1,38,10683956,True,-112,Trung bình,Dài hạn
5311,112,"Don Omar, Lucenzo",Danza Kuduro,91,92,41,10677639,False,-20,Trung bình,Dài hạn
5312,113,James Arthur,Say You Won't Let Go,7,138,313,10660609,False,25,Trung bình,Dài hạn
5313,114,The Police,Every Breath You Take,77,112,134,10646796,False,-2,Trung bình,Dài hạn
5314,115,Hotel Ugly,Shut up My Moms Calling,78,127,78,10640082,False,12,Trung bình,Dài hạn
5315,116,Linkin Park,In the End,22,132,52,10625616,False,16,Trung bình,Dài hạn
5316,117,The Weeknd,Die For You,12,111,125,10599883,False,-6,Trung bình,Dài hạn
5317,118,Lana Del Rey,Summertime Sadness,83,130,99,10583811,False,12,Trung bình,Dài hạn
5318,119,SZA,Nobody Gets Me,12,126,24,10522387,False,7,Trung bình,Dài hạn
5319,120,Glass Animals,Heat Waves,1,99,177,10482486,False,-21,Trung bình,Dài hạn
5320,121,"Drake, Wizkid, Kyla",One Dance,12,119,201,10471869,False,-2,Trung bình,Dài hạn
5321,122,OneRepublic,Counting Stars,86,118,168,10456373,False,-4,Trung bình,Dài hạn
5322,123,"Oscar Maydon, Junior H",Volver Al Futuro,44,71,5,10440490,False,-52,Trung bình,Trung hạn
5323,124,Dua Lipa,Training Season,15,125,20,10428587,False,1,Trung bình,Dài hạn
5324,125,Frank Ocean,Pink + White,69,120,59,10422863,False,-5,Trung bình,Dài hạn
5325,126,"Future, Metro Boomin, Travis Scott, Playboi Carti",Type Shit,11,109,15,10412410,False,-17,Trung bình,Dài hạn
5326,127,Charli xcx,360,107,107,4,10283723,False,-20,Trung bình,Ngắn hạn
5327,128,"Bad Bunny, Feid",PERRO NEGRO,4,124,38,10269516,False,-4,Trung bình,Dài hạn
5328,129,"Rihanna, Calvin Harris",We Found Love,59,136,70,10096453,False,7,Trung bình,Dài hạn
5329,130,"Blessd, Ovy On The Drums",Mírame,130,-1,1,10088687,True,-131,Trung bình,Ngắn hạn
5330,131,"Gracie Abrams, Taylor Swift",us. (feat. Taylor Swift),47,47,2,10065155,False,-84,Trung bình,Ngắn hạn
5331,132,Miguel,Sure Thing,14,147,68,10008065,False,15,Trung bình,Dài hạn
5332,133,"Mustard, Travis Scott",Parking Lot,75,75,2,9972592,False,-58,Trung bình,Ngắn hạn
5333,134,KAROL G,AMARGURA,53,139,59,9925083,False,5,Trung bình,Dài hạn
5334,135,Morgan Wallen,Last Night,14,141,71,9896578,False,6,Trung bình,Dài hạn
5335,136,Tears For Fears,Everybody Wants To Rule The World,91,140,93,9866962,False,4,Trung bình,Dài hạn
5336,137,"Peso Pluma, Natanael Cano, Gabito Ballesteros",VINO TINTO,84,84,2,9862769,False,-53,Trung bình,Ngắn hạn
5337,138,"Pitbull, AFROJACK, Ne-Yo, Nayer",Give Me Everything (feat. Nayer),127,135,8,9831690,False,-3,Trung bình,Trung hạn
5338,139,Keane,Somewhere Only We Know,80,144,89,9829105,False,5,Trung bình,Dài hạn
5339,140,Tyla,Water,12,128,41,9826942,False,-12,Trung bình,Dài hạn
5340,141,Travis Scott,goosebumps,13,174,254,9795129,False,33,Trung bình,Dài hạn
5341,142,"Billie Eilish, Khalid",lovely (with Khalid),24,167,324,9794097,False,25,Trung bình,Dài hạn
5342,143,Arctic Monkeys,505,43,142,130,9781287,False,-1,Trung bình,Dài hạn
5343,144,Billie Eilish,"What Was I Made For? [From The Motion Picture ""Barbie""]",3,152,51,9746851,False,8,Trung bình,Dài hạn
5344,145,Kendrick Lamar,euphoria,4,96,10,9710520,False,-49,Trung bình,Trung hạn
5345,146,"Kendrick Lamar, SZA",All The Stars (with SZA),2,143,57,9689516,False,-3,Trung bình,Dài hạn
5346,147,Hozier,Take Me To Church,108,151,148,9636161,False,4,Thấp,Dài hạn
5347,148,Dua Lipa,Houdini,6,166,34,9591850,False,18,Thấp,Dài hạn
5348,149,"Disturbed, CYRIL",The Sound of Silence - CYRIL Remix,106,133,12,9587191,False,-16,Thấp,Trung hạn
5349,150,David Kushner,Daylight,5,159,64,9575501,False,9,Thấp,Dài hạn
5350,151,"Natanael Cano, Oscar Maydon",Madonna,18,114,17,9553619,False,-37,Thấp,Dài hạn
5351,152,Taylor Swift,Down Bad,2,115,11,9541424,False,-37,Thấp,Trung hạn
5352,153,Taylor Swift,Guilty as Sin?,14,116,11,9536645,False,-37,Thấp,Trung hạn
5353,154,The Killers,Mr. Brightside,94,150,131,9515560,False,-4,Thấp,Dài hạn
5354,155,Imagine Dragons,Demons,111,176,84,9512476,False,21,Thấp,Dài hạn
5355,156,Jung Kook,Never Let Go,21,168,4,9510301,False,12,Thấp,Ngắn hạn
5356,157,TV Girl,Lovers Rock,100,153,54,9509458,False,-4,Thấp,Dài hạn
5357,158,"FloyyMenor, Lewis Somes",APAGA EL CEL,96,-1,4,9500995,True,-159,Thấp,Ngắn hạn
5358,159,"Peso Pluma, Neton Vega",LA PATRULLA,159,196,2,9483516,False,37,Thấp,Ngắn hạn
5359,160,Zach Bryan,Something in the Orange,57,192,78,9472226,False,32,Thấp,Dài hạn
5360,161,WALK THE MOON,Shut Up and Dance,154,154,9,9457374,False,-7,Thấp,Trung hạn
5361,162,Cigarettes After Sex,Apocalypse,79,163,103,9442112,False,1,Thấp,Dài hạn
5362,163,Chappell Roan,Pink Pony Club,163,-1,1,9414599,True,-164,Thấp,Ngắn hạn
5363,164,Beyoncé,TEXAS HOLD 'EM,2,129,21,9360396,False,-35,Thấp,Dài hạn
5364,165,The Outfield,Your Love,142,161,10,9297840,False,-4,Thấp,Trung hạn
5365,166,Xavi,La Diabla,1,134,30,9280019,False,-32,Thấp,Dài hạn
5366,167,AC/DC,Highway to Hell,149,160,16,9269435,False,-7,Thấp,Dài hạn
5367,168,Ruth B.,Dandelions,34,122,148,9259850,False,-46,Thấp,Dài hạn
5368,169,Creedence Clearwater Revival,Fortunate Son,158,200,4,9258708,False,31,Thấp,Ngắn hạn
5369,170,"Earth, Wind & Fire",September,132,172,15,9238606,False,2,Thấp,Dài hạn
5370,171,Coldplay,feelslikeimfallinginlove - Single Version,86,86,2,9238286,False,-85,Thấp,Ngắn hạn
5371,172,Doja Cat,Paint The Town Red,1,149,48,9214832,False,-23,Thấp,Dài hạn
5372,173,"Morgan Wallen, ERNEST",Cowgirls (feat. ERNEST),173,173,4,9201947,False,0,Thấp,Ngắn hạn
5373,174,Imagine Dragons,Believer,16,169,382,9124892,False,-5,Thấp,Dài hạn
5374,175,"Elton John, Dua Lipa, PNAU",Cold Heart - PNAU Remix,4,179,139,9069125,False,4,Thấp,Dài hạn
5375,176,"Coolio, L.V.",Gangsta's Paradise,40,189,77,9050671,False,13,Thấp,Dài hạn
5376,177,Miley Cyrus,Party In The U.S.A.,132,-1,5,9046660,True,-178,Thấp,Trung hạn
5377,178,Eminem,Mockingbird,24,181,86,9040279,False,3,Thấp,Dài hạn
5378,179,"Ram Sampath, Arijit Singh, Prashant Pandey","Sajni (From ""Laapataa Ladies"")",115,162,7,9007348,False,-17,Thấp,Trung hạn
5379,180,AC/DC,You Shook Me All Night Long,170,170,3,8997253,False,-10,Thấp,Ngắn hạn
5380,181,"Eurythmics, Annie Lennox, Dave Stewart",Sweet Dreams (Are Made of This) - 2005 Remaster,181,198,2,8969990,False,17,Thấp,Ngắn hạn
5381,182,Coldplay,The Scientist,134,-1,30,8948489,True,-183,Thấp,Dài hạn
5382,183,Calvin Harris,Summer,158,158,4,8944999,False,-25,Thấp,Ngắn hạn
5383,184,"cassö, RAYE, D-Block Europe",Prada,17,110,46,8920118,False,-74,Thấp,Dài hạn
5384,185,Jimin,Closer Than This,65,-1,4,8873579,True,-186,Thấp,Ngắn hạn
5385,186,aespa,Supernova,49,155,7,8866093,False,-31,Thấp,Trung hạn
5386,187,The Neighbourhood,Softcore,35,-1,39,8864405,True,-188,Thấp,Dài hạn
5387,188,Travis Scott,BUTTERFLY EFFECT,38,-1,73,8852153,True,-189,Thấp,Dài hạn
5388,189,Fleetwood Mac,Dreams - 2004 Remaster,20,-1,71,8849934,True,-190,Thấp,Dài hạn
5389,190,d4vd,Romantic Homicide,17,191,88,8827891,False,1,Thấp,Dài hạn
5390,191,XXXTENTACION,Revenge,63,-1,61,8800488,True,-192,Thấp,Dài hạn
5391,192,Myke Towers,LA FALDA,24,-1,25,8787892,True,-193,Thấp,Dài hạn
5392,193,V,FRI(END)S,15,-1,12,8774076,True,-194,Thấp,Trung hạn
5393,194,"Calle 24, Chino Pacas, Fuerza Regida",Que Onda,16,164,43,8725865,False,-30,Thấp,Dài hạn
5394,195,"The Weeknd, Playboi Carti, Madonna",Popular (with Playboi Carti & Madonna) - From The Idol Vol. 1 (Music from the HBO Original Series),12,180,57,8697166,False,-15,Thấp,Dài hạn
5395,196,Dominic Fike,Babydoll,158,177,10,8652262,False,-19,Thấp,Trung hạn
5396,197,Dua Lipa,Don't Start Now,2,188,161,8639466,False,-9,Thấp,Dài hạn
5397,198,Foster The People,Pumped Up Kicks,160,-1,7,8595096,True,-199,Thấp,Trung hạn
5398,199,Olivia Rodrigo,vampire,1,183,53,8586826,False,-16,Thấp,Dài hạn
5399,200,AC/DC,Thunderstruck,200,-1,1,8569575,True,-201,Thấp,Ngắn hạn
5400,1,Sabrina Carpenter,Espresso,1,1,13,58704777,False,0,Rất cao,Dài hạn
5401,2,Billie Eilish,BIRDS OF A FEATHER,2,3,8,57076517,False,1,Rất cao,Trung hạn
5402,3,Sabrina Carpenter,Please Please Please,1,2,5,54226821,False,-1,Rất cao,Trung hạn
5403,4,Kendrick Lamar,Not Like Us,2,5,10,44056041,False,1,Rất cao,Trung hạn
5404,5,"FloyyMenor, Cris Mj",Gata Only,3,4,22,39127542,False,-1,Rất cao,Dài hạn
5405,6,Shaboozey,A Bar Song (Tipsy),6,7,13,34807878,False,1,Rất cao,Dài hạn
5406,7,Tommy Richman,MILLION DOLLAR BABY,1,6,11,34569321,False,-1,Rất cao,Trung hạn
5407,8,Benson Boone,Beautiful Things,1,9,25,33896952,False,1,Rất cao,Dài hạn
5408,9,Chappell Roan,"Good Luck, Babe!",8,8,13,33693846,False,-1,Rất cao,Dài hạn
5409,10,KAROL G,Si Antes Te Hubiera Conocido,10,12,3,32925540,False,2,Rất cao,Ngắn hạn
5410,11,Hozier,Too Sweet,2,10,16,31707566,False,-1,Rất cao,Dài hạn
5411,12,"Post Malone, Morgan Wallen",I Had Some Help (Feat. Morgan Wallen),3,11,9,29353735,False,-1,Rất cao,Trung hạn
5412,13,Artemas,i like the way you kiss me,1,15,16,25027504,False,2,Rất cao,Dài hạn
5413,14,LISA,Rockstar,14,14,2,24539989,False,0,Rất cao,Ngắn hạn
5414,15,Trueno,REAL GANGSTA LOVE,13,16,6,23680456,False,1,Rất cao,Trung hạn
5415,16,Eminem,Houdini,2,17,6,22912050,False,1,Rất cao,Trung hạn
5416,17,Djo,End of Beginning,3,20,21,22843823,False,3,Rất cao,Dài hạn
5417,18,Billie Eilish,LUNCH,1,18,8,22774991,False,0,Rất cao,Trung hạn
5418,19,Myles Smith,Stargazing,18,21,9,22505715,False,2,Rất cao,Trung hạn
5419,20,Teddy Swims,Lose Control,5,19,35,22406178,False,-1,Rất cao,Dài hạn
5420,21,"Quavo, Lana Del Rey",Tough,21,-1,1,22087923,True,-22,Rất cao,Ngắn hạn
5421,22,"Taylor Swift, Post Malone",Fortnight (feat. Post Malone),1,23,12,22086370,False,1,Rất cao,Trung hạn
5422,23,Ariana Grande,we can't be friends (wait for your love),1,22,18,21760816,False,-1,Rất cao,Dài hạn
5423,24,"Jimin, Loco",Smeraldo Garden Marching Band (feat. Loco),13,13,2,20820210,False,-11,Rất cao,Ngắn hạn
5424,25,Taylor Swift,Cruel Summer,2,25,75,20698357,False,0,Rất cao,Dài hạn
5425,26,"The Weeknd, JENNIE, Lily-Rose Depp","One Of The Girls (with JENNIE, Lily Rose Depp)",3,26,40,20550391,False,0,Rất cao,Dài hạn
5426,27,Harry Styles,As It Was,1,24,119,20269010,False,-3,Rất cao,Dài hạn
5427,28,Lord Huron,The Night We Met,28,35,90,19509774,False,7,Rất cao,Dài hạn
5428,29,Billie Eilish,CHIHIRO,5,27,8,19242416,False,-2,Rất cao,Trung hạn
5429,30,Dasha,Austin (Boots Stop Workin'),20,30,18,18362738,False,0,Rất cao,Dài hạn
5430,31,"Feid, ATL Jacob",LUNA,9,29,31,17708217,False,-2,Rất cao,Dài hạn
5431,32,"Central Cee, Lil Baby",BAND4BAND (feat. Lil Baby),13,32,7,17549061,False,0,Rất cao,Trung hạn
5432,33,The Neighbourhood,Sweater Weather,19,28,202,17442554,False,-5,Rất cao,Dài hạn
5433,34,Mark Ambor,Belong Together,19,33,15,17431683,False,-1,Rất cao,Dài hạn
5434,35,Arctic Monkeys,I Wanna Be Yours,15,34,105,17409029,False,-1,Rất cao,Dài hạn
5435,36,"Rvssian, Rauw Alejandro, Ayra Starr",Santa,14,31,12,16791897,False,-5,Rất cao,Trung hạn
5436,37,Coldplay,Viva La Vida,37,53,98,15702365,False,16,Rất cao,Dài hạn
5437,38,"Adam Port, Stryv, Keinemusik, Orso, Malachiii",Move,38,69,4,15646691,False,31,Rất cao,Ngắn hạn
5438,39,"David Guetta, OneRepublic",I Don't Wanna Wait,34,36,13,15635279,False,-3,Rất cao,Dài hạn
5439,40,"Jung Kook, Latto",Seven (feat. Latto) (Explicit Ver.),1,43,52,15561993,False,3,Rất cao,Dài hạn
5440,41,Tommy Richman,DEVIL IS A LIE,39,39,4,15389982,False,-2,Rất cao,Ngắn hạn
5441,42,Morgan Wallen,Lies Lies Lies,42,-1,1,15383515,True,-43,Rất cao,Ngắn hạn
5442,43,Chappell Roan,HOT TO GO!,41,41,4,15048927,False,-2,Cao,Ngắn hạn
5443,44,"Sevdaliza, Pabllo Vittar, Yseult",Alibi (with Pabllo Vittar & Yseult),44,108,2,14958194,False,64,Cao,Ngắn hạn
5444,45,Cris Mj,SI NO ES CONTIGO,33,38,7,14700120,False,-7,Cao,Trung hạn
5445,46,Benson Boone,Slow It Down,27,42,16,14682990,False,-4,Cao,Dài hạn
5446,47,"Future, Metro Boomin, Kendrick Lamar",Like That,4,46,16,14655827,False,-1,Cao,Dài hạn
5447,48,"Travis Scott, Playboi Carti",FE!N (feat. Playboi Carti),5,47,43,14584956,False,-1,Cao,Dài hạn
5448,49,Noah Kahan,Stick Season,6,50,40,14525443,False,1,Cao,Dài hạn
5449,50,"Tyler, The Creator, Kali Uchis",See You Again (feat. Kali Uchis),16,52,72,14459416,False,2,Cao,Dài hạn
5450,51,"Luis R Conriquez, Neton Vega",Si No Quieres No,28,54,13,13957525,False,3,Cao,Dài hạn
5451,52,"Eminem, Big Sean, BabyTron",Tobey (feat. Big Sean and BabyTron),52,-1,1,13882027,True,-53,Cao,Ngắn hạn
5452,53,Taylor Swift,I Can Do It With a Broken Heart,5,44,12,13862630,False,-9,Cao,Trung hạn
5453,54,Tom Odell,Another Love,15,63,170,13796656,False,9,Cao,Dài hạn
5454,55,SZA,Saturn,17,55,20,13777878,False,0,Cao,Dài hạn
5455,56,SZA,Kill Bill,1,45,83,13743498,False,-11,Cao,Dài hạn
5456,57,The Kid LAROI,NIGHTS LIKE THIS,57,57,3,13526640,False,0,Cao,Ngắn hạn
5457,58,Miley Cyrus,Flowers,1,51,78,13509487,False,-7,Cao,Dài hạn
5458,59,Zach Bryan,28,59,-1,1,13429651,True,-60,Cao,Ngắn hạn
5459,60,CYRIL,Stumblin' In,60,62,16,13333031,False,2,Cao,Dài hạn
5460,61,Tate McRae,greedy,1,60,43,13273730,False,-1,Cao,Dài hạn
5461,62,"Blessd, Ovy On The Drums",Mírame,62,130,2,13238063,False,68,Cao,Ngắn hạn
5462,63,Jimin,Like Crazy,15,37,68,13197976,False,-26,Cao,Dài hạn
5463,64,Mitski,My Love Mine All Mine,3,76,42,13185644,False,12,Cao,Dài hạn
5464,65,"The Weeknd, Daft Punk",Starboy,1,65,197,13025920,False,0,Cao,Dài hạn
5465,66,Richy Mitch & The Coal Miners,Evergreen,40,74,26,13013655,False,8,Cao,Dài hạn
5466,67,Sabrina Carpenter,Feather,34,49,32,12963983,False,-18,Cao,Dài hạn
5467,68,Manuel Turizo,La Bachata,4,58,106,12955251,False,-10,Cao,Dài hạn
5468,69,Sabrina Carpenter,Nonsense,17,56,77,12867303,False,-13,Cao,Dài hạn
5469,70,Feid,SORRY 4 THAT MUCH,38,40,5,12684277,False,-30,Cao,Trung hạn
5470,71,"Megan Thee Stallion, Yuki Chiba",Mamushi (feat. Yuki Chiba),71,-1,1,12666193,True,-72,Cao,Ngắn hạn
5471,72,Zach Bryan,Pink Skies,21,67,7,12251206,False,-5,Cao,Trung hạn
5472,73,"Myke Towers, Bad Bunny",ADIVINO,20,66,11,12232846,False,-7,Cao,Trung hạn
5473,74,Coldplay,Yellow,35,48,186,12157015,False,-26,Cao,Dài hạn
5474,75,Jordan Adetunji,KEHLANI,75,78,3,12090204,False,3,Cao,Ngắn hạn
5475,76,"Zach Bryan, Kacey Musgraves",I Remember Everything (feat. Kacey Musgraves),20,73,46,12083462,False,-3,Cao,Dài hạn
5476,77,Billie Eilish,WILDFLOWER,15,70,8,12043764,False,-7,Cao,Trung hạn
5477,78,The Weeknd,Blinding Lights,1,75,241,11991246,False,-3,Cao,Dài hạn
5478,79,SZA,Snooze,27,72,81,11926758,False,-7,Cao,Dài hạn
5479,80,Vance Joy,Riptide,30,59,178,11715951,False,-21,Cao,Dài hạn
5480,81,"KAROL G, Peso Pluma",QLONA,5,97,48,11709988,False,16,Cao,Dài hạn
5481,82,V,Love Me Again,11,89,48,11691258,False,7,Cao,Dài hạn
5482,83,a-ha,Take on Me,83,111,39,11654522,False,28,Cao,Dài hạn
5483,84,ILLIT,Magnetic,11,71,16,11621364,False,-13,Cao,Dài hạn
5484,85,The Goo Goo Dolls,Iris,85,93,45,11529539,False,8,Cao,Dài hạn
5485,86,OneRepublic,I Ain't Worried,7,68,110,11490556,False,-18,Cao,Dài hạn
5486,87,Michael Marcagi,Scared To Start,25,81,23,11481952,False,-6,Cao,Dài hạn
5487,88,"The Chainsmokers, Coldplay",Something Just Like This,2,77,215,11468304,False,-11,Cao,Dài hạn
5488,89,Journey,Don't Stop Believin' (2022 Remaster),89,100,19,11464905,False,11,Cao,Dài hạn
5489,90,Natasha Bedingfield,Unwritten,16,91,26,11309319,False,1,Cao,Dài hạn
5490,91,One Direction,Night Changes,79,102,89,11265545,False,11,Cao,Dài hạn
5491,92,The Walters,I Love You So,21,80,113,11262248,False,-12,Cao,Dài hạn
5492,93,"FloyyMenor, Lewis Somes",APAGA EL CEL,93,158,5,11245146,False,65,Trung bình,Trung hạn
5493,94,"Don Omar, Lucenzo",Danza Kuduro,91,112,42,11198075,False,18,Trung bình,Dài hạn
5494,95,"David Guetta, Bebe Rexha",I'm Good (Blue),2,87,98,11195787,False,-8,Trung bình,Dài hạn
5495,96,"Post Malone, Swae Lee",Sunflower - Spider-Man: Into the Spider-Verse,1,96,292,11141880,False,0,Trung bình,Dài hạn
5496,97,Lewis Capaldi,Someone You Loved,4,107,287,11071455,False,10,Trung bình,Dài hạn
5497,98,"Peso Pluma, Neton Vega",LA PATRULLA,98,159,3,11060341,False,61,Trung bình,Ngắn hạn
5498,99,"The Kid LAROI, Justin Bieber",STAY (with Justin Bieber),1,90,148,11012601,False,-9,Trung bình,Dài hạn
5499,100,James Arthur,Say You Won't Let Go,7,113,314,10971310,False,13,Trung bình,Dài hạn
5500,101,Eminem,Without Me,31,84,146,10954522,False,-17,Trung bình,Dài hạn
5501,102,Tinashe,Nasty,80,86,5,10845798,False,-16,Trung bình,Trung hạn
5502,103,SZA,Nobody Gets Me,12,119,25,10786988,False,16,Trung bình,Dài hạn
5503,104,"Jaxomy, Agatino Romero, Raffaella Carrà",Pedro,29,85,13,10773374,False,-19,Trung bình,Dài hạn
5504,105,Frank Ocean,Pink + White,69,125,60,10720431,False,20,Trung bình,Dài hạn
5505,106,The Kid LAROI,GIRLS,83,83,2,10707532,False,-23,Trung bình,Ngắn hạn
5506,107,The Police,Every Breath You Take,77,114,135,10701282,False,7,Trung bình,Dài hạn
5507,108,Hotel Ugly,Shut up My Moms Calling,78,115,79,10691569,False,7,Trung bình,Dài hạn
5508,109,"Billie Eilish, Khalid",lovely (with Khalid),24,142,325,10678358,False,33,Trung bình,Dài hạn
5509,110,The Weeknd,Die For You,12,117,126,10640022,False,7,Trung bình,Dài hạn
5510,111,Harry Styles,Watermelon Sugar,4,103,222,10633051,False,-8,Trung bình,Dài hạn
5511,112,Chappell Roan,Red Wine Supernova,80,82,5,10632763,False,-30,Trung bình,Trung hạn
5512,113,Coldplay,A Sky Full of Stars,95,95,10,10619712,False,-18,Trung bình,Trung hạn
5513,114,Charli xcx,360,107,127,5,10615405,False,13,Trung bình,Trung hạn
5514,115,Linkin Park,In the End,22,116,53,10590366,False,1,Trung bình,Dài hạn
5515,116,Creedence Clearwater Revival,Have You Ever Seen The Rain,82,92,47,10500093,False,-24,Trung bình,Dài hạn
5516,117,"French Montana, Swae Lee",Unforgettable,3,94,97,10391455,False,-23,Trung bình,Dài hạn
5517,118,Ariana Grande,the boy is mine,11,104,14,10358198,False,-14,Trung bình,Dài hạn
5518,119,OneRepublic,Counting Stars,86,122,169,10335879,False,3,Trung bình,Dài hạn
5519,120,Bruno Mars,Locked out of Heaven,32,61,109,10326372,False,-59,Trung bình,Dài hạn
5520,121,"Shakira, Wyclef Jean",Hips Don't Lie (feat. Wyclef Jean),99,99,13,10308903,False,-22,Trung bình,Dài hạn
5521,122,Billie Eilish,"What Was I Made For? [From The Motion Picture ""Barbie""]",3,144,52,10267005,False,22,Trung bình,Dài hạn
5522,123,Lana Del Rey,Summertime Sadness,83,118,100,10255592,False,-5,Trung bình,Dài hạn
5523,124,Glass Animals,Heat Waves,1,120,178,10246649,False,-4,Trung bình,Dài hạn
5524,125,Jung Kook,Standing Next to You,1,88,35,10220261,False,-37,Trung bình,Dài hạn
5525,126,Gunna,fukumean,9,98,46,10217708,False,-28,Trung bình,Dài hạn
5526,127,Hozier,Take Me To Church,108,147,149,10162685,False,20,Trung bình,Dài hạn
5527,128,"Bad Bunny, Feid",PERRO NEGRO,4,128,39,10158733,False,0,Trung bình,Dài hạn
5528,129,Tears For Fears,Everybody Wants To Rule The World,91,136,94,10157169,False,7,Trung bình,Dài hạn
5529,130,"Drake, Wizkid, Kyla",One Dance,12,121,202,10047136,False,-9,Trung bình,Dài hạn
5530,131,KAROL G,AMARGURA,53,134,60,10015465,False,3,Trung bình,Dài hạn
5531,132,Morgan Wallen,Last Night,14,135,72,10001339,False,3,Trung bình,Dài hạn
5532,133,Plan B,Es un Secreto,109,109,36,9960428,False,-24,Trung bình,Dài hạn
5533,134,Billie Eilish,BLUE,17,101,8,9948337,False,-33,Trung bình,Trung hạn
5534,135,"Future, Metro Boomin, Travis Scott, Playboi Carti",Type Shit,11,126,16,9935519,False,-9,Trung bình,Dài hạn
5535,136,"Macklemore, Ryan Lewis, Macklemore & Ryan Lewis, Ray Dalton",Can't Hold Us (feat. Ray Dalton),86,110,122,9919796,False,-26,Trung bình,Dài hạn
5536,137,David Kushner,Daylight,5,150,65,9897080,False,13,Trung bình,Dài hạn
5537,138,Billie Eilish,L’AMOUR DE MA VIE,19,105,8,9868343,False,-33,Trung bình,Trung hạn
5538,139,Coldplay,The Scientist,134,182,31,9803085,False,43,Trung bình,Dài hạn
5539,140,"Oscar Maydon, Junior H",Volver Al Futuro,44,123,6,9800413,False,-17,Trung bình,Trung hạn
5540,141,Zach Bryan,Something in the Orange,57,160,79,9798784,False,19,Trung bình,Dài hạn
5541,142,Dua Lipa,Training Season,15,124,21,9774084,False,-18,Trung bình,Dài hạn
5542,143,"Post Malone, Blake Shelton",Pour Me A Drink (Feat. Blake Shelton),37,64,3,9773094,False,-79,Trung bình,Ngắn hạn
5543,144,Keane,Somewhere Only We Know,80,139,90,9662566,False,-5,Thấp,Dài hạn
5544,145,Kendrick Lamar,euphoria,4,145,11,9630929,False,0,Thấp,Trung hạn
5545,146,Myke Towers,LA FALDA,24,192,26,9627611,False,46,Thấp,Dài hạn
5546,147,"Kendrick Lamar, SZA",All The Stars (with SZA),2,146,58,9597226,False,-1,Thấp,Dài hạn
5547,148,Karan Aujla,"Tauba Tauba (From ""Bad Newz"")",148,-1,1,9586376,True,-149,Thấp,Ngắn hạn
5548,149,Arctic Monkeys,505,43,143,131,9571428,False,-6,Thấp,Dài hạn
5549,150,The Killers,Mr. Brightside,94,154,132,9541339,False,4,Thấp,Dài hạn
5550,151,Cigarettes After Sex,Apocalypse,79,162,104,9534608,False,11,Thấp,Dài hạn
5551,152,Tyla,Water,12,140,42,9481947,False,-12,Thấp,Dài hạn
5552,153,Miley Cyrus,Party In The U.S.A.,132,177,6,9481625,False,24,Thấp,Trung hạn
5553,154,"Rihanna, Calvin Harris",We Found Love,59,129,71,9410636,False,-25,Thấp,Dài hạn
5554,155,"Pitbull, AFROJACK, Ne-Yo, Nayer",Give Me Everything (feat. Nayer),127,138,9,9329886,False,-17,Thấp,Trung hạn
5555,156,Bruno Mars,Just the Way You Are,39,79,79,9323743,False,-77,Thấp,Dài hạn
5556,157,Chappell Roan,Pink Pony Club,157,163,2,9203058,False,6,Thấp,Ngắn hạn
5557,158,Creedence Clearwater Revival,Fortunate Son,158,169,5,9202079,False,11,Thấp,Trung hạn
5558,159,Eminem,Mockingbird,24,178,87,9161110,False,19,Thấp,Dài hạn
5559,160,Miguel,Sure Thing,14,132,69,9108651,False,-28,Thấp,Dài hạn
5560,161,Doja Cat,Paint The Town Red,1,172,49,9088253,False,11,Thấp,Dài hạn
5561,162,Imagine Dragons,Demons,111,155,85,9059539,False,-7,Thấp,Dài hạn
5562,163,Travis Scott,goosebumps,13,141,255,9056637,False,-22,Thấp,Dài hạn
5563,164,"Disturbed, CYRIL",The Sound of Silence - CYRIL Remix,106,149,13,9052188,False,-15,Thấp,Dài hạn
5564,165,Imagine Dragons,Believer,16,174,383,9046133,False,9,Thấp,Dài hạn
5565,166,TV Girl,Lovers Rock,100,157,55,9028683,False,-9,Thấp,Dài hạn
5566,167,Taylor Swift,Guilty as Sin?,14,153,12,8989491,False,-14,Thấp,Trung hạn
5567,168,Dua Lipa,Houdini,6,148,35,8981660,False,-20,Thấp,Dài hạn
5568,169,"Elton John, Dua Lipa, PNAU",Cold Heart - PNAU Remix,4,175,140,8955736,False,6,Thấp,Dài hạn
5569,170,"Natanael Cano, Oscar Maydon",Madonna,18,151,18,8937350,False,-19,Thấp,Dài hạn
5570,171,XXXTENTACION,Revenge,63,191,62,8935780,False,20,Thấp,Dài hạn
5571,172,"Earth, Wind & Fire",September,132,170,16,8898986,False,-2,Thấp,Dài hạn
5572,173,"Morgan Wallen, ERNEST",Cowgirls (feat. ERNEST),173,173,5,8870447,False,0,Thấp,Trung hạn
5573,174,Gracie Abrams,Close To You,60,106,5,8848557,False,-68,Thấp,Trung hạn
5574,175,Taylor Swift,Down Bad,2,152,12,8809059,False,-23,Thấp,Trung hạn
5575,176,AC/DC,Highway to Hell,149,167,17,8798449,False,-9,Thấp,Dài hạn
5576,177,Fleetwood Mac,Dreams - 2004 Remaster,20,189,72,8792728,False,12,Thấp,Dài hạn
5577,178,"Ram Sampath, Arijit Singh, Prashant Pandey","Sajni (From ""Laapataa Ladies"")",115,179,8,8769506,False,1,Thấp,Trung hạn
5578,179,The Outfield,Your Love,142,165,11,8768027,False,-14,Thấp,Trung hạn
5579,180,d4vd,Romantic Homicide,17,190,89,8741111,False,10,Thấp,Dài hạn
5580,181,Lana Del Rey,Young And Beautiful,181,-1,2,8710546,True,-182,Thấp,Ngắn hạn
5581,182,Bruno Mars,When I Was Your Man,38,-1,91,8632789,True,-183,Thấp,Dài hạn
5582,183,"Coolio, L.V.",Gangsta's Paradise,40,176,78,8617193,False,-7,Thấp,Dài hạn
5583,184,Dominic Fike,misses,184,-1,1,8615879,True,-185,Thấp,Ngắn hạn
5584,185,"Lost Frequencies, Calum Scott",Where Are You Now,18,-1,71,8565541,True,-186,Thấp,Dài hạn
5585,186,Avicii,Wake Me Up,13,-1,100,8564021,True,-187,Thấp,Dài hạn
5586,187,AC/DC,You Shook Me All Night Long,170,180,4,8556508,False,-7,Thấp,Ngắn hạn
5587,188,AC/DC,Thunderstruck,188,200,2,8513018,False,12,Thấp,Ngắn hạn
5588,189,Taylor Swift,Lover,2,-1,65,8502525,True,-190,Thấp,Dài hạn
5589,190,TOTO,Africa,137,-1,64,8482272,True,-191,Thấp,Dài hạn
5590,191,V,FRI(END)S,15,193,13,8470602,False,2,Thấp,Dài hạn
5591,192,WALK THE MOON,Shut Up and Dance,154,161,10,8462771,False,-31,Thấp,Trung hạn
5592,193,Calvin Harris,Summer,158,183,5,8458636,False,-10,Thấp,Trung hạn
5593,194,Radiohead,Creep,143,-1,34,8407704,True,-195,Thấp,Dài hạn
5594,195,Travis Scott,BUTTERFLY EFFECT,38,188,74,8386317,False,-7,Thấp,Dài hạn
5595,196,Kendrick Lamar,HUMBLE.,1,-1,99,8353137,True,-197,Thấp,Dài hạn
5596,197,Beyoncé,TEXAS HOLD 'EM,2,164,22,8314890,False,-33,Thấp,Dài hạn
5597,198,Olivia Rodrigo,vampire,1,199,54,8313481,False,1,Thấp,Dài hạn
5598,199,Dua Lipa,Don't Start Now,2,197,162,8300886,False,-2,Thấp,Dài hạn
5599,200,Dominic Fike,Babydoll,158,196,11,8294757,False,-4,Thấp,Trung hạn
5600,1,Billie Eilish,BIRDS OF A FEATHER,1,2,9,57773076,False,1,Rất cao,Trung hạn
5601,2,Sabrina Carpenter,Espresso,1,1,14,53226150,False,-1,Rất cao,Dài hạn
5602,3,Sabrina Carpenter,Please Please Please,1,3,6,51034465,False,0,Rất cao,Trung hạn
5603,4,Kendrick Lamar,Not Like Us,2,4,11,43075241,False,0,Rất cao,Trung hạn
5604,5,"FloyyMenor, Cris Mj",Gata Only,3,5,23,39189410,False,0,Rất cao,Dài hạn
5605,6,KAROL G,Si Antes Te Hubiera Conocido,6,10,4,35311853,False,4,Rất cao,Ngắn hạn
5606,7,Chappell Roan,"Good Luck, Babe!",7,9,14,35157285,False,2,Rất cao,Dài hạn
5607,8,Benson Boone,Beautiful Things,1,8,26,33761185,False,0,Rất cao,Dài hạn
5608,9,Tommy Richman,MILLION DOLLAR BABY,1,7,12,33381544,False,-2,Rất cao,Trung hạn
5609,10,Shaboozey,A Bar Song (Tipsy),6,6,14,33178574,False,-4,Rất cao,Dài hạn
5610,11,Eminem,Houdini,2,16,7,31239876,False,5,Rất cao,Trung hạn
5611,12,Hozier,Too Sweet,2,11,17,30250562,False,-1,Rất cao,Dài hạn
5612,13,"Post Malone, Morgan Wallen",I Had Some Help (Feat. Morgan Wallen),3,12,10,28870791,False,-1,Rất cao,Trung hạn
5613,14,"Sevdaliza, Pabllo Vittar, Yseult",Alibi (with Pabllo Vittar & Yseult),14,44,3,25295831,False,30,Rất cao,Ngắn hạn
5614,15,Teddy Swims,Lose Control,5,20,36,25072040,False,5,Rất cao,Dài hạn
5615,16,Artemas,i like the way you kiss me,1,13,17,23182700,False,-3,Rất cao,Dài hạn
5616,17,Myles Smith,Stargazing,17,19,10,23173238,False,2,Rất cao,Trung hạn
5617,18,Trueno,REAL GANGSTA LOVE,13,15,7,22504129,False,-3,Rất cao,Trung hạn
5618,19,Djo,End of Beginning,3,17,22,21916897,False,-2,Rất cao,Dài hạn
5619,20,Billie Eilish,LUNCH,1,18,9,21702702,False,-2,Rất cao,Trung hạn
5620,21,Harry Styles,As It Was,1,27,120,21676888,False,6,Rất cao,Dài hạn
5621,22,Taylor Swift,Cruel Summer,2,25,76,21454425,False,3,Rất cao,Dài hạn
5622,23,"Taylor Swift, Post Malone",Fortnight (feat. Post Malone),1,22,13,21302185,False,-1,Rất cao,Dài hạn
5623,24,LISA,Rockstar,14,14,3,20802307,False,-10,Rất cao,Ngắn hạn
5624,25,Ariana Grande,we can't be friends (wait for your love),1,23,19,20765441,False,-2,Rất cao,Dài hạn
5625,26,"The Weeknd, JENNIE, Lily-Rose Depp","One Of The Girls (with JENNIE, Lily Rose Depp)",3,26,41,19894767,False,0,Rất cao,Dài hạn
5626,27,Dasha,Austin (Boots Stop Workin'),20,30,19,19690035,False,3,Rất cao,Dài hạn
5627,28,Eminem,Renaissance,28,-1,1,19573901,True,-29,Rất cao,Ngắn hạn
5628,29,Lord Huron,The Night We Met,28,28,91,19232521,False,-1,Rất cao,Dài hạn
5629,30,"Eminem, White Gold",Habits,30,-1,1,18838907,True,-31,Rất cao,Ngắn hạn
5630,31,"Quavo, Lana Del Rey",Tough,21,21,2,18439548,False,-10,Rất cao,Ngắn hạn
5631,32,Billie Eilish,CHIHIRO,5,29,9,18431009,False,-3,Rất cao,Trung hạn
5632,33,"Adam Port, Stryv, Keinemusik, Orso, Malachiii",Move,33,38,5,18210808,False,5,Rất cao,Trung hạn
5633,34,Mark Ambor,Belong Together,19,34,16,17940325,False,0,Rất cao,Dài hạn
5634,35,The Neighbourhood,Sweater Weather,19,33,203,17938221,False,-2,Rất cao,Dài hạn
5635,36,"Jimin, Loco",Smeraldo Garden Marching Band (feat. Loco),13,24,3,17828080,False,-12,Rất cao,Ngắn hạn
5636,37,"Feid, ATL Jacob",LUNA,9,31,32,17793723,False,-6,Rất cao,Dài hạn
5637,38,"Central Cee, Lil Baby",BAND4BAND (feat. Lil Baby),13,32,8,17614896,False,-6,Rất cao,Trung hạn
5638,39,Coldplay,Viva La Vida,37,37,99,17606275,False,-2,Rất cao,Dài hạn
5639,40,Eminem,Brand New Dance,40,-1,1,16835857,True,-41,Rất cao,Ngắn hạn
5640,41,Arctic Monkeys,I Wanna Be Yours,15,35,106,16768703,False,-6,Rất cao,Dài hạn
5641,42,"David Guetta, OneRepublic",I Don't Wanna Wait,34,39,14,16413077,False,-3,Rất cao,Dài hạn
5642,43,"Rvssian, Rauw Alejandro, Ayra Starr",Santa,14,36,13,16332849,False,-7,Rất cao,Dài hạn
5643,44,"Eminem, JID",Fuel,44,-1,1,16228638,True,-45,Rất cao,Ngắn hạn
5644,45,"Eminem, Big Sean, BabyTron",Tobey (feat. Big Sean and BabyTron),45,52,2,16109082,False,7,Rất cao,Ngắn hạn
5645,46,Taylor Swift,I Can Do It With a Broken Heart,5,53,13,16043955,False,7,Rất cao,Dài hạn
5646,47,"Blessd, Ovy On The Drums",Mírame,47,62,3,15982264,False,15,Rất cao,Ngắn hạn
5647,48,Chappell Roan,HOT TO GO!,41,43,5,15977183,False,-5,Rất cao,Trung hạn
5648,49,Benson Boone,Slow It Down,27,46,17,15435281,False,-3,Rất cao,Dài hạn
5649,50,Morgan Wallen,Lies Lies Lies,42,42,2,15168646,False,-8,Rất cao,Ngắn hạn
5650,51,"Megan Thee Stallion, Yuki Chiba",Mamushi (feat. Yuki Chiba),51,71,2,15093555,False,20,Rất cao,Ngắn hạn
5651,52,Eminem,Trouble,52,-1,1,14866438,True,-53,Cao,Ngắn hạn
5652,53,Eminem,Evil,53,-1,1,14804135,True,-54,Cao,Ngắn hạn
5653,54,"Tyler, The Creator, Kali Uchis",See You Again (feat. Kali Uchis),16,50,73,14803420,False,-4,Cao,Dài hạn
5654,55,Cris Mj,SI NO ES CONTIGO,33,45,8,14716981,False,-10,Cao,Trung hạn
5655,56,"Travis Scott, Playboi Carti",FE!N (feat. Playboi Carti),5,48,44,14484546,False,-8,Cao,Dài hạn
5656,57,"Jung Kook, Latto",Seven (feat. Latto) (Explicit Ver.),1,40,53,14388162,False,-17,Cao,Dài hạn
5657,58,Noah Kahan,Stick Season,6,49,41,14240164,False,-9,Cao,Dài hạn
5658,59,Manuel Turizo,La Bachata,4,68,107,14166493,False,9,Cao,Dài hạn
5659,60,"Ice Spice, Central Cee",Did It First (with Central Cee),60,-1,1,14131729,True,-61,Cao,Ngắn hạn
5660,61,Tommy Richman,DEVIL IS A LIE,39,41,5,14116472,False,-20,Cao,Trung hạn
5661,62,Miley Cyrus,Flowers,1,58,79,13966353,False,-4,Cao,Dài hạn
5662,63,"Eminem, Sly Pyper",Lucifer,63,-1,1,13939297,True,-64,Cao,Ngắn hạn
5663,64,"Luis R Conriquez, Neton Vega",Si No Quieres No,28,51,14,13930231,False,-13,Cao,Dài hạn
5664,65,"Myke Towers, Bad Bunny",ADIVINO,20,73,12,13744374,False,8,Cao,Trung hạn
5665,66,SZA,Kill Bill,1,56,84,13742199,False,-10,Cao,Dài hạn
5666,67,"Future, Metro Boomin, Kendrick Lamar",Like That,4,47,17,13738438,False,-20,Cao,Dài hạn
5667,68,Karan Aujla,"Tauba Tauba (From ""Bad Newz"")",68,148,2,13668636,False,80,Cao,Ngắn hạn
5668,69,Tom Odell,Another Love,15,54,171,13643373,False,-15,Cao,Dài hạn
5669,70,CYRIL,Stumblin' In,60,60,17,13338112,False,-10,Cao,Dài hạn
5670,71,"Eminem, Jelly Roll",Somebody Save Me,71,-1,1,13268780,True,-72,Cao,Ngắn hạn
5671,72,Tate McRae,greedy,1,61,44,13254582,False,-11,Cao,Dài hạn
5672,73,SZA,Saturn,17,55,21,13130676,False,-18,Cao,Dài hạn
5673,74,The Kid LAROI,NIGHTS LIKE THIS,57,57,4,13017862,False,-17,Cao,Ngắn hạn
5674,75,Eminem,Antichrist,75,-1,1,13012310,True,-76,Cao,Ngắn hạn
5675,76,Mitski,My Love Mine All Mine,3,64,43,12985174,False,-12,Cao,Dài hạn
5676,77,a-ha,Take on Me,77,83,40,12946462,False,6,Cao,Dài hạn
5677,78,"The Weeknd, Daft Punk",Starboy,1,65,198,12913049,False,-13,Cao,Dài hạn
5678,79,Zach Bryan,28,59,59,2,12768661,False,-20,Cao,Ngắn hạn
5679,80,Jimin,Like Crazy,15,63,69,12651173,False,-17,Cao,Dài hạn
5680,81,Sabrina Carpenter,Nonsense,17,69,78,12522106,False,-12,Cao,Dài hạn
5681,82,Coldplay,Yellow,35,74,187,12460293,False,-8,Cao,Dài hạn
5682,83,"Shakira, Wyclef Jean",Hips Don't Lie (feat. Wyclef Jean),83,121,14,12417457,False,38,Cao,Dài hạn
5683,84,Sabrina Carpenter,Feather,34,67,33,12368415,False,-17,Cao,Dài hạn
5684,85,Jordan Adetunji,KEHLANI,75,75,4,12340312,False,-10,Cao,Ngắn hạn
5685,86,"FloyyMenor, Lewis Somes",APAGA EL CEL,86,93,6,12265053,False,7,Cao,Trung hạn
5686,87,The Goo Goo Dolls,Iris,85,85,46,12240401,False,-2,Cao,Dài hạn
5687,88,Billie Eilish,WILDFLOWER,15,77,9,12129593,False,-11,Cao,Trung hạn
5688,89,The Weeknd,Blinding Lights,1,78,242,12113651,False,-11,Cao,Dài hạn
5689,90,Richy Mitch & The Coal Miners,Evergreen,40,66,27,12108996,False,-24,Cao,Dài hạn
5690,91,Natasha Bedingfield,Unwritten,16,90,27,11977111,False,-1,Cao,Dài hạn
5691,92,"The Chainsmokers, Coldplay",Something Just Like This,2,88,216,11969925,False,-4,Cao,Dài hạn
5692,93,Feid,SORRY 4 THAT MUCH,38,70,6,11953742,False,-23,Cao,Trung hạn
5693,94,Charli xcx,360,94,114,6,11922922,False,20,Cao,Trung hạn
5694,95,Michael Marcagi,Scared To Start,25,87,24,11910064,False,-8,Cao,Dài hạn
5695,96,"KAROL G, Peso Pluma",QLONA,5,81,49,11878940,False,-15,Cao,Dài hạn
5696,97,SZA,Snooze,27,79,82,11872649,False,-18,Cao,Dài hạn
5697,98,"Peso Pluma, Neton Vega",LA PATRULLA,98,98,4,11846223,False,0,Cao,Ngắn hạn
5698,99,One Direction,Night Changes,79,91,90,11842573,False,-8,Cao,Dài hạn
5699,100,The Walters,I Love You So,21,92,114,11687870,False,-8,Cao,Dài hạn
5700,101,"David Guetta, Bebe Rexha",I'm Good (Blue),2,95,99,11610560,False,-6,Cao,Dài hạn
5701,102,Eminem,Guilty Conscience 2,102,-1,1,11580714,True,-103,Cao,Ngắn hạn
5702,103,Journey,Don't Stop Believin' (2022 Remaster),89,89,20,11558435,False,-14,Cao,Dài hạn
5703,104,Harry Styles,Watermelon Sugar,4,111,223,11517032,False,7,Cao,Dài hạn
5704,105,Vance Joy,Riptide,30,80,179,11441577,False,-25,Cao,Dài hạn
5705,106,"Zach Bryan, Kacey Musgraves",I Remember Everything (feat. Kacey Musgraves),20,76,47,11367095,False,-30,Cao,Dài hạn
5706,107,"The Kid LAROI, Justin Bieber",STAY (with Justin Bieber),1,99,149,11355820,False,-8,Cao,Dài hạn
5707,108,Frank Ocean,Pink + White,69,105,61,11351931,False,-3,Cao,Dài hạn
5708,109,Linkin Park,In the End,22,115,54,11326785,False,6,Cao,Dài hạn
5709,110,Eminem,Without Me,31,101,147,11213167,False,-9,Trung bình,Dài hạn
5710,111,Zach Bryan,Pink Skies,21,72,8,11081330,False,-39,Trung bình,Trung hạn
5711,112,ILLIT,Magnetic,11,84,17,11036941,False,-28,Trung bình,Dài hạn
5712,113,Creedence Clearwater Revival,Have You Ever Seen The Rain,82,116,48,11034820,False,3,Trung bình,Dài hạn
5713,114,James Arthur,Say You Won't Let Go,7,100,315,11030794,False,-14,Trung bình,Dài hạn
5714,115,Chappell Roan,Red Wine Supernova,80,112,6,10980042,False,-3,Trung bình,Trung hạn
5715,116,V,Love Me Again,11,82,49,10932069,False,-34,Trung bình,Dài hạn
5716,117,"Don Omar, Lucenzo",Danza Kuduro,91,94,43,10926493,False,-23,Trung bình,Dài hạn
5717,118,Myke Towers,LA FALDA,24,146,27,10818264,False,28,Trung bình,Dài hạn
5718,119,Lewis Capaldi,Someone You Loved,4,97,288,10802244,False,-22,Trung bình,Dài hạn
5719,120,The Police,Every Breath You Take,77,107,136,10754583,False,-13,Trung bình,Dài hạn
5720,121,Gunna,fukumean,9,126,47,10740739,False,5,Trung bình,Dài hạn
5721,122,Coldplay,A Sky Full of Stars,95,113,11,10712965,False,-9,Trung bình,Trung hạn
5722,123,The Weeknd,Die For You,12,110,127,10647507,False,-13,Trung bình,Dài hạn
5723,124,"Post Malone, Swae Lee",Sunflower - Spider-Man: Into the Spider-Verse,1,96,293,10597325,False,-28,Trung bình,Dài hạn
5724,125,"Eminem, Skylar Grey",Temporary,125,-1,1,10551371,True,-126,Trung bình,Ngắn hạn
5725,126,"Jaxomy, Agatino Romero, Raffaella Carrà",Pedro,29,104,14,10548724,False,-22,Trung bình,Dài hạn
5726,127,"French Montana, Swae Lee",Unforgettable,3,117,98,10507598,False,-10,Trung bình,Dài hạn
5727,128,OneRepublic,I Ain't Worried,7,86,111,10491346,False,-42,Trung bình,Dài hạn
5728,129,Hotel Ugly,Shut up My Moms Calling,78,108,80,10481340,False,-21,Trung bình,Dài hạn
5729,130,Tears For Fears,Everybody Wants To Rule The World,91,129,95,10430147,False,-1,Trung bình,Dài hạn
5730,131,"Macklemore, Ryan Lewis, Macklemore & Ryan Lewis, Ray Dalton",Can't Hold Us (feat. Ray Dalton),86,136,123,10428510,False,5,Trung bình,Dài hạn
5731,132,Bruno Mars,Locked out of Heaven,32,120,110,10401855,False,-12,Trung bình,Dài hạn
5732,133,Hozier,Take Me To Church,108,127,150,10385799,False,-6,Trung bình,Dài hạn
5733,134,SZA,Nobody Gets Me,12,103,26,10383681,False,-31,Trung bình,Dài hạn
5734,135,OneRepublic,Counting Stars,86,119,170,10371598,False,-16,Trung bình,Dài hạn
5735,136,"Eminem, Dem Jointz, Sly Pyper",Road Rage,136,-1,1,10313833,True,-137,Trung bình,Ngắn hạn
5736,137,"Bad Bunny, Feid",PERRO NEGRO,4,128,40,10291296,False,-9,Trung bình,Dài hạn
5737,138,KAROL G,AMARGURA,53,131,61,10286242,False,-7,Trung bình,Dài hạn
5738,139,"Billie Eilish, Khalid",lovely (with Khalid),24,109,326,10257881,False,-30,Trung bình,Dài hạn
5739,140,Lana Del Rey,Summertime Sadness,83,123,101,10254373,False,-17,Trung bình,Dài hạn
5740,141,Coldplay,The Scientist,134,139,32,10135160,False,-2,Trung bình,Dài hạn
5741,142,Plan B,Es un Secreto,109,133,37,10058314,False,-9,Trung bình,Dài hạn
5742,143,"Pitbull, AFROJACK, Ne-Yo, Nayer",Give Me Everything (feat. Nayer),127,155,10,10017804,False,12,Trung bình,Trung hạn
5743,144,The Kid LAROI,GIRLS,83,106,3,9987800,False,-38,Trung bình,Ngắn hạn
5744,145,Keane,Somewhere Only We Know,80,144,91,9972629,False,-1,Trung bình,Dài hạn
5745,146,"Drake, Wizkid, Kyla",One Dance,12,130,203,9969315,False,-16,Trung bình,Dài hạn
5746,147,"Future, Metro Boomin, Travis Scott, Playboi Carti",Type Shit,11,135,17,9961176,False,-12,Trung bình,Dài hạn
5747,148,Dua Lipa,Training Season,15,142,22,9903217,False,-6,Trung bình,Dài hạn
5748,149,The Killers,Mr. Brightside,94,150,133,9806989,False,1,Trung bình,Dài hạn
5749,150,Jung Kook,Standing Next to You,1,125,36,9763121,False,-25,Trung bình,Dài hạn
5750,151,"Post Malone, Blake Shelton",Pour Me A Drink (Feat. Blake Shelton),37,143,4,9715260,False,-8,Trung bình,Ngắn hạn
5751,152,Ariana Grande,the boy is mine,11,118,15,9714937,False,-34,Trung bình,Dài hạn
5752,153,Glass Animals,Heat Waves,1,124,179,9711807,False,-29,Trung bình,Dài hạn
5753,154,"Coolio, L.V.",Gangsta's Paradise,40,183,79,9594148,False,29,Thấp,Dài hạn
5754,155,Arctic Monkeys,505,43,149,132,9571285,False,-6,Thấp,Dài hạn
5755,156,"Kendrick Lamar, SZA",All The Stars (with SZA),2,147,59,9569728,False,-9,Thấp,Dài hạn
5756,157,Travis Scott,goosebumps,13,163,256,9539779,False,6,Thấp,Dài hạn
5757,158,Miguel,Sure Thing,14,160,70,9532306,False,2,Thấp,Dài hạn
5758,159,Tinashe,Nasty,80,102,6,9531191,False,-57,Thấp,Trung hạn
5759,160,AC/DC,Highway to Hell,149,176,18,9528115,False,16,Thấp,Dài hạn
5760,161,Cigarettes After Sex,Apocalypse,79,151,105,9471486,False,-10,Thấp,Dài hạn
5761,162,Billie Eilish,"What Was I Made For? [From The Motion Picture ""Barbie""]",3,122,53,9464143,False,-40,Thấp,Dài hạn
5762,163,Billie Eilish,BLUE,17,134,9,9394733,False,-29,Thấp,Trung hạn
5763,164,"Rihanna, Calvin Harris",We Found Love,59,154,72,9379978,False,-10,Thấp,Dài hạn
5764,165,"Oscar Maydon, Junior H",Volver Al Futuro,44,140,7,9378525,False,-25,Thấp,Trung hạn
5765,166,Eminem,Mockingbird,24,159,88,9369434,False,-7,Thấp,Dài hạn
5766,167,Chappell Roan,Pink Pony Club,157,157,3,9354437,False,-10,Thấp,Ngắn hạn
5767,168,TV Girl,Lovers Rock,100,166,56,9331356,False,-2,Thấp,Dài hạn
5768,169,Morgan Wallen,Last Night,14,132,73,9316377,False,-37,Thấp,Dài hạn
5769,170,Billie Eilish,L’AMOUR DE MA VIE,19,138,9,9311271,False,-32,Thấp,Trung hạn
5770,171,AC/DC,You Shook Me All Night Long,170,187,5,9299066,False,16,Thấp,Trung hạn
5771,172,The Outfield,Your Love,142,179,12,9291735,False,7,Thấp,Trung hạn
5772,173,Bruno Mars,Just the Way You Are,39,156,80,9264531,False,-17,Thấp,Dài hạn
5773,174,Zach Bryan,Something in the Orange,57,141,80,9231334,False,-33,Thấp,Dài hạn
5774,175,"Earth, Wind & Fire",September,132,172,17,9227151,False,-3,Thấp,Dài hạn
5775,176,"Disturbed, CYRIL",The Sound of Silence - CYRIL Remix,106,164,14,9175696,False,-12,Thấp,Dài hạn
5776,177,David Kushner,Daylight,5,137,66,9149757,False,-40,Thấp,Dài hạn
5777,178,WALK THE MOON,Shut Up and Dance,154,192,11,9144969,False,14,Thấp,Trung hạn
5778,179,Imagine Dragons,Demons,111,162,86,9136034,False,-17,Thấp,Dài hạn
5779,180,Tyla,Water,12,152,43,9120373,False,-28,Thấp,Dài hạn
5780,181,Imagine Dragons,Believer,16,165,384,9070550,False,-16,Thấp,Dài hạn
5781,182,Fleetwood Mac,Dreams - 2004 Remaster,20,177,73,9062804,False,-5,Thấp,Dài hạn
5782,183,"Eminem, Ez Mil",Head Honcho,183,-1,1,9009950,True,-184,Thấp,Ngắn hạn
5783,184,Dua Lipa,Houdini,6,168,36,8971764,False,-16,Thấp,Dài hạn
5784,185,Doja Cat,Paint The Town Red,1,161,50,8955860,False,-24,Thấp,Dài hạn
5785,186,AC/DC,Thunderstruck,186,188,3,8950698,False,2,Thấp,Ngắn hạn
5786,187,Kendrick Lamar,euphoria,4,145,12,8937292,False,-42,Thấp,Trung hạn
5787,188,Taylor Swift,Guilty as Sin?,14,167,13,8842165,False,-21,Thấp,Dài hạn
5788,189,"Morgan Wallen, ERNEST",Cowgirls (feat. ERNEST),173,173,6,8833452,False,-16,Thấp,Trung hạn
5789,190,d4vd,Romantic Homicide,17,180,90,8817500,False,-10,Thấp,Dài hạn
5790,191,"Elton John, Dua Lipa, PNAU",Cold Heart - PNAU Remix,4,169,141,8811303,False,-22,Thấp,Dài hạn
5791,192,"Natanael Cano, Oscar Maydon",Giza,192,-1,1,8809556,True,-193,Thấp,Ngắn hạn
5792,193,"Natanael Cano, Oscar Maydon",Madonna,18,170,19,8782811,False,-23,Thấp,Dài hạn
5793,194,Gorillaz,Feel Good Inc.,194,-1,1,8753285,True,-195,Thấp,Ngắn hạn
5794,195,"Big One, Maria Becerra, Trueno",Cuando Te Vi | CROSSOVER #5,195,-1,1,8747613,True,-196,Thấp,Ngắn hạn
5795,196,Taylor Swift,Lover,2,189,66,8726848,False,-7,Thấp,Dài hạn
5796,197,"Eminem, White Gold",Bad One,197,-1,1,8711999,True,-198,Thấp,Ngắn hạn
5797,198,"Calvin Harris, Rihanna",This Is What You Came For,45,-1,31,8708636,True,-199,Thấp,Dài hạn
5798,199,Dua Lipa,Don't Start Now,2,199,163,8699764,False,0,Thấp,Dài hạn
5799,200,Avicii,Wake Me Up,13,186,101,8699707,False,-14,Thấp,Dài hạn
5800,1,Jimin,Who,1,-1,1,56838165,True,-2,Rất cao,Ngắn hạn
5801,2,Billie Eilish,BIRDS OF A FEATHER,1,1,10,56610684,False,-1,Rất cao,Trung hạn
5802,3,Sabrina Carpenter,Espresso,1,2,15,50246104,False,-1,Rất cao,Dài hạn
5803,4,Sabrina Carpenter,Please Please Please,1,3,7,45492965,False,-1,Rất cao,Trung hạn
5804,5,Kendrick Lamar,Not Like Us,2,4,12,39896685,False,-1,Rất cao,Trung hạn
5805,6,"FloyyMenor, Cris Mj",Gata Only,3,5,24,38757409,False,-1,Rất cao,Dài hạn
5806,7,Chappell Roan,"Good Luck, Babe!",7,7,15,35477802,False,0,Rất cao,Dài hạn
5807,8,KAROL G,Si Antes Te Hubiera Conocido,6,6,5,34473573,False,-2,Rất cao,Trung hạn
5808,9,Benson Boone,Beautiful Things,1,8,27,32921218,False,-1,Rất cao,Dài hạn
5809,10,Shaboozey,A Bar Song (Tipsy),6,10,15,31760934,False,0,Rất cao,Dài hạn
5810,11,Tommy Richman,MILLION DOLLAR BABY,1,9,13,30942204,False,-2,Rất cao,Dài hạn
5811,12,"Sevdaliza, Pabllo Vittar, Yseult",Alibi (with Pabllo Vittar & Yseult),12,14,4,29899477,False,2,Rất cao,Ngắn hạn
5812,13,Hozier,Too Sweet,2,12,18,29089725,False,-1,Rất cao,Dài hạn
5813,14,"Post Malone, Morgan Wallen",I Had Some Help (Feat. Morgan Wallen),3,13,11,28345215,False,-1,Rất cao,Trung hạn
5814,15,Teddy Swims,Lose Control,5,15,37,24067687,False,0,Rất cao,Dài hạn
5815,16,Eminem,Houdini,2,11,8,23666069,False,-5,Rất cao,Trung hạn
5816,17,Myles Smith,Stargazing,17,17,11,23016781,False,0,Rất cao,Trung hạn
5817,18,Djo,End of Beginning,3,19,23,21303086,False,1,Rất cao,Dài hạn
5818,19,Harry Styles,As It Was,1,21,121,21281167,False,2,Rất cao,Dài hạn
5819,20,Trueno,REAL GANGSTA LOVE,13,18,8,21063109,False,-2,Rất cao,Trung hạn
5820,21,Artemas,i like the way you kiss me,1,16,18,21039008,False,-5,Rất cao,Dài hạn
5821,22,Taylor Swift,Cruel Summer,2,22,77,20883401,False,0,Rất cao,Dài hạn
5822,23,Ariana Grande,we can't be friends (wait for your love),1,25,20,20472774,False,2,Rất cao,Dài hạn
5823,24,"The Weeknd, JENNIE, Lily-Rose Depp","One Of The Girls (with JENNIE, Lily Rose Depp)",3,26,42,19968015,False,2,Rất cao,Dài hạn
5824,25,Lord Huron,The Night We Met,25,29,92,19875524,False,4,Rất cao,Dài hạn
5825,26,Billie Eilish,LUNCH,1,20,10,19649895,False,-6,Rất cao,Trung hạn
5826,27,Dasha,Austin (Boots Stop Workin'),20,27,20,19627188,False,0,Rất cao,Dài hạn
5827,28,"Adam Port, Stryv, Keinemusik, Orso, Malachiii",Move,28,33,6,19605841,False,5,Rất cao,Trung hạn
5828,29,Mark Ambor,Belong Together,19,34,17,18853239,False,5,Rất cao,Dài hạn
5829,30,LISA,Rockstar,14,24,4,18612290,False,-6,Rất cao,Ngắn hạn
5830,31,Coldplay,Viva La Vida,31,39,100,18240182,False,8,Rất cao,Dài hạn
5831,32,"Feid, ATL Jacob",LUNA,9,37,33,18154928,False,5,Rất cao,Dài hạn
5832,33,"Taylor Swift, Post Malone",Fortnight (feat. Post Malone),1,23,14,17871452,False,-10,Rất cao,Dài hạn
5833,34,The Neighbourhood,Sweater Weather,19,35,204,17676598,False,1,Rất cao,Dài hạn
5834,35,Arctic Monkeys,I Wanna Be Yours,15,41,107,17346583,False,6,Rất cao,Dài hạn
5835,36,Stray Kids,Chk Chk Boom,36,-1,1,17215223,True,-37,Rất cao,Ngắn hạn
5836,37,Billie Eilish,CHIHIRO,5,32,10,17049235,False,-5,Rất cao,Trung hạn
5837,38,"Blessd, Ovy On The Drums",Mírame,38,47,4,16539247,False,9,Rất cao,Ngắn hạn
5838,39,"Rvssian, Rauw Alejandro, Ayra Starr",Santa,14,43,14,16445565,False,4,Rất cao,Dài hạn
5839,40,"Central Cee, Lil Baby",BAND4BAND (feat. Lil Baby),13,38,9,16343126,False,-2,Rất cao,Trung hạn
5840,41,"Megan Thee Stallion, Yuki Chiba",Mamushi (feat. Yuki Chiba),41,51,3,16141255,False,10,Rất cao,Ngắn hạn
5841,42,Chappell Roan,HOT TO GO!,41,48,6,16114664,False,6,Rất cao,Trung hạn
5842,43,Benson Boone,Slow It Down,27,49,18,15992317,False,6,Rất cao,Dài hạn
5843,44,"Jimin, Loco",Smeraldo Garden Marching Band (feat. Loco),13,36,4,15937723,False,-8,Rất cao,Ngắn hạn
5844,45,"David Guetta, OneRepublic",I Don't Wanna Wait,34,42,15,15834406,False,-3,Rất cao,Dài hạn
5845,46,"Travis Scott, Playboi Carti",FE!N (feat. Playboi Carti),5,56,45,15764650,False,10,Rất cao,Dài hạn
5846,47,"Ice Spice, Central Cee",Did It First (with Central Cee),47,60,2,15743214,False,13,Rất cao,Ngắn hạn
5847,48,"Jung Kook, Latto",Seven (feat. Latto) (Explicit Ver.),1,57,54,15192698,False,9,Rất cao,Dài hạn
5848,49,Noah Kahan,Stick Season,6,58,42,14912640,False,9,Cao,Dài hạn
5849,50,"Quavo, Lana Del Rey",Tough,21,31,3,14903561,False,-19,Cao,Ngắn hạn
5850,51,"Tyler, The Creator, Kali Uchis",See You Again (feat. Kali Uchis),16,54,74,14850166,False,3,Cao,Dài hạn
5851,52,Cris Mj,SI NO ES CONTIGO,33,55,9,14760696,False,3,Cao,Trung hạn
5852,53,Taylor Swift,I Can Do It With a Broken Heart,5,46,14,14400521,False,-7,Cao,Dài hạn
5853,54,"Luis R Conriquez, Neton Vega",Si No Quieres No,28,64,15,14033783,False,10,Cao,Dài hạn
5854,55,Manuel Turizo,La Bachata,4,59,108,13934891,False,4,Cao,Dài hạn
5855,56,The Kid LAROI,NIGHTS LIKE THIS,56,74,5,13813829,False,18,Cao,Trung hạn
5856,57,Morgan Wallen,Lies Lies Lies,42,50,3,13802926,False,-7,Cao,Ngắn hạn
5857,58,Miley Cyrus,Flowers,1,62,80,13670213,False,4,Cao,Dài hạn
5858,59,Tom Odell,Another Love,15,69,172,13551542,False,10,Cao,Dài hạn
5859,60,a-ha,Take on Me,60,77,41,13517043,False,17,Cao,Dài hạn
5860,61,Charli xcx,360,61,94,7,13476756,False,33,Cao,Trung hạn
5861,62,"KAROL G, Peso Pluma",QLONA,5,96,50,13367410,False,34,Cao,Dài hạn
5862,63,SZA,Kill Bill,1,66,85,13358475,False,3,Cao,Dài hạn
5863,64,CYRIL,Stumblin' In,60,70,18,13284140,False,6,Cao,Dài hạn
5864,65,Jordan Adetunji,KEHLANI,65,85,5,13101342,False,20,Cao,Trung hạn
5865,66,"FloyyMenor, Lewis Somes",APAGA EL CEL,66,86,7,13073608,False,20,Cao,Trung hạn
5866,67,The Goo Goo Dolls,Iris,67,87,47,13025935,False,20,Cao,Dài hạn
5867,68,"Future, Metro Boomin, Kendrick Lamar",Like That,4,67,18,12943357,False,-1,Cao,Dài hạn
5868,69,Tate McRae,greedy,1,72,45,12941867,False,3,Cao,Dài hạn
5869,70,Richy Mitch & The Coal Miners,Evergreen,40,90,28,12937425,False,20,Cao,Dài hạn
5870,71,"The Weeknd, Daft Punk",Starboy,1,78,199,12886540,False,7,Cao,Dài hạn
5871,72,Mitski,My Love Mine All Mine,3,76,44,12775046,False,4,Cao,Dài hạn
5872,73,Tommy Richman,DEVIL IS A LIE,39,61,6,12680286,False,-12,Cao,Trung hạn
5873,74,The Weeknd,Blinding Lights,1,89,243,12675127,False,15,Cao,Dài hạn
5874,75,Coldplay,Yellow,35,82,188,12445314,False,7,Cao,Dài hạn
5875,76,SZA,Saturn,17,73,22,12412016,False,-3,Cao,Dài hạn
5876,77,"The Chainsmokers, Coldplay",Something Just Like This,2,92,217,12344526,False,15,Cao,Dài hạn
5877,78,Sabrina Carpenter,Nonsense,17,81,79,12295636,False,3,Cao,Dài hạn
5878,79,Natasha Bedingfield,Unwritten,16,91,28,12289980,False,12,Cao,Dài hạn
5879,80,Zach Bryan,28,59,79,3,12219534,False,-1,Cao,Ngắn hạn
5880,81,Michael Marcagi,Scared To Start,25,95,25,12073063,False,14,Cao,Dài hạn
5881,82,"Shakira, Wyclef Jean",Hips Don't Lie (feat. Wyclef Jean),82,83,15,12022725,False,1,Cao,Dài hạn
5882,83,Lomiiel,HAY LUPITA,83,-1,1,11953220,True,-84,Cao,Ngắn hạn
5883,84,Billie Eilish,WILDFLOWER,15,88,10,11920411,False,4,Cao,Trung hạn
5884,85,Kapo,Ohnana,85,-1,1,11916342,True,-86,Cao,Ngắn hạn
5885,86,"Myke Towers, Bad Bunny",ADIVINO,20,65,13,11898407,False,-21,Cao,Dài hạn
5886,87,Sabrina Carpenter,Feather,34,84,34,11762612,False,-3,Cao,Dài hạn
5887,88,KAROL G,AMARGURA,53,138,62,11732005,False,50,Cao,Dài hạn
5888,89,Journey,Don't Stop Believin' (2022 Remaster),89,103,21,11706527,False,14,Cao,Dài hạn
5889,90,"David Guetta, Bebe Rexha",I'm Good (Blue),2,101,100,11645325,False,11,Cao,Dài hạn
5890,91,SZA,Snooze,27,97,83,11617126,False,6,Cao,Dài hạn
5891,92,Jung Kook,Standing Next to You,1,150,37,11616710,False,58,Cao,Dài hạn
5892,93,The Walters,I Love You So,21,100,115,11588178,False,7,Cao,Dài hạn
5893,94,Vance Joy,Riptide,30,105,180,11537621,False,11,Cao,Dài hạn
5894,95,The Police,Every Breath You Take,77,120,137,11461514,False,25,Cao,Dài hạn
5895,96,V,Love Me Again,11,116,50,11425898,False,20,Cao,Dài hạn
5896,97,Feid,SORRY 4 THAT MUCH,38,93,7,11412422,False,-4,Cao,Trung hạn
5897,98,James Arthur,Say You Won't Let Go,7,114,316,11410713,False,16,Cao,Dài hạn
5898,99,Linkin Park,In the End,22,109,55,11400772,False,10,Cao,Dài hạn
5899,100,"Peso Pluma, Neton Vega",LA PATRULLA,98,98,5,11312444,False,-2,Cao,Trung hạn
5900,101,One Direction,Night Changes,79,99,91,11283692,False,-2,Cao,Dài hạn
5901,102,Harry Styles,Watermelon Sugar,4,104,224,11282475,False,2,Cao,Dài hạn
5902,103,Creedence Clearwater Revival,Have You Ever Seen The Rain,82,113,49,11262292,False,10,Cao,Dài hạn
5903,104,"Don Omar, Lucenzo",Danza Kuduro,91,117,44,11246364,False,13,Trung bình,Dài hạn
5904,105,Chappell Roan,Red Wine Supernova,80,115,7,11184163,False,10,Trung bình,Trung hạn
5905,106,Myke Towers,LA FALDA,24,118,28,11141228,False,12,Trung bình,Dài hạn
5906,107,Jimin,Be Mine,107,-1,1,11130410,True,-108,Trung bình,Ngắn hạn
5907,108,"Zach Bryan, Kacey Musgraves",I Remember Everything (feat. Kacey Musgraves),20,106,48,11080076,False,-2,Trung bình,Dài hạn
5908,109,"The Kid LAROI, Justin Bieber",STAY (with Justin Bieber),1,107,150,11014095,False,-2,Trung bình,Dài hạn
5909,110,Frank Ocean,Pink + White,69,108,62,10991077,False,-2,Trung bình,Dài hạn
5910,111,Ariana Grande,the boy is mine,11,152,16,10974144,False,41,Trung bình,Dài hạn
5911,112,Coldplay,A Sky Full of Stars,95,122,12,10972710,False,10,Trung bình,Trung hạn
5912,113,Hotel Ugly,Shut up My Moms Calling,78,129,81,10915404,False,16,Trung bình,Dài hạn
5913,114,Karan Aujla,"Tauba Tauba (From ""Bad Newz"")",68,68,3,10860947,False,-46,Trung bình,Ngắn hạn
5914,115,Eminem,Without Me,31,110,148,10832473,False,-5,Trung bình,Dài hạn
5915,116,Charli xcx,Apple,116,-1,1,10745646,True,-117,Trung bình,Ngắn hạn
5916,117,Tears For Fears,Everybody Wants To Rule The World,91,130,96,10705584,False,13,Trung bình,Dài hạn
5917,118,"Post Malone, Swae Lee",Sunflower - Spider-Man: Into the Spider-Verse,1,124,294,10699676,False,6,Trung bình,Dài hạn
5918,119,The Weeknd,Die For You,12,123,128,10678271,False,4,Trung bình,Dài hạn
5919,120,Jimin,Closer Than This,65,-1,5,10649677,True,-121,Trung bình,Trung hạn
5920,121,Lewis Capaldi,Someone You Loved,4,119,289,10632623,False,-2,Trung bình,Dài hạn
5921,122,Zach Bryan,Pink Skies,21,111,9,10528580,False,-11,Trung bình,Trung hạn
5922,123,"French Montana, Swae Lee",Unforgettable,3,127,99,10486664,False,4,Trung bình,Dài hạn
5923,124,"Future, Metro Boomin, Travis Scott, Playboi Carti",Type Shit,11,147,18,10449200,False,23,Trung bình,Dài hạn
5924,125,Hozier,Take Me To Church,108,133,151,10393135,False,8,Trung bình,Dài hạn
5925,126,Keane,Somewhere Only We Know,80,145,92,10391184,False,19,Trung bình,Dài hạn
5926,127,OneRepublic,Counting Stars,86,135,171,10373696,False,8,Trung bình,Dài hạn
5927,128,Plan B,Es un Secreto,109,142,38,10312076,False,14,Trung bình,Dài hạn
5928,129,Gunna,fukumean,9,121,48,10310682,False,-8,Trung bình,Dài hạn
5929,130,Coldplay,The Scientist,130,141,33,10225904,False,11,Trung bình,Dài hạn
5930,131,"Macklemore, Ryan Lewis, Macklemore & Ryan Lewis, Ray Dalton",Can't Hold Us (feat. Ray Dalton),86,131,124,10218429,False,0,Trung bình,Dài hạn
5931,132,Bruno Mars,Locked out of Heaven,32,132,111,10214630,False,0,Trung bình,Dài hạn
5932,133,"Jimin, Sofia Carson",Slow Dance (feat. Sofia Carson),133,-1,1,10200275,True,-134,Trung bình,Ngắn hạn
5933,134,"Billie Eilish, Khalid",lovely (with Khalid),24,139,327,10150008,False,5,Trung bình,Dài hạn
5934,135,"Bad Bunny, Feid",PERRO NEGRO,4,137,41,10148847,False,2,Trung bình,Dài hạn
5935,136,ILLIT,Magnetic,11,112,18,10142834,False,-24,Trung bình,Dài hạn
5936,137,Lana Del Rey,Summertime Sadness,83,140,102,10118511,False,3,Trung bình,Dài hạn
5937,138,"Jaxomy, Agatino Romero, Raffaella Carrà",Pedro,29,126,15,10100783,False,-12,Trung bình,Dài hạn
5938,139,"Drake, Wizkid, Kyla",One Dance,12,146,204,10098069,False,7,Trung bình,Dài hạn
5939,140,Glass Animals,Heat Waves,1,153,180,10061905,False,13,Trung bình,Dài hạn
5940,141,SZA,Nobody Gets Me,12,134,27,10051641,False,-7,Trung bình,Dài hạn
5941,142,Travis Scott,goosebumps,13,157,257,9909019,False,15,Trung bình,Dài hạn
5942,143,"Pitbull, AFROJACK, Ne-Yo, Nayer",Give Me Everything (feat. Nayer),127,143,11,9874923,False,0,Trung bình,Trung hạn
5943,144,Dominic Fike,misses,144,-1,2,9791843,True,-145,Trung bình,Ngắn hạn
5944,145,The Killers,Mr. Brightside,94,149,134,9785205,False,4,Trung bình,Dài hạn
5945,146,Cigarettes After Sex,Apocalypse,79,161,106,9779501,False,15,Trung bình,Dài hạn
5946,147,Arctic Monkeys,505,43,155,133,9695894,False,8,Trung bình,Dài hạn
5947,148,"Oscar Maydon, Junior H",Volver Al Futuro,44,165,8,9676341,False,17,Trung bình,Trung hạn
5948,149,"Eminem, Big Sean, BabyTron",Tobey (feat. Big Sean and BabyTron),45,45,3,9635378,False,-104,Thấp,Ngắn hạn
5949,150,Chappell Roan,Pink Pony Club,150,167,4,9618516,False,17,Thấp,Ngắn hạn
5950,151,Dua Lipa,Training Season,15,148,23,9615277,False,-3,Thấp,Dài hạn
5951,152,Billie Eilish,"What Was I Made For? [From The Motion Picture ""Barbie""]",3,162,54,9533934,False,10,Thấp,Dài hạn
5952,153,"Coolio, L.V.",Gangsta's Paradise,40,154,80,9518650,False,1,Thấp,Dài hạn
5953,154,The Outfield,Your Love,142,172,13,9494809,False,18,Thấp,Dài hạn
5954,155,Imagine Dragons,Demons,111,179,87,9488673,False,24,Thấp,Dài hạn
5955,156,"Eminem, Jelly Roll",Somebody Save Me,71,71,2,9476110,False,-85,Thấp,Ngắn hạn
5956,157,Travis Scott,BUTTERFLY EFFECT,38,-1,75,9462831,True,-158,Thấp,Dài hạn
5957,158,AC/DC,Highway to Hell,149,160,19,9434302,False,2,Thấp,Dài hạn
5958,159,"Disturbed, CYRIL",The Sound of Silence - CYRIL Remix,106,176,15,9403335,False,17,Thấp,Dài hạn
5959,160,"Rihanna, Calvin Harris",We Found Love,59,164,73,9376332,False,4,Thấp,Dài hạn
5960,161,Zach Bryan,Something in the Orange,57,174,81,9358746,False,13,Thấp,Dài hạn
5961,162,"Kendrick Lamar, SZA",All The Stars (with SZA),2,156,60,9307742,False,-6,Thấp,Dài hạn
5962,163,Miguel,Sure Thing,14,158,71,9280982,False,-5,Thấp,Dài hạn
5963,164,Morgan Wallen,Last Night,14,169,74,9234087,False,5,Thấp,Dài hạn
5964,165,The Kid LAROI,GIRLS,83,144,4,9229435,False,-21,Thấp,Ngắn hạn
5965,166,"Earth, Wind & Fire",September,132,175,18,9214305,False,9,Thấp,Dài hạn
5966,167,WALK THE MOON,Shut Up and Dance,154,178,12,9206710,False,11,Thấp,Trung hạn
5967,168,"Big One, Maria Becerra, Trueno",Cuando Te Vi | CROSSOVER #5,168,195,2,9202055,False,27,Thấp,Ngắn hạn
5968,169,AC/DC,You Shook Me All Night Long,169,171,6,9197949,False,2,Thấp,Trung hạn
5969,170,"Elton John, Dua Lipa, PNAU",Cold Heart - PNAU Remix,4,191,142,9185733,False,21,Thấp,Dài hạn
5970,171,Jimin,Rebirth (Intro),171,-1,1,9135576,True,-172,Thấp,Ngắn hạn
5971,172,TV Girl,Lovers Rock,100,168,57,9122156,False,-4,Thấp,Dài hạn
5972,173,"Dionela, Jay R",sining (feat. Jay R),173,-1,1,9116335,True,-174,Thấp,Ngắn hạn
5973,174,Bruno Mars,Just the Way You Are,39,173,81,9076495,False,-1,Thấp,Dài hạn
5974,175,Imagine Dragons,Believer,16,181,385,9061988,False,6,Thấp,Dài hạn
5975,176,Taylor Swift,Lover,2,196,67,9060731,False,20,Thấp,Dài hạn
5976,177,David Kushner,Daylight,5,177,67,9059864,False,0,Thấp,Dài hạn
5977,178,Eminem,Mockingbird,24,166,89,9051536,False,-12,Thấp,Dài hạn
5978,179,Alphaville,Forever Young,179,-1,1,9041278,True,-180,Thấp,Ngắn hạn
5979,180,Avicii,Wake Me Up,13,200,102,9027076,False,20,Thấp,Dài hạn
5980,181,Fleetwood Mac,Dreams - 2004 Remaster,20,182,74,9003602,False,1,Thấp,Dài hạn
5981,182,TOTO,Africa,137,-1,65,8939804,True,-183,Thấp,Dài hạn
5982,183,AC/DC,Thunderstruck,183,186,4,8905603,False,3,Thấp,Ngắn hạn
5983,184,Radiohead,Creep,143,-1,35,8876300,True,-185,Thấp,Dài hạn
5984,185,Tyla,Water,12,180,44,8853261,False,-5,Thấp,Dài hạn
5985,186,Billie Eilish,BLUE,17,163,10,8805698,False,-23,Thấp,Trung hạn
5986,187,"Morgan Wallen, ERNEST",Cowgirls (feat. ERNEST),173,189,7,8804256,False,2,Thấp,Trung hạn
5987,188,"Natanael Cano, Oscar Maydon",Madonna,18,193,20,8769340,False,5,Thấp,Dài hạn
5988,189,Lana Del Rey,Young And Beautiful,181,-1,3,8765552,True,-190,Thấp,Ngắn hạn
5989,190,Chappell Roan,Casual,190,-1,1,8756234,True,-191,Thấp,Ngắn hạn
5990,191,Gorillaz,Feel Good Inc.,191,194,2,8753497,False,3,Thấp,Ngắn hạn
5991,192,Calvin Harris,Summer,158,-1,6,8749654,True,-193,Thấp,Trung hạn
5992,193,KAROL G,MI EX TENÍA RAZÓN,22,-1,30,8733831,True,-194,Thấp,Dài hạn
5993,194,d4vd,Romantic Homicide,17,190,91,8733042,False,-4,Thấp,Dài hạn
5994,195,Luke Combs,Ain't No Love In Oklahoma (From Twisters: The Album),146,-1,2,8705572,True,-196,Thấp,Ngắn hạn
5995,196,"Lost Frequencies, Calum Scott",Where Are You Now,18,-1,72,8672897,True,-197,Thấp,Dài hạn
5996,197,Doja Cat,Paint The Town Red,1,185,51,8656884,False,-12,Thấp,Dài hạn
5997,198,"Boza, ELENA ROSE",Orion,198,-1,1,8600389,True,-199,Thấp,Ngắn hạn
5998,199,Billie Eilish,L’AMOUR DE MA VIE,19,170,10,8589464,False,-29,Thấp,Trung hạn
5999,200,"Charlie Puth, Selena Gomez",We Don't Talk Anymore (feat. Selena Gomez),39,-1,51,8562309,True,-201,Thấp,Dài hạn
6000,1,Jimin,Who,1,1,2,64762611,False,0,Rất cao,Ngắn hạn
6001,2,Billie Eilish,BIRDS OF A FEATHER,1,2,11,57272396,False,0,Rất cao,Trung hạn
6002,3,Sabrina Carpenter,Espresso,1,3,16,45977902,False,0,Rất cao,Dài hạn
6003,4,Sabrina Carpenter,Please Please Please,1,4,8,42051452,False,0,Rất cao,Trung hạn
6004,5,Kendrick Lamar,Not Like Us,2,5,13,36702733,False,0,Rất cao,Dài hạn
6005,6,"FloyyMenor, Cris Mj",Gata Only,3,6,25,36316190,False,0,Rất cao,Dài hạn
6006,7,Chappell Roan,"Good Luck, Babe!",7,7,16,36248391,False,0,Rất cao,Dài hạn
6007,8,KAROL G,Si Antes Te Hubiera Conocido,6,8,6,35704408,False,0,Rất cao,Trung hạn
6008,9,Benson Boone,Beautiful Things,1,9,28,31371017,False,0,Rất cao,Dài hạn
6009,10,Shaboozey,A Bar Song (Tipsy),6,10,16,30494144,False,0,Rất cao,Dài hạn
6010,11,Hozier,Too Sweet,2,13,19,27955749,False,2,Rất cao,Dài hạn
6011,12,"Sevdaliza, Pabllo Vittar, Yseult",Alibi (with Pabllo Vittar & Yseult),12,12,5,27528463,False,0,Rất cao,Trung hạn
6012,13,"Post Malone, Morgan Wallen",I Had Some Help (Feat. Morgan Wallen),3,14,12,27164896,False,1,Rất cao,Trung hạn
6013,14,Tommy Richman,MILLION DOLLAR BABY,1,11,14,27091962,False,-3,Rất cao,Dài hạn
6014,15,Teddy Swims,Lose Control,5,15,38,24003572,False,0,Rất cao,Dài hạn
6015,16,Myles Smith,Stargazing,16,17,12,22541501,False,1,Rất cao,Trung hạn
6016,17,Djo,End of Beginning,3,18,24,20781261,False,1,Rất cao,Dài hạn
6017,18,*NSYNC,Bye Bye Bye - From Deadpool and Wolverine Soundtrack,18,-1,1,20479679,True,-19,Rất cao,Ngắn hạn
6018,19,Taylor Swift,Cruel Summer,2,22,78,20331957,False,3,Rất cao,Dài hạn
6019,20,"Adam Port, Stryv, Keinemusik, Orso, Malachiii",Move,20,28,7,20239433,False,8,Rất cao,Trung hạn
6020,21,"The Weeknd, JENNIE, Lily-Rose Depp","One Of The Girls (with JENNIE, Lily Rose Depp)",3,24,43,19950493,False,3,Rất cao,Dài hạn
6021,22,Ariana Grande,we can't be friends (wait for your love),1,23,21,19801700,False,1,Rất cao,Dài hạn
6022,23,Eminem,Houdini,2,16,9,19683859,False,-7,Rất cao,Trung hạn
6023,24,Lord Huron,The Night We Met,24,25,93,19480251,False,1,Rất cao,Dài hạn
6024,25,Artemas,i like the way you kiss me,1,21,19,19268551,False,-4,Rất cao,Dài hạn
6025,26,Trueno,REAL GANGSTA LOVE,13,20,9,19175347,False,-6,Rất cao,Trung hạn
6026,27,Harry Styles,As It Was,1,19,122,18937016,False,-8,Rất cao,Dài hạn
6027,28,Billie Eilish,LUNCH,1,26,11,18806988,False,-2,Rất cao,Trung hạn
6028,29,Dasha,Austin (Boots Stop Workin'),20,27,21,18763434,False,-2,Rất cao,Dài hạn
6029,30,The Neighbourhood,Sweater Weather,19,34,205,17915992,False,4,Rất cao,Dài hạn
6030,31,"Travis Scott, Playboi Carti",FE!N (feat. Playboi Carti),5,46,46,17651312,False,15,Rất cao,Dài hạn
6031,32,Arctic Monkeys,I Wanna Be Yours,15,35,108,17586331,False,3,Rất cao,Dài hạn
6032,33,Coldplay,Viva La Vida,31,31,101,17546988,False,-2,Rất cao,Dài hạn
6033,34,Mark Ambor,Belong Together,19,29,18,17491427,False,-5,Rất cao,Dài hạn
6034,35,"Feid, ATL Jacob",LUNA,9,32,34,17453847,False,-3,Rất cao,Dài hạn
6035,36,LISA,Rockstar,14,30,5,17033980,False,-6,Rất cao,Trung hạn
6036,37,"Taylor Swift, Post Malone",Fortnight (feat. Post Malone),1,33,15,16768492,False,-4,Rất cao,Dài hạn
6037,38,"Ice Spice, Central Cee",Did It First (with Central Cee),38,47,3,16290709,False,9,Rất cao,Ngắn hạn
6038,39,Billie Eilish,CHIHIRO,5,37,11,16256262,False,-2,Rất cao,Trung hạn
6039,40,The Goo Goo Dolls,Iris,40,67,48,16217172,False,27,Rất cao,Dài hạn
6040,41,Chappell Roan,HOT TO GO!,41,42,7,15885110,False,1,Rất cao,Trung hạn
6041,42,Charli xcx,360,42,61,8,15835399,False,19,Rất cao,Trung hạn
6042,43,"Post Malone, Luke Combs",Guy For That (Feat. Luke Combs),43,-1,1,15693782,True,-44,Rất cao,Ngắn hạn
6043,44,"Rvssian, Rauw Alejandro, Ayra Starr",Santa,14,39,15,15626350,False,-5,Rất cao,Dài hạn
6044,45,"David Guetta, OneRepublic",I Don't Wanna Wait,34,45,16,15475432,False,0,Rất cao,Dài hạn
6045,46,Benson Boone,Slow It Down,27,43,19,15334555,False,-3,Rất cao,Dài hạn
6046,47,"Central Cee, Lil Baby",BAND4BAND (feat. Lil Baby),13,40,10,15212981,False,-7,Rất cao,Trung hạn
6047,48,"Blessd, Ovy On The Drums",Mírame,38,38,5,15119002,False,-10,Rất cao,Trung hạn
6048,49,"Megan Thee Stallion, Yuki Chiba",Mamushi (feat. Yuki Chiba),41,41,4,15110148,False,-8,Rất cao,Ngắn hạn
6049,50,Noah Kahan,Stick Season,6,49,43,14859132,False,-1,Cao,Dài hạn
6050,51,"Tyler, The Creator, Kali Uchis",See You Again (feat. Kali Uchis),16,51,75,14773916,False,0,Cao,Dài hạn
6051,52,Cris Mj,SI NO ES CONTIGO,33,52,10,14537458,False,0,Cao,Trung hạn
6052,53,"Jung Kook, Latto",Seven (feat. Latto) (Explicit Ver.),1,48,55,14503675,False,-5,Cao,Dài hạn
6053,54,Richy Mitch & The Coal Miners,Evergreen,40,70,29,14372872,False,16,Cao,Dài hạn
6054,55,Manuel Turizo,La Bachata,4,55,109,13985934,False,0,Cao,Dài hạn
6055,56,Kapo,Ohnana,56,85,2,13872303,False,29,Cao,Ngắn hạn
6056,57,"KAROL G, Peso Pluma",QLONA,5,62,51,13861810,False,5,Cao,Dài hạn
6057,58,Jordan Adetunji,KEHLANI,58,65,6,13746803,False,7,Cao,Trung hạn
6058,59,Mitski,My Love Mine All Mine,3,72,45,13352055,False,13,Cao,Dài hạn
6059,60,SZA,Kill Bill,1,63,86,13327216,False,3,Cao,Dài hạn
6060,61,Tom Odell,Another Love,15,59,173,13319347,False,-2,Cao,Dài hạn
6061,62,"Luis R Conriquez, Neton Vega",Si No Quieres No,28,54,16,13286368,False,-8,Cao,Dài hạn
6062,63,Charli xcx,Apple,63,116,2,13241996,False,53,Cao,Ngắn hạn
6063,64,Miley Cyrus,Flowers,1,58,81,13203612,False,-6,Cao,Dài hạn
6064,65,The Kid LAROI,NIGHTS LIKE THIS,56,56,6,13125565,False,-9,Cao,Trung hạn
6065,66,Alphaville,Forever Young,66,179,2,12985870,False,113,Cao,Ngắn hạn
6066,67,CYRIL,Stumblin' In,60,64,19,12843302,False,-3,Cao,Dài hạn
6067,68,Billie Eilish,WILDFLOWER,15,84,11,12838186,False,16,Cao,Trung hạn
6068,69,Stray Kids,Chk Chk Boom,36,36,2,12835893,False,-33,Cao,Ngắn hạn
6069,70,"The Weeknd, Daft Punk",Starboy,1,71,200,12777752,False,1,Cao,Dài hạn
6070,71,Taylor Swift,I Can Do It With a Broken Heart,5,53,15,12608697,False,-18,Cao,Dài hạn
6071,72,Tate McRae,greedy,1,69,46,12530697,False,-3,Cao,Dài hạn
6072,73,SZA,Saturn,17,76,23,12432924,False,3,Cao,Dài hạn
6073,74,The Weeknd,Blinding Lights,1,74,244,12422477,False,0,Cao,Dài hạn
6074,75,"Peso Pluma, Neton Vega",LA PATRULLA,75,100,6,12420278,False,25,Cao,Trung hạn
6075,76,Natasha Bedingfield,Unwritten,16,79,29,12333390,False,3,Cao,Dài hạn
6076,77,a-ha,Take on Me,60,60,42,12290251,False,-17,Cao,Dài hạn
6077,78,Coldplay,Yellow,35,75,189,12219118,False,-3,Cao,Dài hạn
6078,79,"Future, Metro Boomin, Kendrick Lamar",Like That,4,68,19,12195257,False,-11,Cao,Dài hạn
6079,80,KAROL G,AMARGURA,53,88,63,12165180,False,8,Cao,Dài hạn
6080,81,"FloyyMenor, Lewis Somes",APAGA EL CEL,66,66,8,12135054,False,-15,Cao,Trung hạn
6081,82,Sabrina Carpenter,Nonsense,17,78,80,11978844,False,-4,Cao,Dài hạn
6082,83,"The Chainsmokers, Coldplay",Something Just Like This,2,77,218,11960346,False,-6,Cao,Dài hạn
6083,84,"Hanumankind, Kalmi",Big Dawgs,84,-1,1,11848289,True,-85,Cao,Ngắn hạn
6084,85,Morgan Wallen,Lies Lies Lies,42,57,4,11819380,False,-28,Cao,Ngắn hạn
6085,86,"Zach Bryan, Kacey Musgraves",I Remember Everything (feat. Kacey Musgraves),20,108,49,11774897,False,22,Cao,Dài hạn
6086,87,James Arthur,Say You Won't Let Go,7,98,317,11699973,False,11,Cao,Dài hạn
6087,88,Michael Marcagi,Scared To Start,25,81,26,11677064,False,-7,Cao,Dài hạn
6088,89,Tommy Richman,DEVIL IS A LIE,39,73,7,11650799,False,-16,Cao,Trung hạn
6089,90,"Quavo, Lana Del Rey",Tough,21,50,4,11531805,False,-40,Cao,Ngắn hạn
6090,91,Taylor Swift,august,11,-1,64,11505474,True,-92,Cao,Dài hạn
6091,92,Vance Joy,Riptide,30,94,181,11457414,False,2,Cao,Dài hạn
6092,93,Journey,Don't Stop Believin' (2022 Remaster),89,89,22,11388505,False,-4,Cao,Dài hạn
6093,94,"David Guetta, Bebe Rexha",I'm Good (Blue),2,90,101,11374546,False,-4,Cao,Dài hạn
6094,95,One Direction,Night Changes,79,101,92,11357413,False,6,Cao,Dài hạn
6095,96,"Don Omar, Lucenzo",Danza Kuduro,91,104,45,11327368,False,8,Cao,Dài hạn
6096,97,The Walters,I Love You So,21,93,116,11200038,False,-4,Trung bình,Dài hạn
6097,98,SZA,Snooze,27,91,84,11177792,False,-7,Trung bình,Dài hạn
6098,99,Lewis Capaldi,Someone You Loved,4,121,290,11147103,False,22,Trung bình,Dài hạn
6099,100,Coldplay,A Sky Full of Stars,95,112,13,11121563,False,12,Trung bình,Dài hạn
6100,101,Chappell Roan,Red Wine Supernova,80,105,8,11089350,False,4,Trung bình,Trung hạn
6101,102,Jung Kook,Standing Next to You,1,92,38,11079565,False,-10,Trung bình,Dài hạn
6102,103,Sabrina Carpenter,Feather,34,87,35,11068137,False,-16,Trung bình,Dài hạn
6103,104,"Shakira, Wyclef Jean",Hips Don't Lie (feat. Wyclef Jean),82,82,16,11047585,False,-22,Trung bình,Dài hạn
6104,105,"Dionela, Jay R",sining (feat. Jay R),105,173,2,11039481,False,68,Trung bình,Ngắn hạn
6105,106,V,Love Me Again,11,96,51,11025269,False,-10,Trung bình,Dài hạn
6106,107,Feid,SORRY 4 THAT MUCH,38,97,8,10989690,False,-10,Trung bình,Trung hạn
6107,108,Frank Ocean,Pink + White,69,110,63,10947582,False,2,Trung bình,Dài hạn
6108,109,Creedence Clearwater Revival,Have You Ever Seen The Rain,82,103,50,10835675,False,-6,Trung bình,Dài hạn
6109,110,"The Kid LAROI, Justin Bieber",STAY (with Justin Bieber),1,109,151,10809987,False,-1,Trung bình,Dài hạn
6110,111,Zach Bryan,Pink Skies,21,122,10,10788792,False,11,Trung bình,Trung hạn
6111,112,Myke Towers,LA FALDA,24,106,29,10780793,False,-6,Trung bình,Dài hạn
6112,113,"Post Malone, Swae Lee",Sunflower - Spider-Man: Into the Spider-Verse,1,118,295,10746986,False,5,Trung bình,Dài hạn
6113,114,Linkin Park,In the End,22,99,56,10724457,False,-15,Trung bình,Dài hạn
6114,115,Chappell Roan,Pink Pony Club,115,150,5,10708225,False,35,Trung bình,Trung hạn
6115,116,"Drake, Wizkid, Kyla",One Dance,12,139,205,10626443,False,23,Trung bình,Dài hạn
6116,117,"Billie Eilish, Khalid",lovely (with Khalid),24,134,328,10609670,False,17,Trung bình,Dài hạn
6117,118,Zach Bryan,28,59,80,4,10589036,False,-38,Trung bình,Ngắn hạn
6118,119,The Weeknd,Die For You,12,119,129,10526076,False,0,Trung bình,Dài hạn
6119,120,Eminem,Without Me,31,115,149,10518818,False,-5,Trung bình,Dài hạn
6120,121,Hotel Ugly,Shut up My Moms Calling,78,113,82,10480593,False,-8,Trung bình,Dài hạn
6121,122,Coldplay,The Scientist,122,130,34,10451236,False,8,Trung bình,Dài hạn
6122,123,Travis Scott,goosebumps,13,142,258,10428640,False,19,Trung bình,Dài hạn
6123,124,Hozier,Take Me To Church,108,125,152,10399991,False,1,Trung bình,Dài hạn
6124,125,Lomiiel,HAY LUPITA,83,83,2,10377429,False,-42,Trung bình,Ngắn hạn
6125,126,The Police,Every Breath You Take,77,95,138,10346162,False,-31,Trung bình,Dài hạn
6126,127,"French Montana, Swae Lee",Unforgettable,3,123,100,10325457,False,-4,Trung bình,Dài hạn
6127,128,"Future, Metro Boomin, Travis Scott, Playboi Carti",Type Shit,11,124,19,10250794,False,-4,Trung bình,Dài hạn
6128,129,Plan B,Es un Secreto,109,128,39,10197049,False,-1,Trung bình,Dài hạn
6129,130,Gunna,fukumean,9,129,49,10184912,False,-1,Trung bình,Dài hạn
6130,131,Zach Bryan,Something in the Orange,57,161,82,10154194,False,30,Trung bình,Dài hạn
6131,132,SZA,Nobody Gets Me,12,141,28,10145990,False,9,Trung bình,Dài hạn
6132,133,OneRepublic,Counting Stars,86,127,172,10130020,False,-6,Trung bình,Dài hạn
6133,134,Lana Del Rey,Summertime Sadness,83,137,103,10008604,False,3,Trung bình,Dài hạn
6134,135,"Macklemore, Ryan Lewis, Macklemore & Ryan Lewis, Ray Dalton",Can't Hold Us (feat. Ray Dalton),86,131,125,9987911,False,-4,Trung bình,Dài hạn
6135,136,Billie Eilish,"What Was I Made For? [From The Motion Picture ""Barbie""]",3,152,55,9985093,False,16,Trung bình,Dài hạn
6136,137,Luke Combs,Ain't No Love In Oklahoma (From Twisters: The Album),137,195,3,9976395,False,58,Trung bình,Ngắn hạn
6137,138,Travis Scott,BUTTERFLY EFFECT,38,157,76,9890854,False,19,Trung bình,Dài hạn
6138,139,"Bad Bunny, Feid",PERRO NEGRO,4,135,42,9887236,False,-4,Trung bình,Dài hạn
6139,140,Dominic Fike,misses,140,144,3,9883171,False,4,Trung bình,Ngắn hạn
6140,141,ILLIT,Magnetic,11,136,19,9882447,False,-5,Trung bình,Dài hạn
6141,142,Harry Styles,Watermelon Sugar,4,102,225,9869582,False,-40,Trung bình,Dài hạn
6142,143,Cigarettes After Sex,Apocalypse,79,146,107,9810598,False,3,Trung bình,Dài hạn
6143,144,Bruno Mars,Locked out of Heaven,32,132,112,9750295,False,-12,Trung bình,Dài hạn
6144,145,Tears For Fears,Everybody Wants To Rule The World,91,117,97,9720392,False,-28,Trung bình,Dài hạn
6145,146,The Killers,Mr. Brightside,94,145,135,9679336,False,-1,Trung bình,Dài hạn
6146,147,Keane,Somewhere Only We Know,80,126,93,9669391,False,-21,Thấp,Dài hạn
6147,148,"Jimin, Loco",Smeraldo Garden Marching Band (feat. Loco),13,44,5,9667220,False,-104,Thấp,Trung hạn
6148,149,Ariana Grande,the boy is mine,11,111,17,9630266,False,-38,Thấp,Dài hạn
6149,150,"Pitbull, AFROJACK, Ne-Yo, Nayer",Give Me Everything (feat. Nayer),127,143,12,9591673,False,-7,Thấp,Trung hạn
6150,151,Bruno Mars,When I Was Your Man,38,-1,92,9559170,True,-152,Thấp,Dài hạn
6151,152,Karan Aujla,"Tauba Tauba (From ""Bad Newz"")",68,114,4,9537544,False,-38,Thấp,Ngắn hạn
6152,153,Arctic Monkeys,505,43,147,134,9515236,False,-6,Thấp,Dài hạn
6153,154,The Outfield,Your Love,142,154,14,9456972,False,0,Thấp,Dài hạn
6154,155,Glass Animals,Heat Waves,1,140,181,9427764,False,-15,Thấp,Dài hạn
6155,156,"Rihanna, Calvin Harris",We Found Love,59,160,74,9410394,False,4,Thấp,Dài hạn
6156,157,Miguel,Sure Thing,14,163,72,9398239,False,6,Thấp,Dài hạn
6157,158,Fleetwood Mac,Dreams - 2004 Remaster,20,181,75,9281407,False,23,Thấp,Dài hạn
6158,159,"Disturbed, CYRIL",The Sound of Silence - CYRIL Remix,106,159,16,9250657,False,0,Thấp,Dài hạn
6159,160,"Jaxomy, Agatino Romero, Raffaella Carrà",Pedro,29,138,16,9183655,False,-22,Thấp,Dài hạn
6160,161,"Charlie Puth, Selena Gomez",We Don't Talk Anymore (feat. Selena Gomez),39,200,52,9180797,False,39,Thấp,Dài hạn
6161,162,Taylor Swift,Lover,2,176,68,9154784,False,14,Thấp,Dài hạn
6162,163,TV Girl,Lovers Rock,100,172,58,9150265,False,9,Thấp,Dài hạn
6163,164,Dua Lipa,Training Season,15,151,24,9112620,False,-13,Thấp,Dài hạn
6164,165,"Kendrick Lamar, SZA",All The Stars (with SZA),2,162,61,9086356,False,-3,Thấp,Dài hạn
6165,166,"Coolio, L.V.",Gangsta's Paradise,40,153,81,9078555,False,-13,Thấp,Dài hạn
6166,167,Morgan Wallen,Last Night,14,164,75,9062039,False,-3,Thấp,Dài hạn
6167,168,Imagine Dragons,Demons,111,155,88,9025717,False,-13,Thấp,Dài hạn
6168,169,David Kushner,Daylight,5,177,68,9016261,False,8,Thấp,Dài hạn
6169,170,Tyla,Water,12,185,45,9015845,False,15,Thấp,Dài hạn
6170,171,"Oscar Maydon, Junior H",Volver Al Futuro,44,148,9,8999186,False,-23,Thấp,Trung hạn
6171,172,Bruno Mars,Just the Way You Are,39,174,82,8926734,False,2,Thấp,Dài hạn
6172,173,"Earth, Wind & Fire",September,132,166,19,8845440,False,-7,Thấp,Dài hạn
6173,174,Lana Del Rey,Young And Beautiful,174,189,4,8837235,False,15,Thấp,Ngắn hạn
6174,175,"Morgan Wallen, ERNEST",Cowgirls (feat. ERNEST),173,187,8,8835643,False,12,Thấp,Trung hạn
6175,176,Chappell Roan,Casual,176,190,2,8806624,False,14,Thấp,Ngắn hạn
6176,177,KAROL G,MI EX TENÍA RAZÓN,22,193,31,8801714,False,16,Thấp,Dài hạn
6177,178,Radiohead,Creep,143,184,36,8799689,False,6,Thấp,Dài hạn
6178,179,"Peso Pluma, Kenia OS",TOMMY & PAMELA,179,-1,1,8727056,True,-180,Thấp,Ngắn hạn
6179,180,Imagine Dragons,Believer,16,175,386,8725097,False,-5,Thấp,Dài hạn
6180,181,XXXTENTACION,Revenge,63,-1,63,8717692,True,-182,Thấp,Dài hạn
6181,182,Travis Scott,HIGHEST IN THE ROOM,1,-1,91,8697497,True,-183,Thấp,Dài hạn
6182,183,"Lost Frequencies, Tom Odell",Black Friday (pretty like the sun),183,-1,1,8691118,True,-184,Thấp,Ngắn hạn
6183,184,TOTO,Africa,137,182,66,8649271,False,-2,Thấp,Dài hạn
6184,185,AC/DC,Thunderstruck,183,183,5,8633485,False,-2,Thấp,Trung hạn
6185,186,"Natanael Cano, Oscar Maydon",Giza,186,-1,2,8601724,True,-187,Thấp,Ngắn hạn
6186,187,"Elton John, Dua Lipa, PNAU",Cold Heart - PNAU Remix,4,170,143,8599788,False,-17,Thấp,Dài hạn
6187,188,WALK THE MOON,Shut Up and Dance,154,167,13,8585114,False,-21,Thấp,Dài hạn
6188,189,"Lost Frequencies, Calum Scott",Where Are You Now,18,196,73,8569901,False,7,Thấp,Dài hạn
6189,190,Avicii,Wake Me Up,13,180,103,8567871,False,-10,Thấp,Dài hạn
6190,191,Eminem,Mockingbird,24,178,90,8542115,False,-13,Thấp,Dài hạn
6191,192,"Natanael Cano, Oscar Maydon",Madonna,18,188,21,8504510,False,-4,Thấp,Dài hạn
6192,193,Carin Leon,Primera Cita,21,-1,38,8486847,True,-194,Thấp,Dài hạn
6193,194,Backstreet Boys,I Want It That Way,194,-1,1,8411008,True,-195,Thấp,Ngắn hạn
6194,195,"Eurythmics, Annie Lennox, Dave Stewart",Sweet Dreams (Are Made of This) - 2005 Remaster,181,-1,3,8397705,True,-196,Thấp,Ngắn hạn
6195,196,d4vd,Romantic Homicide,17,194,92,8353556,False,-2,Thấp,Dài hạn
6196,197,"Boza, ELENA ROSE",Orion,197,198,2,8345171,False,1,Thấp,Ngắn hạn
6197,198,AC/DC,Highway to Hell,149,158,20,8328701,False,-40,Thấp,Dài hạn
6198,199,OneRepublic,I Ain't Worried,7,-1,112,8317350,True,-200,Thấp,Dài hạn
6199,200,"Gordo, Drake",Sideways,200,-1,1,8307746,True,-201,Thấp,Ngắn hạn
6200,1,Jimin,Who,1,1,3,61999921,False,0,Rất cao,Ngắn hạn
6201,2,Billie Eilish,BIRDS OF A FEATHER,1,2,12,58701611,False,0,Rất cao,Trung hạn
6202,3,Sabrina Carpenter,Espresso,1,3,17,43759874,False,0,Rất cao,Dài hạn
6203,4,Sabrina Carpenter,Please Please Please,1,4,9,41539625,False,0,Rất cao,Trung hạn
6204,5,"Charli xcx, Billie Eilish",Guess featuring billie eilish,5,-1,1,39261241,True,-6,Rất cao,Ngắn hạn
6205,6,KAROL G,Si Antes Te Hubiera Conocido,6,8,7,38482377,False,2,Rất cao,Trung hạn
6206,7,Chappell Roan,"Good Luck, Babe!",7,7,17,37112954,False,0,Rất cao,Dài hạn
6207,8,"FloyyMenor, Cris Mj",Gata Only,3,6,26,34185330,False,-2,Rất cao,Dài hạn
6208,9,Kendrick Lamar,Not Like Us,2,5,14,31486207,False,-4,Rất cao,Dài hạn
6209,10,*NSYNC,Bye Bye Bye - From Deadpool and Wolverine Soundtrack,10,18,2,31008253,False,8,Rất cao,Ngắn hạn
6210,11,Benson Boone,Beautiful Things,1,9,29,30654085,False,-2,Rất cao,Dài hạn
6211,12,Shaboozey,A Bar Song (Tipsy),6,10,17,28081934,False,-2,Rất cao,Dài hạn
6212,13,"Sevdaliza, Pabllo Vittar, Yseult",Alibi (with Pabllo Vittar & Yseult),12,12,6,27641227,False,-1,Rất cao,Trung hạn
6213,14,Hozier,Too Sweet,2,11,20,27124047,False,-3,Rất cao,Dài hạn
6214,15,Tommy Richman,MILLION DOLLAR BABY,1,14,15,26857816,False,-1,Rất cao,Dài hạn
6215,16,"Hanumankind, Kalmi",Big Dawgs,16,84,2,26418377,False,68,Rất cao,Ngắn hạn
6216,17,"Post Malone, Morgan Wallen",I Had Some Help (Feat. Morgan Wallen),3,13,13,26166078,False,-4,Rất cao,Dài hạn
6217,18,Teddy Swims,Lose Control,5,15,39,23056628,False,-3,Rất cao,Dài hạn
6218,19,Myles Smith,Stargazing,16,16,13,22620276,False,-3,Rất cao,Dài hạn
6219,20,Djo,End of Beginning,3,17,25,20778840,False,-3,Rất cao,Dài hạn
6220,21,"Adam Port, Stryv, Keinemusik, Orso, Malachiii",Move,20,20,8,20606161,False,-1,Rất cao,Trung hạn
6221,22,Taylor Swift,Cruel Summer,2,19,79,20528523,False,-3,Rất cao,Dài hạn
6222,23,Lord Huron,The Night We Met,23,24,94,19748592,False,1,Rất cao,Dài hạn
6223,24,Ariana Grande,we can't be friends (wait for your love),1,22,22,19744591,False,-2,Rất cao,Dài hạn
6224,25,Chappell Roan,HOT TO GO!,25,41,8,19606596,False,16,Rất cao,Trung hạn
6225,26,"The Weeknd, JENNIE, Lily-Rose Depp","One Of The Girls (with JENNIE, Lily Rose Depp)",3,21,44,19474800,False,-5,Rất cao,Dài hạn
6226,27,Billie Eilish,LUNCH,1,28,12,19321204,False,1,Rất cao,Trung hạn
6227,28,Trueno,REAL GANGSTA LOVE,13,26,10,18910568,False,-2,Rất cao,Trung hạn
6228,29,Charli xcx,Apple,29,63,3,18665241,False,34,Rất cao,Ngắn hạn
6229,30,Artemas,i like the way you kiss me,1,25,20,18543767,False,-5,Rất cao,Dài hạn
6230,31,The Neighbourhood,Sweater Weather,19,30,206,17895363,False,-1,Rất cao,Dài hạn
6231,32,Eminem,Houdini,2,23,10,17752958,False,-9,Rất cao,Trung hạn
6232,33,Dasha,Austin (Boots Stop Workin'),20,29,22,17605078,False,-4,Rất cao,Dài hạn
6233,34,Arctic Monkeys,I Wanna Be Yours,15,32,109,17463769,False,-2,Rất cao,Dài hạn
6234,35,"Feid, ATL Jacob",LUNA,9,35,35,17293289,False,0,Rất cao,Dài hạn
6235,36,Mark Ambor,Belong Together,19,34,19,17041866,False,-2,Rất cao,Dài hạn
6236,37,LISA,Rockstar,14,36,6,16740187,False,-1,Rất cao,Trung hạn
6237,38,"Travis Scott, Playboi Carti",FE!N (feat. Playboi Carti),5,31,47,16508942,False,-7,Rất cao,Dài hạn
6238,39,Coldplay,Viva La Vida,31,33,102,16350272,False,-6,Rất cao,Dài hạn
6239,40,Billie Eilish,CHIHIRO,5,39,12,16213816,False,-1,Rất cao,Trung hạn
6240,41,Jordan Adetunji,KEHLANI,41,58,7,16021871,False,17,Rất cao,Trung hạn
6241,42,Benson Boone,Slow It Down,27,46,20,15894027,False,4,Rất cao,Dài hạn
6242,43,"Taylor Swift, Post Malone",Fortnight (feat. Post Malone),1,37,16,15583424,False,-6,Rất cao,Dài hạn
6243,44,Charli xcx,360,42,42,9,15422891,False,-2,Rất cao,Trung hạn
6244,45,Cris Mj,SI NO ES CONTIGO,33,52,11,15420724,False,7,Rất cao,Trung hạn
6245,46,"¥$, Kanye West, Ty Dolla $ign",FIELD TRIP,46,-1,1,15282674,True,-47,Rất cao,Ngắn hạn
6246,47,"David Guetta, OneRepublic",I Don't Wanna Wait,34,45,17,15211551,False,-2,Rất cao,Dài hạn
6247,48,"Megan Thee Stallion, Yuki Chiba",Mamushi (feat. Yuki Chiba),41,49,5,15197890,False,1,Rất cao,Trung hạn
6248,49,"Rvssian, Rauw Alejandro, Ayra Starr",Santa,14,44,16,15184225,False,-5,Rất cao,Dài hạn
6249,50,Richy Mitch & The Coal Miners,Evergreen,40,54,30,14926785,False,4,Cao,Dài hạn
6250,51,Billie Eilish,WILDFLOWER,15,68,12,14773928,False,17,Cao,Trung hạn
6251,52,Taylor Swift,august,11,91,65,14472527,False,39,Cao,Dài hạn
6252,53,"Jung Kook, Latto",Seven (feat. Latto) (Explicit Ver.),1,53,56,14462281,False,0,Cao,Dài hạn
6253,54,Kapo,Ohnana,54,56,3,14416128,False,2,Cao,Ngắn hạn
6254,55,SZA,Kill Bill,1,60,87,14393629,False,5,Cao,Dài hạn
6255,56,"Tyler, The Creator, Kali Uchis",See You Again (feat. Kali Uchis),16,51,76,14386932,False,-5,Cao,Dài hạn
6256,57,Noah Kahan,Stick Season,6,50,44,14324752,False,-7,Cao,Dài hạn
6257,58,Alphaville,Forever Young,58,66,3,14277150,False,8,Cao,Ngắn hạn
6258,59,Manuel Turizo,La Bachata,4,55,110,14114493,False,-4,Cao,Dài hạn
6259,60,The Goo Goo Dolls,Iris,40,40,49,13937107,False,-20,Cao,Dài hạn
6260,61,"Ice Spice, Central Cee",Did It First (with Central Cee),38,38,4,13917858,False,-23,Cao,Ngắn hạn
6261,62,"Luis R Conriquez, Neton Vega",Si No Quieres No,28,62,17,13903492,False,0,Cao,Dài hạn
6262,63,The Kid LAROI,NIGHTS LIKE THIS,56,65,7,13758320,False,2,Cao,Trung hạn
6263,64,Harry Styles,As It Was,1,27,123,13751285,False,-37,Cao,Dài hạn
6264,65,"Central Cee, Lil Baby",BAND4BAND (feat. Lil Baby),13,47,11,13704006,False,-18,Cao,Trung hạn
6265,66,"Blessd, Ovy On The Drums",Mírame,38,48,6,13548742,False,-18,Cao,Trung hạn
6266,67,Jimin,Be Mine,67,-1,2,13478855,True,-68,Cao,Ngắn hạn
6267,68,Bruno Mars,When I Was Your Man,38,151,93,13476000,False,83,Cao,Dài hạn
6268,69,Mitski,My Love Mine All Mine,3,59,46,13468195,False,-10,Cao,Dài hạn
6269,70,Tom Odell,Another Love,15,61,174,13425770,False,-9,Cao,Dài hạn
6270,71,"KAROL G, Peso Pluma",QLONA,5,57,52,13324923,False,-14,Cao,Dài hạn
6271,72,"Peso Pluma, Neton Vega",LA PATRULLA,72,75,7,13179189,False,3,Cao,Trung hạn
6272,73,a-ha,Take on Me,60,77,43,12813408,False,4,Cao,Dài hạn
6273,74,CYRIL,Stumblin' In,60,67,20,12768278,False,-7,Cao,Dài hạn
6274,75,The Weeknd,Blinding Lights,1,74,245,12725816,False,-1,Cao,Dài hạn
6275,76,"The Weeknd, Daft Punk",Starboy,1,70,201,12645648,False,-6,Cao,Dài hạn
6276,77,Creedence Clearwater Revival,Have You Ever Seen The Rain,77,109,51,12541636,False,32,Cao,Dài hạn
6277,78,Tate McRae,greedy,1,72,47,12464685,False,-6,Cao,Dài hạn
6278,79,Chappell Roan,Pink Pony Club,79,115,6,12356556,False,36,Cao,Trung hạn
6279,80,Natasha Bedingfield,Unwritten,16,76,30,12350336,False,-4,Cao,Dài hạn
6280,81,"The Chainsmokers, Coldplay",Something Just Like This,2,83,219,12287968,False,2,Cao,Dài hạn
6281,82,Chappell Roan,Red Wine Supernova,80,101,9,12245393,False,19,Cao,Trung hạn
6282,83,SZA,Saturn,17,73,24,12228239,False,-10,Cao,Dài hạn
6283,84,Taylor Swift,I Can Do It With a Broken Heart,5,71,16,12121790,False,-13,Cao,Dài hạn
6284,85,Coldplay,Yellow,35,78,190,12065865,False,-7,Cao,Dài hạn
6285,86,"Dionela, Jay R",sining (feat. Jay R),86,105,3,11990958,False,19,Cao,Ngắn hạn
6286,87,"FloyyMenor, Lewis Somes",APAGA EL CEL,66,81,9,11898743,False,-6,Cao,Trung hạn
6287,88,KAROL G,AMARGURA,53,80,64,11852523,False,-8,Cao,Dài hạn
6288,89,The Walters,I Love You So,21,97,117,11772333,False,8,Cao,Dài hạn
6289,90,Feid,SORRY 4 THAT MUCH,38,107,9,11697868,False,17,Cao,Trung hạn
6290,91,"The Kid LAROI, Justin Bieber",STAY (with Justin Bieber),1,110,152,11604388,False,19,Cao,Dài hạn
6291,92,Michael Marcagi,Scared To Start,25,88,27,11557720,False,-4,Cao,Dài hạn
6292,93,"David Guetta, Bebe Rexha",I'm Good (Blue),2,94,102,11530553,False,1,Cao,Dài hạn
6293,94,"Zach Bryan, Kacey Musgraves",I Remember Everything (feat. Kacey Musgraves),20,86,50,11459025,False,-8,Cao,Dài hạn
6294,95,"Post Malone, Luke Combs",Guy For That (Feat. Luke Combs),43,43,2,11449427,False,-52,Cao,Ngắn hạn
6295,96,One Direction,Night Changes,79,95,93,11434650,False,-1,Cao,Dài hạn
6296,97,"Future, Metro Boomin, Kendrick Lamar",Like That,4,79,20,11375225,False,-18,Cao,Dài hạn
6297,98,Coldplay,A Sky Full of Stars,95,100,14,11354762,False,2,Cao,Dài hạn
6298,99,Lewis Capaldi,Someone You Loved,4,99,291,11320023,False,0,Cao,Dài hạn
6299,100,Sabrina Carpenter,Nonsense,17,82,81,11283793,False,-18,Cao,Dài hạn
6300,101,Gunna,fukumean,9,130,50,11280933,False,29,Cao,Dài hạn
6301,102,"Post Malone, Swae Lee",Sunflower - Spider-Man: Into the Spider-Verse,1,113,296,11258486,False,11,Cao,Dài hạn
6302,103,V,Love Me Again,11,106,52,11161065,False,3,Trung bình,Dài hạn
6303,104,Hotel Ugly,Shut up My Moms Calling,78,121,83,11148787,False,17,Trung bình,Dài hạn
6304,105,Tommy Richman,DEVIL IS A LIE,39,89,8,11095154,False,-16,Trung bình,Trung hạn
6305,106,Stray Kids,Chk Chk Boom,36,69,3,11065871,False,-37,Trung bình,Ngắn hạn
6306,107,Myke Towers,LA FALDA,24,112,30,11031322,False,5,Trung bình,Dài hạn
6307,108,James Arthur,Say You Won't Let Go,7,87,318,10957071,False,-21,Trung bình,Dài hạn
6308,109,Vance Joy,Riptide,30,92,182,10925956,False,-17,Trung bình,Dài hạn
6309,110,Zach Bryan,Pink Skies,21,111,11,10871007,False,1,Trung bình,Trung hạn
6310,111,Jung Kook,Standing Next to You,1,102,39,10764239,False,-9,Trung bình,Dài hạn
6311,112,"Billie Eilish, Khalid",lovely (with Khalid),24,117,329,10730065,False,5,Trung bình,Dài hạn
6312,113,Journey,Don't Stop Believin' (2022 Remaster),89,93,23,10713291,False,-20,Trung bình,Dài hạn
6313,114,Frank Ocean,Pink + White,69,108,64,10672783,False,-6,Trung bình,Dài hạn
6314,115,"Shakira, Wyclef Jean",Hips Don't Lie (feat. Wyclef Jean),82,104,17,10628012,False,-11,Trung bình,Dài hạn
6315,116,Hozier,Take Me To Church,108,124,153,10487369,False,8,Trung bình,Dài hạn
6316,117,"Drake, Wizkid, Kyla",One Dance,12,116,206,10479817,False,-1,Trung bình,Dài hạn
6317,118,"Natanael Cano, Oscar Maydon",Madonna,18,192,22,10437567,False,74,Trung bình,Dài hạn
6318,119,The Weeknd,Die For You,12,119,130,10432799,False,0,Trung bình,Dài hạn
6319,120,Miley Cyrus,Flowers,1,64,82,10418197,False,-56,Trung bình,Dài hạn
6320,121,Gracie Abrams,"I Love You, I'm Sorry",121,-1,1,10403729,True,-122,Trung bình,Ngắn hạn
6321,122,"Lost Frequencies, Tom Odell",Black Friday (pretty like the sun),122,183,2,10298223,False,61,Trung bình,Ngắn hạn
6322,123,"French Montana, Swae Lee",Unforgettable,3,127,101,10295637,False,4,Trung bình,Dài hạn
6323,124,"Don Omar, Lucenzo",Danza Kuduro,91,96,46,10283548,False,-28,Trung bình,Dài hạn
6324,125,Eminem,Without Me,31,120,150,10276314,False,-5,Trung bình,Dài hạn
6325,126,OneRepublic,Counting Stars,86,133,173,10264493,False,7,Trung bình,Dài hạn
6326,127,Plan B,Es un Secreto,109,129,40,10231762,False,2,Trung bình,Dài hạn
6327,128,Sabrina Carpenter,Feather,34,103,36,10218660,False,-25,Trung bình,Dài hạn
6328,129,Adele,Easy On Me,1,-1,89,10179860,True,-130,Trung bình,Dài hạn
6329,130,The Killers,Mr. Brightside,94,146,136,10159059,False,16,Trung bình,Dài hạn
6330,131,Tyla,Water,12,170,46,10157038,False,39,Trung bình,Dài hạn
6331,132,"Quavo, Lana Del Rey",Tough,21,90,5,10156505,False,-42,Trung bình,Trung hạn
6332,133,Lana Del Rey,Summertime Sadness,83,134,104,10085729,False,1,Trung bình,Dài hạn
6333,134,The Outfield,Your Love,134,154,15,10066556,False,20,Trung bình,Dài hạn
6334,135,Keane,Somewhere Only We Know,80,147,94,10009821,False,12,Trung bình,Dài hạn
6335,136,Lomiiel,HAY LUPITA,83,125,3,9863664,False,-11,Trung bình,Ngắn hạn
6336,137,"Bad Bunny, Feid",PERRO NEGRO,4,139,43,9841489,False,2,Trung bình,Dài hạn
6337,138,Miguel,Sure Thing,14,157,73,9822086,False,19,Trung bình,Dài hạn
6338,139,"Maluma, Carin Leon",Según Quién,17,-1,36,9816861,True,-140,Trung bình,Dài hạn
6339,140,Zach Bryan,Something in the Orange,57,131,83,9797721,False,-9,Trung bình,Dài hạn
6340,141,Cigarettes After Sex,Apocalypse,79,143,108,9767150,False,2,Trung bình,Dài hạn
6341,142,Chappell Roan,Casual,142,176,3,9761777,False,34,Trung bình,Ngắn hạn
6342,143,Gunna,one of wun,56,-1,8,9754187,True,-144,Trung bình,Trung hạn
6343,144,Bruno Mars,Locked out of Heaven,32,144,113,9707536,False,0,Trung bình,Dài hạn
6344,145,ILLIT,Magnetic,11,141,20,9695238,False,-4,Trung bình,Dài hạn
6345,146,Bruno Mars,That's What I Like,6,-1,104,9689083,True,-147,Trung bình,Dài hạn
6346,147,"Future, Metro Boomin, Travis Scott, Playboi Carti",Type Shit,11,128,20,9656396,False,-19,Thấp,Dài hạn
6347,148,Billie Eilish,"What Was I Made For? [From The Motion Picture ""Barbie""]",3,136,56,9618323,False,-12,Thấp,Dài hạn
6348,149,"Macklemore, Ryan Lewis, Macklemore & Ryan Lewis, Ray Dalton",Can't Hold Us (feat. Ray Dalton),86,135,126,9613723,False,-14,Thấp,Dài hạn
6349,150,Morgan Wallen,Lies Lies Lies,42,85,5,9538529,False,-65,Thấp,Trung hạn
6350,151,Luke Combs,Ain't No Love In Oklahoma (From Twisters: The Album),137,137,4,9532578,False,-14,Thấp,Ngắn hạn
6351,152,"Pitbull, AFROJACK, Ne-Yo, Nayer",Give Me Everything (feat. Nayer),127,150,13,9509747,False,-2,Thấp,Dài hạn
6352,153,The Police,Every Breath You Take,77,126,139,9391711,False,-27,Thấp,Dài hạn
6353,154,Adele,Set Fire to the Rain,61,-1,68,9371883,True,-155,Thấp,Dài hạn
6354,155,Arctic Monkeys,505,43,153,135,9367053,False,-2,Thấp,Dài hạn
6355,156,Taylor Swift,Lover,2,162,69,9340715,False,6,Thấp,Dài hạn
6356,157,"Coolio, L.V.",Gangsta's Paradise,40,166,82,9338065,False,9,Thấp,Dài hạn
6357,158,Travis Scott,HIGHEST IN THE ROOM,1,182,92,9319824,False,24,Thấp,Dài hạn
6358,159,d4vd,Romantic Homicide,17,196,93,9292038,False,37,Thấp,Dài hạn
6359,160,"Peso Pluma, Kenia OS",TOMMY & PAMELA,160,179,2,9231509,False,19,Thấp,Ngắn hạn
6360,161,"Rihanna, Calvin Harris",We Found Love,59,156,75,9227996,False,-5,Thấp,Dài hạn
6361,162,David Kushner,Daylight,5,169,69,9191033,False,7,Thấp,Dài hạn
6362,163,"Disturbed, CYRIL",The Sound of Silence - CYRIL Remix,106,159,17,9159196,False,-4,Thấp,Dài hạn
6363,164,TV Girl,Lovers Rock,100,163,59,9144316,False,-1,Thấp,Dài hạn
6364,165,Radiohead,Creep,143,178,37,9104504,False,13,Thấp,Dài hạn
6365,166,"Myke Towers, Bad Bunny",ADIVINO,20,-1,14,9075224,True,-167,Thấp,Dài hạn
6366,167,Imagine Dragons,Demons,111,168,89,9066247,False,1,Thấp,Dài hạn
6367,168,Zach Bryan,28,59,118,5,9058209,False,-50,Thấp,Trung hạn
6368,169,"Lost Frequencies, Calum Scott",Where Are You Now,18,189,74,9043121,False,20,Thấp,Dài hạn
6369,170,Backstreet Boys,I Want It That Way,170,194,2,9027611,False,24,Thấp,Ngắn hạn
6370,171,Morgan Wallen,Last Night,14,167,76,9009864,False,-4,Thấp,Dài hạn
6371,172,OneRepublic,I Ain't Worried,7,199,113,9005178,False,27,Thấp,Dài hạn
6372,173,XXXTENTACION,Revenge,63,181,64,8962830,False,8,Thấp,Dài hạn
6373,174,"Kendrick Lamar, SZA",All The Stars (with SZA),2,165,62,8960135,False,-9,Thấp,Dài hạn
6374,175,Imagine Dragons,Believer,16,180,387,8955457,False,5,Thấp,Dài hạn
6375,176,"Elton John, Dua Lipa, PNAU",Cold Heart - PNAU Remix,4,187,144,8944679,False,11,Thấp,Dài hạn
6376,177,Bruno Mars,Just the Way You Are,39,172,83,8930645,False,-5,Thấp,Dài hạn
6377,178,AC/DC,You Shook Me All Night Long,169,-1,7,8903836,True,-179,Thấp,Trung hạn
6378,179,La Oreja de Van Gogh,Rosas,179,-1,1,8888003,True,-180,Thấp,Ngắn hạn
6379,180,"¥$, Kanye West, Ty Dolla $ign",FRIED,180,-1,1,8842356,True,-181,Thấp,Ngắn hạn
6380,181,"¥$, Kanye West, Ty Dolla $ign",SLIDE,181,-1,1,8817054,True,-182,Thấp,Ngắn hạn
6381,182,Tears For Fears,Everybody Wants To Rule The World,91,145,98,8783679,False,-37,Thấp,Dài hạn
6382,183,Coldplay,Sparks,153,-1,13,8753264,True,-184,Thấp,Dài hạn
6383,184,Ariana Grande,the boy is mine,11,149,18,8744200,False,-35,Thấp,Dài hạn
6384,185,TOTO,Africa,137,184,67,8716125,False,-1,Thấp,Dài hạn
6385,186,Adele,Someone Like You,38,-1,12,8688365,True,-187,Thấp,Trung hạn
6386,187,"Earth, Wind & Fire",September,132,173,20,8681916,False,-14,Thấp,Dài hạn
6387,188,Fleetwood Mac,Dreams - 2004 Remaster,20,158,76,8675843,False,-30,Thấp,Dài hạn
6388,189,"Jaxomy, Agatino Romero, Raffaella Carrà",Pedro,29,160,17,8671895,False,-29,Thấp,Dài hạn
6389,190,Myke Towers,LALA,1,-1,38,8658878,True,-191,Thấp,Dài hạn
6390,191,Glass Animals,Heat Waves,1,155,182,8646881,False,-36,Thấp,Dài hạn
6391,192,WALK THE MOON,Shut Up and Dance,154,188,14,8632057,False,-4,Thấp,Dài hạn
6392,193,Dua Lipa,Training Season,15,164,25,8618633,False,-29,Thấp,Dài hạn
6393,194,Avicii,Wake Me Up,13,190,104,8589417,False,-4,Thấp,Dài hạn
6394,195,"¥$, Kanye West, Ty Dolla $ign",PROMOTION,195,-1,1,8587642,True,-196,Thấp,Ngắn hạn
6395,196,Lana Del Rey,Young And Beautiful,174,174,5,8569409,False,-22,Thấp,Trung hạn
6396,197,Artemas,if u think i'm pretty,52,-1,10,8537849,True,-198,Thấp,Trung hạn
6397,198,Creedence Clearwater Revival,Fortunate Son,158,-1,6,8530907,True,-199,Thấp,Trung hạn
6398,199,Kings of Leon,Sex on Fire,199,-1,1,8513346,True,-200,Thấp,Ngắn hạn
6399,200,Billie Eilish,L’AMOUR DE MA VIE,19,-1,11,8502988,True,-201,Thấp,Trung hạn
6400,1,Billie Eilish,BIRDS OF A FEATHER,1,2,13,61240973,False,1,Rất cao,Dài hạn
6401,2,Jimin,Who,1,1,4,58655143,False,-1,Rất cao,Ngắn hạn
6402,3,Sabrina Carpenter,Espresso,1,3,18,42544366,False,0,Rất cao,Dài hạn
6403,4,Sabrina Carpenter,Please Please Please,1,4,10,40153389,False,0,Rất cao,Trung hạn
6404,5,KAROL G,Si Antes Te Hubiera Conocido,5,6,8,39058578,False,1,Rất cao,Trung hạn
6405,6,Chappell Roan,"Good Luck, Babe!",6,7,18,38665878,False,1,Rất cao,Dài hạn
6406,7,"Hanumankind, Kalmi",Big Dawgs,7,16,3,32090871,False,9,Rất cao,Ngắn hạn
6407,8,"Charli xcx, Billie Eilish",Guess featuring billie eilish,5,5,2,31920722,False,-3,Rất cao,Ngắn hạn
6408,9,Benson Boone,Beautiful Things,1,11,30,30201223,False,2,Rất cao,Dài hạn
6409,10,"FloyyMenor, Cris Mj",Gata Only,3,8,27,29496058,False,-2,Rất cao,Dài hạn
6410,11,*NSYNC,Bye Bye Bye - From Deadpool and Wolverine Soundtrack,10,10,3,28241345,False,-1,Rất cao,Ngắn hạn
6411,12,Shaboozey,A Bar Song (Tipsy),6,12,18,28001135,False,0,Rất cao,Dài hạn
6412,13,Kendrick Lamar,Not Like Us,2,9,15,27804799,False,-4,Rất cao,Dài hạn
6413,14,Hozier,Too Sweet,2,14,21,26444487,False,0,Rất cao,Dài hạn
6414,15,"Sevdaliza, Pabllo Vittar, Yseult",Alibi (with Pabllo Vittar & Yseult),12,13,7,25486689,False,-2,Rất cao,Trung hạn
6415,16,Tommy Richman,MILLION DOLLAR BABY,1,15,16,25111354,False,-1,Rất cao,Dài hạn
6416,17,"Post Malone, Morgan Wallen",I Had Some Help (Feat. Morgan Wallen),3,17,14,24185024,False,0,Rất cao,Dài hạn
6417,18,Teddy Swims,Lose Control,5,18,40,22889885,False,0,Rất cao,Dài hạn
6418,19,"Adam Port, Stryv, Keinemusik, Orso, Malachiii",Move,19,21,9,20751390,False,2,Rất cao,Trung hạn
6419,20,Lord Huron,The Night We Met,20,23,95,19974215,False,3,Rất cao,Dài hạn
6420,21,Djo,End of Beginning,3,20,26,19872302,False,-1,Rất cao,Dài hạn
6421,22,Taylor Swift,Cruel Summer,2,22,80,19825662,False,0,Rất cao,Dài hạn
6422,23,Myles Smith,Stargazing,16,19,14,19724570,False,-4,Rất cao,Dài hạn
6423,24,"The Weeknd, JENNIE, Lily-Rose Depp","One Of The Girls (with JENNIE, Lily Rose Depp)",3,26,45,19600510,False,2,Rất cao,Dài hạn
6424,25,Ariana Grande,we can't be friends (wait for your love),1,24,23,19511706,False,-1,Rất cao,Dài hạn
6425,26,Chappell Roan,HOT TO GO!,25,25,9,19282033,False,-1,Rất cao,Trung hạn
6426,27,Dasha,Austin (Boots Stop Workin'),20,33,23,17852269,False,6,Rất cao,Dài hạn
6427,28,Charli xcx,Apple,28,29,4,17774830,False,1,Rất cao,Ngắn hạn
6428,29,Artemas,i like the way you kiss me,1,30,21,17723355,False,1,Rất cao,Dài hạn
6429,30,Billie Eilish,LUNCH,1,27,13,17718761,False,-3,Rất cao,Dài hạn
6430,31,The Neighbourhood,Sweater Weather,19,31,207,17640924,False,0,Rất cao,Dài hạn
6431,32,Arctic Monkeys,I Wanna Be Yours,15,34,110,17496055,False,2,Rất cao,Dài hạn
6432,33,Trueno,REAL GANGSTA LOVE,13,28,11,17286696,False,-5,Rất cao,Trung hạn
6433,34,Mark Ambor,Belong Together,19,36,20,17213233,False,2,Rất cao,Dài hạn
6434,35,"Feid, ATL Jacob",LUNA,9,35,36,17121194,False,0,Rất cao,Dài hạn
6435,36,Jordan Adetunji,KEHLANI,36,41,8,16993132,False,5,Rất cao,Trung hạn
6436,37,Coldplay,Viva La Vida,31,39,103,16487861,False,2,Rất cao,Dài hạn
6437,38,Eminem,Houdini,2,32,11,15943901,False,-6,Rất cao,Trung hạn
6438,39,Cris Mj,SI NO ES CONTIGO,33,45,12,15780164,False,6,Rất cao,Trung hạn
6439,40,Billie Eilish,CHIHIRO,5,40,13,15752377,False,0,Rất cao,Dài hạn
6440,41,LISA,Rockstar,14,37,7,15598247,False,-4,Rất cao,Trung hạn
6441,42,Richy Mitch & The Coal Miners,Evergreen,40,50,31,15581954,False,8,Rất cao,Dài hạn
6442,43,Billie Eilish,WILDFLOWER,15,51,13,15555168,False,8,Rất cao,Dài hạn
6443,44,Benson Boone,Slow It Down,27,42,21,15460866,False,-2,Rất cao,Dài hạn
6444,45,"Travis Scott, Playboi Carti",FE!N (feat. Playboi Carti),5,38,48,15319639,False,-7,Rất cao,Dài hạn
6445,46,Bruno Mars,When I Was Your Man,38,68,94,14979872,False,22,Cao,Dài hạn
6446,47,"Taylor Swift, Post Malone",Fortnight (feat. Post Malone),1,43,17,14838635,False,-4,Cao,Dài hạn
6447,48,"David Guetta, OneRepublic",I Don't Wanna Wait,34,47,18,14836038,False,-1,Cao,Dài hạn
6448,49,Kapo,Ohnana,49,54,4,14816945,False,5,Cao,Ngắn hạn
6449,50,"Rvssian, Rauw Alejandro, Ayra Starr",Santa,14,49,17,14700060,False,-1,Cao,Dài hạn
6450,51,"Jung Kook, Latto",Seven (feat. Latto) (Explicit Ver.),1,53,57,14546800,False,2,Cao,Dài hạn
6451,52,The Kid LAROI,NIGHTS LIKE THIS,52,63,8,14508204,False,11,Cao,Trung hạn
6452,53,Noah Kahan,Stick Season,6,57,45,14455973,False,4,Cao,Dài hạn
6453,54,Alphaville,Forever Young,54,58,4,14287908,False,4,Cao,Ngắn hạn
6454,55,Manuel Turizo,La Bachata,4,59,111,14041999,False,4,Cao,Dài hạn
6455,56,SZA,Kill Bill,1,55,88,13974419,False,-1,Cao,Dài hạn
6456,57,"Megan Thee Stallion, Yuki Chiba",Mamushi (feat. Yuki Chiba),41,48,6,13918338,False,-9,Cao,Trung hạn
6457,58,"Tyler, The Creator, Kali Uchis",See You Again (feat. Kali Uchis),16,56,77,13748572,False,-2,Cao,Dài hạn
6458,59,Mitski,My Love Mine All Mine,3,69,47,13715644,False,10,Cao,Dài hạn
6459,60,"Peso Pluma, Neton Vega",LA PATRULLA,60,72,8,13585690,False,12,Cao,Trung hạn
6460,61,"Luis R Conriquez, Neton Vega",Si No Quieres No,28,62,18,13518116,False,1,Cao,Dài hạn
6461,62,Charli xcx,360,42,44,10,13374075,False,-18,Cao,Trung hạn
6462,63,Taylor Swift,august,11,52,66,13337213,False,-11,Cao,Dài hạn
6463,64,"Blessd, Ovy On The Drums",Mírame,38,66,7,13328299,False,2,Cao,Trung hạn
6464,65,The Goo Goo Dolls,Iris,40,60,50,13272875,False,-5,Cao,Dài hạn
6465,66,Tom Odell,Another Love,15,70,175,13213950,False,4,Cao,Dài hạn
6466,67,"KAROL G, Peso Pluma",QLONA,5,71,53,13174006,False,4,Cao,Dài hạn
6467,68,a-ha,Take on Me,60,73,44,13106999,False,5,Cao,Dài hạn
6468,69,Harry Styles,As It Was,1,64,124,12896340,False,-5,Cao,Dài hạn
6469,70,Chappell Roan,Pink Pony Club,70,79,7,12875338,False,9,Cao,Trung hạn
6470,71,"The Weeknd, Daft Punk",Starboy,1,76,202,12721041,False,5,Cao,Dài hạn
6471,72,"Dionela, Jay R",sining (feat. Jay R),72,86,4,12677056,False,14,Cao,Ngắn hạn
6472,73,CYRIL,Stumblin' In,60,74,21,12669586,False,1,Cao,Dài hạn
6473,74,Gracie Abrams,"I Love You, I'm Sorry",74,121,2,12613104,False,47,Cao,Ngắn hạn
6474,75,Creedence Clearwater Revival,Have You Ever Seen The Rain,75,77,52,12505382,False,2,Cao,Dài hạn
6475,76,Natasha Bedingfield,Unwritten,16,80,31,12498719,False,4,Cao,Dài hạn
6476,77,"Zach Bryan, Kacey Musgraves",I Remember Everything (feat. Kacey Musgraves),20,94,51,12491201,False,17,Cao,Dài hạn
6477,78,Grelo,Só Fé,78,-1,1,12435482,True,-79,Cao,Ngắn hạn
6478,79,The Weeknd,Blinding Lights,1,75,246,12425340,False,-4,Cao,Dài hạn
6479,80,Chappell Roan,Red Wine Supernova,80,82,10,12339898,False,2,Cao,Trung hạn
6480,81,Tate McRae,greedy,1,78,48,12290297,False,-3,Cao,Dài hạn
6481,82,"Lost Frequencies, Tom Odell",Black Friday (pretty like the sun),82,122,3,12159771,False,40,Cao,Ngắn hạn
6482,83,"Central Cee, Lil Baby",BAND4BAND (feat. Lil Baby),13,65,12,12145545,False,-18,Cao,Trung hạn
6483,84,"The Chainsmokers, Coldplay",Something Just Like This,2,81,220,12125945,False,-3,Cao,Dài hạn
6484,85,SZA,Saturn,17,83,25,11932618,False,-2,Cao,Dài hạn
6485,86,Taylor Swift,I Can Do It With a Broken Heart,5,84,17,11728953,False,-2,Cao,Dài hạn
6486,87,Michael Marcagi,Scared To Start,25,92,28,11715916,False,5,Cao,Dài hạn
6487,88,KAROL G,AMARGURA,53,88,65,11715425,False,0,Cao,Dài hạn
6488,89,Lewis Capaldi,Someone You Loved,4,99,292,11703672,False,10,Cao,Dài hạn
6489,90,Coldplay,Yellow,35,85,191,11642156,False,-5,Cao,Dài hạn
6490,91,The Walters,I Love You So,21,89,118,11518336,False,-2,Cao,Dài hạn
6491,92,Coldplay,A Sky Full of Stars,92,98,15,11394967,False,6,Cao,Dài hạn
6492,93,One Direction,Night Changes,79,96,94,11262467,False,3,Cao,Dài hạn
6493,94,James Arthur,Say You Won't Let Go,7,108,319,11229841,False,14,Trung bình,Dài hạn
6494,95,Sabrina Carpenter,Nonsense,17,100,82,11228893,False,5,Trung bình,Dài hạn
6495,96,Feid,SORRY 4 THAT MUCH,38,90,10,11223063,False,-6,Trung bình,Trung hạn
6496,97,Fuerza Regida,NEL,97,-1,1,11157203,True,-98,Trung bình,Ngắn hạn
6497,98,"The Kid LAROI, Justin Bieber",STAY (with Justin Bieber),1,91,153,11144287,False,-7,Trung bình,Dài hạn
6498,99,"David Guetta, Bebe Rexha",I'm Good (Blue),2,93,103,11128361,False,-6,Trung bình,Dài hạn
6499,100,Journey,Don't Stop Believin' (2022 Remaster),89,113,24,11053523,False,13,Trung bình,Dài hạn
6500,101,"Post Malone, Luke Combs",Guy For That (Feat. Luke Combs),43,95,3,10966967,False,-6,Trung bình,Ngắn hạn
6501,102,Zach Bryan,Pink Skies,21,110,12,10960132,False,8,Trung bình,Trung hạn
6502,103,Gunna,fukumean,9,101,51,10958394,False,-2,Trung bình,Dài hạn
6503,104,Vance Joy,Riptide,30,109,183,10910777,False,5,Trung bình,Dài hạn
6504,105,"Future, Metro Boomin, Kendrick Lamar",Like That,4,97,21,10842101,False,-8,Trung bình,Dài hạn
6505,106,Adele,Easy On Me,1,129,90,10826521,False,23,Trung bình,Dài hạn
6506,107,"Billie Eilish, Khalid",lovely (with Khalid),24,112,330,10814247,False,5,Trung bình,Dài hạn
6507,108,"¥$, Kanye West, Ty Dolla $ign",FIELD TRIP,46,46,2,10777476,False,-62,Trung bình,Ngắn hạn
6508,109,"Natanael Cano, Oscar Maydon",Madonna,18,118,23,10750216,False,9,Trung bình,Dài hạn
6509,110,"Shakira, Wyclef Jean",Hips Don't Lie (feat. Wyclef Jean),82,115,18,10684052,False,5,Trung bình,Dài hạn
6510,111,Frank Ocean,Pink + White,69,114,65,10640307,False,3,Trung bình,Dài hạn
6511,112,"Post Malone, Swae Lee",Sunflower - Spider-Man: Into the Spider-Verse,1,102,297,10631532,False,-10,Trung bình,Dài hạn
6512,113,Myke Towers,LA FALDA,24,107,31,10571588,False,-6,Trung bình,Dài hạn
6513,114,Hotel Ugly,Shut up My Moms Calling,78,104,84,10543901,False,-10,Trung bình,Dài hạn
6514,115,Bruno Mars,Locked out of Heaven,32,144,114,10505281,False,29,Trung bình,Dài hạn
6515,116,OneRepublic,Counting Stars,86,126,174,10453560,False,10,Trung bình,Dài hạn
6516,117,The Weeknd,Die For You,12,119,131,10451347,False,2,Trung bình,Dài hạn
6517,118,"Drake, Wizkid, Kyla",One Dance,12,117,207,10419485,False,-1,Trung bình,Dài hạn
6518,119,Bruno Mars,That's What I Like,6,146,105,10419104,False,27,Trung bình,Dài hạn
6519,120,"Don Omar, Lucenzo",Danza Kuduro,91,124,47,10379826,False,4,Trung bình,Dài hạn
6520,121,Sal Priadi,Gala bunga matahari,121,-1,1,10370610,True,-122,Trung bình,Ngắn hạn
6521,122,Jung Kook,Standing Next to You,1,111,40,10330236,False,-11,Trung bình,Dài hạn
6522,123,Chappell Roan,Casual,123,142,4,10283113,False,19,Trung bình,Ngắn hạn
6523,124,Plan B,Es un Secreto,109,127,41,10252126,False,3,Trung bình,Dài hạn
6524,125,Miguel,Sure Thing,14,138,74,10199399,False,13,Trung bình,Dài hạn
6525,126,Hozier,Take Me To Church,108,116,154,10190891,False,-10,Trung bình,Dài hạn
6526,127,Billie Eilish,"What Was I Made For? [From The Motion Picture ""Barbie""]",3,148,57,10168232,False,21,Trung bình,Dài hạn
6527,128,Jimin,Be Mine,67,67,3,10166059,False,-61,Trung bình,Ngắn hạn
6528,129,The Killers,Mr. Brightside,94,130,137,10132170,False,1,Trung bình,Dài hạn
6529,130,"Bad Bunny, Feid",PERRO NEGRO,4,137,44,10075974,False,7,Trung bình,Dài hạn
6530,131,Miley Cyrus,Flowers,1,120,83,10050579,False,-11,Trung bình,Dài hạn
6531,132,Lana Del Rey,Summertime Sadness,83,133,105,10004975,False,1,Trung bình,Dài hạn
6532,133,Cigarettes After Sex,Apocalypse,79,141,109,9995968,False,8,Trung bình,Dài hạn
6533,134,Adele,Set Fire to the Rain,61,154,69,9994947,False,20,Trung bình,Dài hạn
6534,135,"Maluma, Carin Leon",Según Quién,17,139,37,9987108,False,4,Trung bình,Dài hạn
6535,136,Shawn Mendes,Why Why Why,136,-1,1,9953521,True,-137,Trung bình,Ngắn hạn
6536,137,Tommy Richman,DEVIL IS A LIE,39,105,9,9952490,False,-32,Trung bình,Trung hạn
6537,138,"French Montana, Swae Lee",Unforgettable,3,123,102,9945441,False,-15,Trung bình,Dài hạn
6538,139,Eminem,Without Me,31,125,151,9926760,False,-14,Trung bình,Dài hạn
6539,140,V,Love Me Again,11,103,53,9906943,False,-37,Trung bình,Dài hạn
6540,141,Keane,Somewhere Only We Know,80,135,95,9881805,False,-6,Trung bình,Dài hạn
6541,142,The Outfield,Your Love,134,134,16,9878613,False,-8,Trung bình,Dài hạn
6542,143,Sabrina Carpenter,Feather,34,128,37,9875272,False,-15,Trung bình,Dài hạn
6543,144,"FloyyMenor, Lewis Somes",APAGA EL CEL,66,87,10,9861687,False,-57,Trung bình,Trung hạn
6544,145,Zach Bryan,Something in the Orange,57,140,84,9829760,False,-5,Trung bình,Dài hạn
6545,146,"Macklemore, Ryan Lewis, Macklemore & Ryan Lewis, Ray Dalton",Can't Hold Us (feat. Ray Dalton),86,149,127,9676241,False,3,Trung bình,Dài hạn
6546,147,Stray Kids,Chk Chk Boom,36,106,4,9643679,False,-41,Thấp,Ngắn hạn
6547,148,Bruno Mars,Just the Way You Are,39,177,84,9630123,False,29,Thấp,Dài hạn
6548,149,Tyla,Water,12,131,47,9592186,False,-18,Thấp,Dài hạn
6549,150,Morgan Wallen,Lies Lies Lies,42,150,6,9583441,False,0,Thấp,Trung hạn
6550,151,"Rihanna, Calvin Harris",We Found Love,59,161,76,9541041,False,10,Thấp,Dài hạn
6551,152,d4vd,Romantic Homicide,17,159,94,9539585,False,7,Thấp,Dài hạn
6552,153,Imagine Dragons,Demons,111,167,90,9525891,False,14,Thấp,Dài hạn
6553,154,"Drake, Young Thug, 21 Savage",It's Up (feat. Young Thug & 21 Savage),154,-1,1,9491490,True,-155,Thấp,Ngắn hạn
6554,155,"Pitbull, AFROJACK, Ne-Yo, Nayer",Give Me Everything (feat. Nayer),127,152,14,9482985,False,-3,Thấp,Dài hạn
6555,156,The Police,Every Breath You Take,77,153,140,9463368,False,-3,Thấp,Dài hạn
6556,157,Arctic Monkeys,505,43,155,136,9452697,False,-2,Thấp,Dài hạn
6557,158,Taylor Swift,Lover,2,156,70,9448186,False,-2,Thấp,Dài hạn
6558,159,AC/DC,You Shook Me All Night Long,159,178,8,9404866,False,19,Thấp,Trung hạn
6559,160,Radiohead,Creep,143,165,38,9389278,False,5,Thấp,Dài hạn
6560,161,Lomiiel,HAY LUPITA,83,136,4,9372302,False,-25,Thấp,Ngắn hạn
6561,162,ILLIT,Magnetic,11,145,21,9349647,False,-17,Thấp,Dài hạn
6562,163,Adele,Someone Like You,38,186,13,9309410,False,23,Thấp,Dài hạn
6563,164,David Kushner,Daylight,5,162,70,9274498,False,-2,Thấp,Dài hạn
6564,165,"Peso Pluma, Kenia OS",TOMMY & PAMELA,160,160,3,9257497,False,-5,Thấp,Ngắn hạn
6565,166,"Coolio, L.V.",Gangsta's Paradise,40,157,83,9246077,False,-9,Thấp,Dài hạn
6566,167,Morgan Wallen,Last Night,14,171,77,9245214,False,4,Thấp,Dài hạn
6567,168,Travis Scott,HIGHEST IN THE ROOM,1,158,93,9234655,False,-10,Thấp,Dài hạn
6568,169,TV Girl,Lovers Rock,100,164,60,9174187,False,-5,Thấp,Dài hạn
6569,170,"Disturbed, CYRIL",The Sound of Silence - CYRIL Remix,106,163,18,9122706,False,-7,Thấp,Dài hạn
6570,171,Luke Combs,Ain't No Love In Oklahoma (From Twisters: The Album),137,151,5,9122276,False,-20,Thấp,Trung hạn
6571,172,"Kendrick Lamar, SZA",All The Stars (with SZA),2,174,63,9121456,False,2,Thấp,Dài hạn
6572,173,"Future, Metro Boomin, Travis Scott, Playboi Carti",Type Shit,11,147,21,9114989,False,-26,Thấp,Dài hạn
6573,174,"Quavo, Lana Del Rey",Tough,21,132,6,9051854,False,-42,Thấp,Trung hạn
6574,175,Coldplay,Sparks,153,183,14,8991984,False,8,Thấp,Dài hạn
6575,176,Bernadya,Satu Bulan,176,-1,1,8965023,True,-177,Thấp,Ngắn hạn
6576,177,"Earth, Wind & Fire",September,132,187,21,8936944,False,10,Thấp,Dài hạn
6577,178,"Ice Spice, Central Cee",Did It First (with Central Cee),38,61,5,8931411,False,-117,Thấp,Trung hạn
6578,179,"Myke Towers, Bad Bunny",ADIVINO,20,166,15,8925095,False,-13,Thấp,Dài hạn
6579,180,Fleetwood Mac,Dreams - 2004 Remaster,20,188,77,8833215,False,8,Thấp,Dài hạn
6580,181,KAROL G,MI EX TENÍA RAZÓN,22,-1,32,8833149,True,-182,Thấp,Dài hạn
6581,182,Backstreet Boys,I Want It That Way,170,170,3,8823502,False,-12,Thấp,Ngắn hạn
6582,183,TOTO,Africa,137,185,68,8808692,False,2,Thấp,Dài hạn
6583,184,Lana Del Rey,Young And Beautiful,174,196,6,8802828,False,12,Thấp,Trung hạn
6584,185,Creedence Clearwater Revival,Fortunate Son,158,198,7,8770293,False,13,Thấp,Trung hạn
6585,186,Imagine Dragons,Believer,16,175,388,8723406,False,-11,Thấp,Dài hạn
6586,187,OneRepublic,I Ain't Worried,7,172,114,8705960,False,-15,Thấp,Dài hạn
6587,188,"Elton John, Dua Lipa, PNAU",Cold Heart - PNAU Remix,4,176,145,8690852,False,-12,Thấp,Dài hạn
6588,189,"Lost Frequencies, Calum Scott",Where Are You Now,18,169,75,8683855,False,-20,Thấp,Dài hạn
6589,190,Avicii,Wake Me Up,13,194,105,8647477,False,4,Thấp,Dài hạn
6590,191,Dominic Fike,misses,140,-1,4,8617358,True,-192,Thấp,Ngắn hạn
6591,192,Gunna,one of wun,56,143,9,8599459,False,-49,Thấp,Trung hạn
6592,193,Artemas,if u think i'm pretty,52,197,11,8590896,False,4,Thấp,Trung hạn
6593,194,Kings of Leon,Sex on Fire,194,199,2,8576963,False,5,Thấp,Ngắn hạn
6594,195,Myke Towers,LALA,1,190,39,8525621,False,-5,Thấp,Dài hạn
6595,196,Glass Animals,Heat Waves,1,191,183,8525300,False,-5,Thấp,Dài hạn
6596,197,WALK THE MOON,Shut Up and Dance,154,192,15,8490252,False,-5,Thấp,Dài hạn
6597,198,Chappell Roan,Femininomenon,198,-1,1,8467671,True,-199,Thấp,Ngắn hạn
6598,199,Tears For Fears,Everybody Wants To Rule The World,91,182,99,8462704,False,-17,Thấp,Dài hạn
6599,200,FloyyMenor,PELIGROSA,200,-1,1,8457996,True,-201,Thấp,Ngắn hạn
6600,1,Billie Eilish,BIRDS OF A FEATHER,1,1,14,60644998,False,0,Rất cao,Dài hạn
6601,2,Jimin,Who,1,2,5,56793827,False,0,Rất cao,Trung hạn
6602,3,"Lady Gaga, Bruno Mars",Die With A Smile,3,-1,1,42015001,True,-4,Rất cao,Ngắn hạn
6603,4,Sabrina Carpenter,Espresso,1,3,19,41121695,False,-1,Rất cao,Dài hạn
6604,5,KAROL G,Si Antes Te Hubiera Conocido,5,5,9,39400832,False,0,Rất cao,Trung hạn
6605,6,Sabrina Carpenter,Please Please Please,1,4,11,39127835,False,-2,Rất cao,Trung hạn
6606,7,Chappell Roan,"Good Luck, Babe!",6,6,19,38291144,False,-1,Rất cao,Dài hạn
6607,8,"Hanumankind, Kalmi",Big Dawgs,7,7,4,30821192,False,-1,Rất cao,Ngắn hạn
6608,9,"LISA, ROSALÍA",New Woman (feat. ROSALÍA),9,-1,1,30122866,True,-10,Rất cao,Ngắn hạn
6609,10,"Post Malone, Morgan Wallen",I Had Some Help (Feat. Morgan Wallen),3,17,15,29879524,False,7,Rất cao,Dài hạn
6610,11,Benson Boone,Beautiful Things,1,9,31,29184731,False,-2,Rất cao,Dài hạn
6611,12,"Charli xcx, Billie Eilish",Guess featuring billie eilish,5,8,3,27478902,False,-4,Rất cao,Ngắn hạn
6612,13,Shaboozey,A Bar Song (Tipsy),6,12,19,26945884,False,-1,Rất cao,Dài hạn
6613,14,Hozier,Too Sweet,2,14,22,26511665,False,0,Rất cao,Dài hạn
6614,15,*NSYNC,Bye Bye Bye - From Deadpool and Wolverine Soundtrack,10,11,4,26389153,False,-4,Rất cao,Ngắn hạn
6615,16,"FloyyMenor, Cris Mj",Gata Only,3,10,28,25139667,False,-6,Rất cao,Dài hạn
6616,17,Kendrick Lamar,Not Like Us,2,13,16,24845742,False,-4,Rất cao,Dài hạn
6617,18,Tommy Richman,MILLION DOLLAR BABY,1,16,17,24045265,False,-2,Rất cao,Dài hạn
6618,19,Teddy Swims,Lose Control,5,18,41,22879372,False,-1,Rất cao,Dài hạn
6619,20,"Sevdaliza, Pabllo Vittar, Yseult",Alibi (with Pabllo Vittar & Yseult),12,15,8,22681882,False,-5,Rất cao,Trung hạn
6620,21,Djo,End of Beginning,3,21,27,20183826,False,0,Rất cao,Dài hạn
6621,22,"Adam Port, Stryv, Keinemusik, Orso, Malachiii",Move,19,19,10,20132022,False,-3,Rất cao,Trung hạn
6622,23,Taylor Swift,Cruel Summer,2,22,81,19962547,False,-1,Rất cao,Dài hạn
6623,24,The Neighbourhood,Sweater Weather,19,31,208,19484694,False,7,Rất cao,Dài hạn
6624,25,"The Weeknd, JENNIE, Lily-Rose Depp","One Of The Girls (with JENNIE, Lily Rose Depp)",3,24,46,19404495,False,-1,Rất cao,Dài hạn
6625,26,Ariana Grande,we can't be friends (wait for your love),1,25,24,19165245,False,-1,Rất cao,Dài hạn
6626,27,Chappell Roan,HOT TO GO!,25,26,10,18933026,False,-1,Rất cao,Trung hạn
6627,28,Myles Smith,Stargazing,16,23,15,18874249,False,-5,Rất cao,Dài hạn
6628,29,Arctic Monkeys,I Wanna Be Yours,15,32,111,18867838,False,3,Rất cao,Dài hạn
6629,30,Lord Huron,The Night We Met,20,20,96,18701746,False,-10,Rất cao,Dài hạn
6630,31,Dasha,Austin (Boots Stop Workin'),20,27,24,17399054,False,-4,Rất cao,Dài hạn
6631,32,Coldplay,Viva La Vida,31,37,104,17285651,False,5,Rất cao,Dài hạn
6632,33,"Feid, ATL Jacob",LUNA,9,35,37,17209248,False,2,Rất cao,Dài hạn
6633,34,Artemas,i like the way you kiss me,1,29,22,17015820,False,-5,Rất cao,Dài hạn
6634,35,Charli xcx,Apple,28,28,5,16715913,False,-7,Rất cao,Trung hạn
6635,36,Billie Eilish,LUNCH,1,30,14,16462674,False,-6,Rất cao,Dài hạn
6636,37,Billie Eilish,WILDFLOWER,15,43,14,15705206,False,6,Rất cao,Dài hạn
6637,38,Jordan Adetunji,KEHLANI,36,36,9,15584403,False,-2,Rất cao,Trung hạn
6638,39,Kapo,Ohnana,39,49,5,15503455,False,10,Rất cao,Trung hạn
6639,40,Cris Mj,SI NO ES CONTIGO,33,39,13,15411453,False,-1,Rất cao,Dài hạn
6640,41,Richy Mitch & The Coal Miners,Evergreen,40,42,32,15349832,False,1,Rất cao,Dài hạn
6641,42,SZA,Kill Bill,1,56,89,15346625,False,14,Rất cao,Dài hạn
6642,43,"Taylor Swift, Post Malone",Fortnight (feat. Post Malone),1,47,18,15238840,False,4,Rất cao,Dài hạn
6643,44,Benson Boone,Slow It Down,27,44,22,15172287,False,0,Rất cao,Dài hạn
6644,45,Bruno Mars,When I Was Your Man,38,46,95,15016840,False,1,Cao,Dài hạn
6645,46,"Travis Scott, Playboi Carti",FE!N (feat. Playboi Carti),5,45,49,14913185,False,-1,Cao,Dài hạn
6646,47,"Tyler, The Creator, Kali Uchis",See You Again (feat. Kali Uchis),16,58,78,14627304,False,11,Cao,Dài hạn
6647,48,"David Guetta, OneRepublic",I Don't Wanna Wait,34,48,19,14582851,False,0,Cao,Dài hạn
6648,49,Billie Eilish,CHIHIRO,5,40,14,14528334,False,-9,Cao,Dài hạn
6649,50,Trueno,REAL GANGSTA LOVE,13,33,12,14516534,False,-17,Cao,Trung hạn
6650,51,The Kid LAROI,NIGHTS LIKE THIS,51,52,9,14511184,False,1,Cao,Trung hạn
6651,52,Noah Kahan,Stick Season,6,53,46,14482643,False,1,Cao,Dài hạn
6652,53,Mark Ambor,Belong Together,19,34,21,14408574,False,-19,Cao,Dài hạn
6653,54,"Post Malone, Luke Combs",Guy For That (Feat. Luke Combs),43,101,4,14385489,False,47,Cao,Ngắn hạn
6654,55,Eminem,Houdini,2,38,12,14364181,False,-17,Cao,Trung hạn
6655,56,a-ha,Take on Me,56,68,45,14327381,False,12,Cao,Dài hạn
6656,57,"Jung Kook, Latto",Seven (feat. Latto) (Explicit Ver.),1,51,58,14140875,False,-6,Cao,Dài hạn
6657,58,"Peso Pluma, Neton Vega",LA PATRULLA,58,60,9,14021276,False,2,Cao,Trung hạn
6658,59,Bruno Mars,That's What I Like,6,119,106,13818122,False,60,Cao,Dài hạn
6659,60,Alphaville,Forever Young,54,54,5,13760903,False,-6,Cao,Trung hạn
6660,61,"Rvssian, Rauw Alejandro, Ayra Starr",Santa,14,50,18,13739388,False,-11,Cao,Dài hạn
6661,62,"The Chainsmokers, Coldplay",Something Just Like This,2,84,221,13736106,False,22,Cao,Dài hạn
6662,63,"Blessd, Ovy On The Drums",Mírame,38,64,8,13602123,False,1,Cao,Trung hạn
6663,64,Mitski,My Love Mine All Mine,3,59,48,13578362,False,-5,Cao,Dài hạn
6664,65,Natasha Bedingfield,Unwritten,16,76,32,13317917,False,11,Cao,Dài hạn
6665,66,The Goo Goo Dolls,Iris,40,65,51,13282387,False,-1,Cao,Dài hạn
6666,67,"Zach Bryan, Kacey Musgraves",I Remember Everything (feat. Kacey Musgraves),20,77,52,13187106,False,10,Cao,Dài hạn
6667,68,Harry Styles,As It Was,1,69,125,13144254,False,1,Cao,Dài hạn
6668,69,Chappell Roan,Pink Pony Club,69,70,8,13090977,False,1,Cao,Trung hạn
6669,70,Manuel Turizo,La Bachata,4,55,112,13077209,False,-15,Cao,Dài hạn
6670,71,Charli xcx,360,42,62,11,12982195,False,-9,Cao,Trung hạn
6671,72,Taylor Swift,august,11,63,67,12959959,False,-9,Cao,Dài hạn
6672,73,Tom Odell,Another Love,15,66,176,12939759,False,-7,Cao,Dài hạn
6673,74,"The Weeknd, Daft Punk",Starboy,1,71,203,12814769,False,-3,Cao,Dài hạn
6674,75,Fuerza Regida,NEL,75,97,2,12798532,False,22,Cao,Ngắn hạn
6675,76,"Megan Thee Stallion, Yuki Chiba",Mamushi (feat. Yuki Chiba),41,57,7,12729632,False,-19,Cao,Trung hạn
6676,77,"Luis R Conriquez, Neton Vega",Si No Quieres No,28,61,19,12649071,False,-16,Cao,Dài hạn
6677,78,LISA,Rockstar,14,41,8,12636386,False,-37,Cao,Trung hạn
6678,79,Grelo,Só Fé,78,78,2,12569024,False,-1,Cao,Ngắn hạn
6679,80,Bruno Mars,Locked out of Heaven,32,115,115,12493351,False,35,Cao,Dài hạn
6680,81,"Dionela, Jay R",sining (feat. Jay R),72,72,5,12465828,False,-9,Cao,Trung hạn
6681,82,"KAROL G, Peso Pluma",QLONA,5,67,54,12465666,False,-15,Cao,Dài hạn
6682,83,Coldplay,A Sky Full of Stars,83,92,16,12455072,False,9,Cao,Dài hạn
6683,84,The Weeknd,Blinding Lights,1,79,247,12408255,False,-5,Cao,Dài hạn
6684,85,Coldplay,Yellow,35,90,192,12352265,False,5,Cao,Dài hạn
6685,86,Tate McRae,greedy,1,81,49,12327679,False,-5,Cao,Dài hạn
6686,87,Chappell Roan,Red Wine Supernova,80,80,11,12309966,False,-7,Cao,Trung hạn
6687,88,Sabrina Carpenter,Nonsense,17,95,83,12184219,False,7,Cao,Dài hạn
6688,89,CYRIL,Stumblin' In,60,73,22,12170871,False,-16,Cao,Dài hạn
6689,90,Journey,Don't Stop Believin' (2022 Remaster),89,100,25,12141654,False,10,Cao,Dài hạn
6690,91,Creedence Clearwater Revival,Have You Ever Seen The Rain,75,75,53,11962985,False,-16,Cao,Dài hạn
6691,92,Gracie Abrams,"I Love You, I'm Sorry",74,74,3,11961376,False,-18,Cao,Ngắn hạn
6692,93,Michael Marcagi,Scared To Start,25,87,29,11900184,False,-6,Cao,Dài hạn
6693,94,Taylor Swift,I Can Do It With a Broken Heart,5,86,18,11815661,False,-8,Cao,Dài hạn
6694,95,The Walters,I Love You So,21,91,119,11709925,False,-4,Cao,Dài hạn
6695,96,SZA,Saturn,17,85,26,11556041,False,-11,Cao,Dài hạn
6696,97,Zach Bryan,Pink Skies,21,102,13,11550575,False,5,Cao,Dài hạn
6697,98,Adele,Easy On Me,1,106,91,11458869,False,8,Cao,Dài hạn
6698,99,Feid,SORRY 4 THAT MUCH,38,96,11,11419952,False,-3,Cao,Trung hạn
6699,100,Bernadya,Satu Bulan,100,176,2,11284746,False,76,Cao,Ngắn hạn
6700,101,"French Montana, Swae Lee",Unforgettable,3,138,103,11205225,False,37,Trung bình,Dài hạn
6701,102,OneRepublic,Counting Stars,86,116,175,11170130,False,14,Trung bình,Dài hạn
6702,103,"Post Malone, Tim McGraw",Wrong Ones (Feat. Tim McGraw),103,-1,1,11120704,True,-104,Trung bình,Ngắn hạn
6703,104,"Post Malone, Swae Lee",Sunflower - Spider-Man: Into the Spider-Verse,1,112,298,11108568,False,8,Trung bình,Dài hạn
6704,105,"Post Malone, Blake Shelton",Pour Me A Drink (Feat. Blake Shelton),37,-1,5,11070158,True,-106,Trung bình,Trung hạn
6705,106,One Direction,Night Changes,79,93,95,11042911,False,-13,Trung bình,Dài hạn
6706,107,"The Kid LAROI, Justin Bieber",STAY (with Justin Bieber),1,98,154,11024788,False,-9,Trung bình,Dài hạn
6707,108,Lewis Capaldi,Someone You Loved,4,89,293,10982140,False,-19,Trung bình,Dài hạn
6708,109,Bruno Mars,Just the Way You Are,39,148,85,10961448,False,39,Trung bình,Dài hạn
6709,110,Miguel,Sure Thing,14,125,75,10916962,False,15,Trung bình,Dài hạn
6710,111,Frank Ocean,Pink + White,69,111,66,10882783,False,0,Trung bình,Dài hạn
6711,112,"Don Omar, Lucenzo",Danza Kuduro,91,120,48,10860464,False,8,Trung bình,Dài hạn
6712,113,Cigarettes After Sex,Apocalypse,79,133,110,10849981,False,20,Trung bình,Dài hạn
6713,114,"Lost Frequencies, Tom Odell",Black Friday (pretty like the sun),82,82,4,10849392,False,-32,Trung bình,Ngắn hạn
6714,115,James Arthur,Say You Won't Let Go,7,94,320,10795672,False,-21,Trung bình,Dài hạn
6715,116,KAROL G,AMARGURA,53,88,66,10766118,False,-28,Trung bình,Dài hạn
6716,117,"Billie Eilish, Khalid",lovely (with Khalid),24,107,331,10730521,False,-10,Trung bình,Dài hạn
6717,118,"Earth, Wind & Fire",September,118,177,22,10724870,False,59,Trung bình,Dài hạn
6718,119,The Weeknd,Die For You,12,117,132,10722475,False,-2,Trung bình,Dài hạn
6719,120,"Central Cee, Lil Baby",BAND4BAND (feat. Lil Baby),13,83,13,10684545,False,-37,Trung bình,Dài hạn
6720,121,"David Guetta, Bebe Rexha",I'm Good (Blue),2,99,104,10682031,False,-22,Trung bình,Dài hạn
6721,122,Billie Eilish,"What Was I Made For? [From The Motion Picture ""Barbie""]",3,127,58,10635998,False,5,Trung bình,Dài hạn
6722,123,"Natanael Cano, Oscar Maydon",Madonna,18,109,24,10586467,False,-14,Trung bình,Dài hạn
6723,124,"Drake, Wizkid, Kyla",One Dance,12,118,208,10581416,False,-6,Trung bình,Dài hạn
6724,125,Adele,Set Fire to the Rain,61,134,70,10509057,False,9,Trung bình,Dài hạn
6725,126,Hotel Ugly,Shut up My Moms Calling,78,114,85,10488213,False,-12,Trung bình,Dài hạn
6726,127,Keane,Somewhere Only We Know,80,141,96,10478933,False,14,Trung bình,Dài hạn
6727,128,"Bad Bunny, Feid",PERRO NEGRO,4,130,45,10316922,False,2,Trung bình,Dài hạn
6728,129,"Macklemore, Ryan Lewis, Macklemore & Ryan Lewis, Ray Dalton",Can't Hold Us (feat. Ray Dalton),86,146,128,10292619,False,17,Trung bình,Dài hạn
6729,130,Lana Del Rey,Summertime Sadness,83,132,106,10271467,False,2,Trung bình,Dài hạn
6730,131,"Future, Metro Boomin, Kendrick Lamar",Like That,4,105,22,10259998,False,-26,Trung bình,Dài hạn
6731,132,Plan B,Es un Secreto,109,124,42,10259077,False,-8,Trung bình,Dài hạn
6732,133,"Peso Pluma, Tito Double P",LOS CUADROS,133,-1,1,10163209,True,-134,Trung bình,Ngắn hạn
6733,134,"Shakira, Wyclef Jean",Hips Don't Lie (feat. Wyclef Jean),82,110,19,10150613,False,-24,Trung bình,Dài hạn
6734,135,Miley Cyrus,Flowers,1,131,84,10141053,False,-4,Trung bình,Dài hạn
6735,136,Chappell Roan,Casual,123,123,5,10134765,False,-13,Trung bình,Trung hạn
6736,137,TV Girl,Lovers Rock,100,169,61,10119503,False,32,Trung bình,Dài hạn
6737,138,Hozier,Take Me To Church,108,126,155,10091257,False,-12,Trung bình,Dài hạn
6738,139,Vance Joy,Riptide,30,104,184,10058869,False,-35,Trung bình,Dài hạn
6739,140,Radiohead,Creep,140,160,39,10036041,False,20,Trung bình,Dài hạn
6740,141,Jung Kook,Standing Next to You,1,122,41,10013560,False,-19,Trung bình,Dài hạn
6741,142,Sabrina Carpenter,Feather,34,143,38,10008482,False,1,Trung bình,Dài hạn
6742,143,"Pitbull, AFROJACK, Ne-Yo, Nayer",Give Me Everything (feat. Nayer),127,155,15,10004219,False,12,Trung bình,Dài hạn
6743,144,Gunna,fukumean,9,103,52,9965760,False,-41,Trung bình,Dài hạn
6744,145,V,Love Me Again,11,140,54,9957485,False,-5,Trung bình,Dài hạn
6745,146,Zach Bryan,Something in the Orange,57,145,85,9955425,False,-1,Trung bình,Dài hạn
6746,147,The Police,Every Breath You Take,77,156,141,9953619,False,9,Trung bình,Dài hạn
6747,148,Imagine Dragons,Demons,111,153,91,9938128,False,5,Trung bình,Dài hạn
6748,149,Arctic Monkeys,505,43,157,137,9866634,False,8,Trung bình,Dài hạn
6749,150,The Killers,Mr. Brightside,94,129,138,9866362,False,-21,Trung bình,Dài hạn
6750,151,"Maluma, Carin Leon",Según Quién,17,135,38,9863786,False,-16,Trung bình,Dài hạn
6751,152,AC/DC,You Shook Me All Night Long,152,159,9,9863584,False,7,Trung bình,Trung hạn
6752,153,Jimin,Be Mine,67,128,4,9811009,False,-25,Trung bình,Ngắn hạn
6753,154,Myke Towers,LA FALDA,24,113,32,9758319,False,-41,Trung bình,Dài hạn
6754,155,Lana Del Rey,Young And Beautiful,155,184,7,9756208,False,29,Trung bình,Trung hạn
6755,156,Coldplay,Sparks,153,175,15,9752201,False,19,Trung bình,Dài hạn
6756,157,"Rihanna, Calvin Harris",We Found Love,59,151,77,9723162,False,-6,Trung bình,Dài hạn
6757,158,"Coolio, L.V.",Gangsta's Paradise,40,166,84,9716582,False,8,Trung bình,Dài hạn
6758,159,Eminem,Without Me,31,139,152,9689961,False,-20,Trung bình,Dài hạn
6759,160,TOTO,Africa,137,183,69,9615515,False,23,Thấp,Dài hạn
6760,161,"Kendrick Lamar, SZA",All The Stars (with SZA),2,172,64,9611382,False,11,Thấp,Dài hạn
6761,162,Adele,Someone Like You,38,163,14,9578109,False,1,Thấp,Dài hạn
6762,163,Backstreet Boys,I Want It That Way,163,182,4,9529347,False,19,Thấp,Ngắn hạn
6763,164,The Outfield,Your Love,134,142,17,9506408,False,-22,Thấp,Dài hạn
6764,165,Tyla,Water,12,149,48,9488738,False,-16,Thấp,Dài hạn
6765,166,Morgan Wallen,Lies Lies Lies,42,150,7,9421525,False,-16,Thấp,Trung hạn
6766,167,Gigi Perez,Sailor Song,167,-1,1,9384044,True,-168,Thấp,Ngắn hạn
6767,168,Taylor Swift,Lover,2,158,71,9369301,False,-10,Thấp,Dài hạn
6768,169,d4vd,Romantic Homicide,17,152,95,9349722,False,-17,Thấp,Dài hạn
6769,170,FloyyMenor,PELIGROSA,170,200,2,9326275,False,30,Thấp,Ngắn hạn
6770,171,WALK THE MOON,Shut Up and Dance,154,197,16,9319423,False,26,Thấp,Dài hạn
6771,172,Travis Scott,HIGHEST IN THE ROOM,1,168,94,9318801,False,-4,Thấp,Dài hạn
6772,173,"P!nk, Nate Ruess",Just Give Me a Reason (feat. Nate Ruess),173,-1,1,9242343,True,-174,Thấp,Ngắn hạn
6773,174,Imagine Dragons,Believer,16,186,389,9203825,False,12,Thấp,Dài hạn
6774,175,Sal Priadi,Gala bunga matahari,121,121,2,9197283,False,-54,Thấp,Ngắn hạn
6775,176,"Peso Pluma, Kenia OS",TOMMY & PAMELA,160,165,4,9182179,False,-11,Thấp,Ngắn hạn
6776,177,Post Malone,What Don't Belong To Me,177,-1,1,9177399,True,-178,Thấp,Ngắn hạn
6777,178,Tommy Richman,DEVIL IS A LIE,39,137,10,9158897,False,-41,Thấp,Trung hạn
6778,179,TOTO,Hold the Line,179,-1,2,9144323,True,-180,Thấp,Ngắn hạn
6779,180,KAROL G,MI EX TENÍA RAZÓN,22,181,33,9143659,False,1,Thấp,Dài hạn
6780,181,Foster The People,Pumped Up Kicks,160,-1,8,9102752,True,-182,Thấp,Trung hạn
6781,182,Kapo,UWAIE,182,-1,1,9095053,True,-183,Thấp,Ngắn hạn
6782,183,Myke Towers,LALA,1,195,40,9083741,False,12,Thấp,Dài hạn
6783,184,"Future, Metro Boomin, Travis Scott, Playboi Carti",Type Shit,11,173,22,9056257,False,-11,Thấp,Dài hạn
6784,185,"Post Malone, Chris Stapleton",California Sober (Feat. Chris Stapleton),185,-1,1,9040396,True,-186,Thấp,Ngắn hạn
6785,186,ILLIT,Magnetic,11,162,22,8963926,False,-24,Thấp,Dài hạn
6786,187,Maroon 5,Maps,171,-1,18,8957653,True,-188,Thấp,Dài hạn
6787,188,"Myke Towers, Bad Bunny",ADIVINO,20,179,16,8935476,False,-9,Thấp,Dài hạn
6788,189,Avicii,Wake Me Up,13,190,106,8904929,False,1,Thấp,Dài hạn
6789,190,Stray Kids,Chk Chk Boom,36,147,5,8897989,False,-43,Thấp,Trung hạn
6790,191,Fleetwood Mac,Dreams - 2004 Remaster,20,180,78,8890843,False,-11,Thấp,Dài hạn
6791,192,The Neighbourhood,Softcore,35,-1,40,8874653,True,-193,Thấp,Dài hạn
6792,193,Train,"Hey, Soul Sister",193,-1,2,8868833,True,-194,Thấp,Ngắn hạn
6793,194,Dua Lipa,Don't Start Now,2,-1,164,8847656,True,-195,Thấp,Dài hạn
6794,195,Kings of Leon,Sex on Fire,194,194,3,8832678,False,-1,Thấp,Ngắn hạn
6795,196,Gunna,one of wun,56,192,10,8788246,False,-4,Thấp,Trung hạn
6796,197,Lomiiel,HAY LUPITA,83,161,5,8737250,False,-36,Thấp,Trung hạn
6797,198,David Kushner,Daylight,5,164,71,8722737,False,-34,Thấp,Dài hạn
6798,199,Adele,Rolling in the Deep,36,-1,32,8720465,True,-200,Thấp,Dài hạn
6799,200,"Disturbed, CYRIL",The Sound of Silence - CYRIL Remix,106,170,19,8720288,False,-30,Thấp,Dài hạn
6800,1,"Lady Gaga, Bruno Mars",Die With A Smile,1,3,2,64681639,False,2,Rất cao,Ngắn hạn
6801,2,Billie Eilish,BIRDS OF A FEATHER,1,1,15,60913393,False,-1,Rất cao,Dài hạn
6802,3,Sabrina Carpenter,Please Please Please,1,6,12,56865036,False,3,Rất cao,Trung hạn
6803,4,Sabrina Carpenter,Espresso,1,4,20,55202552,False,0,Rất cao,Dài hạn
6804,5,Jimin,Who,1,2,6,54299425,False,-3,Rất cao,Trung hạn
6805,6,Sabrina Carpenter,Taste,6,-1,1,53682650,True,-7,Rất cao,Ngắn hạn
6806,7,KAROL G,Si Antes Te Hubiera Conocido,5,5,10,41120665,False,-2,Rất cao,Trung hạn
6807,8,Chappell Roan,"Good Luck, Babe!",6,7,20,40219805,False,-1,Rất cao,Dài hạn
6808,9,Benson Boone,Beautiful Things,1,11,32,29022177,False,2,Rất cao,Dài hạn
6809,10,"Hanumankind, Kalmi",Big Dawgs,7,8,5,28873230,False,-2,Rất cao,Trung hạn
6810,11,Sabrina Carpenter,Good Graces,11,-1,1,27564193,True,-12,Rất cao,Ngắn hạn
6811,12,Sabrina Carpenter,Bed Chem,12,-1,1,26470056,True,-13,Rất cao,Ngắn hạn
6812,13,*NSYNC,Bye Bye Bye - From Deadpool and Wolverine Soundtrack,10,15,5,26257280,False,2,Rất cao,Trung hạn
6813,14,"Charli xcx, Billie Eilish",Guess featuring billie eilish,5,12,4,25956723,False,-2,Rất cao,Ngắn hạn
6814,15,Shaboozey,A Bar Song (Tipsy),6,13,20,25867101,False,-2,Rất cao,Dài hạn
6815,16,Hozier,Too Sweet,2,14,23,25865655,False,-2,Rất cao,Dài hạn
6816,17,"FloyyMenor, Cris Mj",Gata Only,3,16,29,24496879,False,-1,Rất cao,Dài hạn
6817,18,Teddy Swims,Lose Control,5,19,42,24268275,False,1,Rất cao,Dài hạn
6818,19,"LISA, ROSALÍA",New Woman (feat. ROSALÍA),9,9,2,23889805,False,-10,Rất cao,Ngắn hạn
6819,20,"Post Malone, Morgan Wallen",I Had Some Help (Feat. Morgan Wallen),3,10,16,23882171,False,-10,Rất cao,Dài hạn
6820,21,Kendrick Lamar,Not Like Us,2,17,17,23168263,False,-4,Rất cao,Dài hạn
6821,22,Tommy Richman,MILLION DOLLAR BABY,1,18,18,22337915,False,-4,Rất cao,Dài hạn
6822,23,Sabrina Carpenter,Juno,23,-1,1,21714599,True,-24,Rất cao,Ngắn hạn
6823,24,"Sevdaliza, Pabllo Vittar, Yseult",Alibi (with Pabllo Vittar & Yseult),12,20,9,21551345,False,-4,Rất cao,Trung hạn
6824,25,Sabrina Carpenter,Sharpest Tool,25,-1,1,21224766,True,-26,Rất cao,Ngắn hạn
6825,26,"Adam Port, Stryv, Keinemusik, Orso, Malachiii",Move,19,22,11,20700873,False,-4,Rất cao,Trung hạn
6826,27,Djo,End of Beginning,3,21,28,20371743,False,-6,Rất cao,Dài hạn
6827,28,Sabrina Carpenter,Coincidence,28,-1,1,19912210,True,-29,Rất cao,Ngắn hạn
6828,29,Ariana Grande,we can't be friends (wait for your love),1,26,25,19823340,False,-3,Rất cao,Dài hạn
6829,30,Chappell Roan,HOT TO GO!,25,27,11,19482617,False,-3,Rất cao,Trung hạn
6830,31,Lord Huron,The Night We Met,20,30,97,19408088,False,-1,Rất cao,Dài hạn
6831,32,"The Weeknd, JENNIE, Lily-Rose Depp","One Of The Girls (with JENNIE, Lily Rose Depp)",3,25,47,19231638,False,-7,Rất cao,Dài hạn
6832,33,Taylor Swift,Cruel Summer,2,23,82,19085894,False,-10,Rất cao,Dài hạn
6833,34,The Neighbourhood,Sweater Weather,19,24,209,18990676,False,-10,Rất cao,Dài hạn
6834,35,Myles Smith,Stargazing,16,28,16,18866313,False,-7,Rất cao,Dài hạn
6835,36,Arctic Monkeys,I Wanna Be Yours,15,29,112,18865047,False,-7,Rất cao,Dài hạn
6836,37,Sabrina Carpenter,Slim Pickins,37,-1,1,18371098,True,-38,Rất cao,Ngắn hạn
6837,38,Dasha,Austin (Boots Stop Workin'),20,31,25,17549754,False,-7,Rất cao,Dài hạn
6838,39,Billie Eilish,WILDFLOWER,15,37,15,17362228,False,-2,Rất cao,Dài hạn
6839,40,"Feid, ATL Jacob",LUNA,9,33,38,16996239,False,-7,Rất cao,Dài hạn
6840,41,Charli xcx,Apple,28,35,6,16951878,False,-6,Rất cao,Trung hạn
6841,42,Kapo,UWAIE,42,182,2,16794235,False,140,Rất cao,Ngắn hạn
6842,43,Kapo,Ohnana,39,39,6,16417164,False,-4,Rất cao,Trung hạn
6843,44,Coldplay,Viva La Vida,31,32,105,15940314,False,-12,Rất cao,Dài hạn
6844,45,Sabrina Carpenter,Dumb & Poetic,45,-1,1,15878058,True,-46,Rất cao,Ngắn hạn
6845,46,Artemas,i like the way you kiss me,1,34,23,15720014,False,-12,Rất cao,Dài hạn
6846,47,"Travis Scott, Playboi Carti",FE!N (feat. Playboi Carti),5,46,50,15504499,False,-1,Rất cao,Dài hạn
6847,48,Billie Eilish,LUNCH,1,36,15,15346110,False,-12,Rất cao,Dài hạn
6848,49,The Kid LAROI,NIGHTS LIKE THIS,49,51,10,15240605,False,2,Rất cao,Trung hạn
6849,50,Sabrina Carpenter,Don’t Smile,50,-1,1,15139681,True,-51,Rất cao,Ngắn hạn
6850,51,Jordan Adetunji,KEHLANI,36,38,10,15133250,False,-13,Rất cao,Trung hạn
6851,52,"Peso Pluma, Neton Vega",LA PATRULLA,52,58,10,15112032,False,6,Rất cao,Trung hạn
6852,53,Benson Boone,Slow It Down,27,44,23,14838696,False,-9,Cao,Dài hạn
6853,54,Alphaville,Forever Young,54,60,6,14679572,False,6,Cao,Trung hạn
6854,55,Sabrina Carpenter,Lie To Girls,55,-1,1,14555580,True,-56,Cao,Ngắn hạn
6855,56,"Tyler, The Creator, Kali Uchis",See You Again (feat. Kali Uchis),16,47,79,14479624,False,-9,Cao,Dài hạn
6856,57,"Jung Kook, Latto",Seven (feat. Latto) (Explicit Ver.),1,57,59,14316991,False,0,Cao,Dài hạn
6857,58,Bernadya,Satu Bulan,58,100,3,14298390,False,42,Cao,Ngắn hạn
6858,59,Billie Eilish,CHIHIRO,5,49,15,14225301,False,-10,Cao,Dài hạn
6859,60,Bruno Mars,When I Was Your Man,38,45,96,14151177,False,-15,Cao,Dài hạn
6860,61,Fuerza Regida,NEL,61,75,3,14143799,False,14,Cao,Ngắn hạn
6861,62,Noah Kahan,Stick Season,6,52,47,14065795,False,-10,Cao,Dài hạn
6862,63,SZA,Kill Bill,1,42,90,14009013,False,-21,Cao,Dài hạn
6863,64,Bruno Mars,That's What I Like,6,59,107,13912863,False,-5,Cao,Dài hạn
6864,65,"Taylor Swift, Post Malone",Fortnight (feat. Post Malone),1,43,19,13847334,False,-22,Cao,Dài hạn
6865,66,"David Guetta, OneRepublic",I Don't Wanna Wait,34,48,20,13730838,False,-18,Cao,Dài hạn
6866,67,"Blessd, Ovy On The Drums",Mírame,38,63,9,13613942,False,-4,Cao,Trung hạn
6867,68,Gracie Abrams,"I Love You, I'm Sorry",68,92,4,13438311,False,24,Cao,Ngắn hạn
6868,69,Tom Odell,Another Love,15,73,177,13424238,False,4,Cao,Dài hạn
6869,70,Cris Mj,SI NO ES CONTIGO,33,40,14,13400685,False,-30,Cao,Dài hạn
6870,71,Mitski,My Love Mine All Mine,3,64,49,13333915,False,-7,Cao,Dài hạn
6871,72,Sabrina Carpenter,Nonsense,17,88,84,13257339,False,16,Cao,Dài hạn
6872,73,Eminem,Houdini,2,55,13,13239908,False,-18,Cao,Dài hạn
6873,74,"Rvssian, Rauw Alejandro, Ayra Starr",Santa,14,61,19,13213277,False,-13,Cao,Dài hạn
6874,75,Chappell Roan,Pink Pony Club,69,69,9,13203563,False,-6,Cao,Trung hạn
6875,76,The Goo Goo Dolls,Iris,40,66,52,13051565,False,-10,Cao,Dài hạn
6876,77,"The Weeknd, Daft Punk",Starboy,1,74,204,12781778,False,-3,Cao,Dài hạn
6877,78,"The Chainsmokers, Coldplay",Something Just Like This,2,62,222,12748620,False,-16,Cao,Dài hạn
6878,79,"Luis R Conriquez, Neton Vega",Si No Quieres No,28,77,20,12743032,False,-2,Cao,Dài hạn
6879,80,Mark Ambor,Belong Together,19,53,22,12690229,False,-27,Cao,Dài hạn
6880,81,Coldplay,Yellow,35,85,193,12611896,False,4,Cao,Dài hạn
6881,82,Natasha Bedingfield,Unwritten,16,65,33,12567388,False,-17,Cao,Dài hạn
6882,83,CYRIL,Stumblin' In,60,89,23,12549955,False,6,Cao,Dài hạn
6883,84,Harry Styles,As It Was,1,68,126,12490007,False,-16,Cao,Dài hạn
6884,85,"KAROL G, Peso Pluma",QLONA,5,82,55,12382958,False,-3,Cao,Dài hạn
6885,86,Trueno,REAL GANGSTA LOVE,13,50,13,12325984,False,-36,Cao,Dài hạn
6886,87,Charli xcx,360,42,71,12,12243151,False,-16,Cao,Trung hạn
6887,88,The Weeknd,Blinding Lights,1,84,248,12237695,False,-4,Cao,Dài hạn
6888,89,"Megan Thee Stallion, Yuki Chiba",Mamushi (feat. Yuki Chiba),41,76,8,12218552,False,-13,Cao,Trung hạn
6889,90,Chappell Roan,Red Wine Supernova,80,87,12,12177605,False,-3,Cao,Trung hạn
6890,91,Tate McRae,greedy,1,86,50,12170547,False,-5,Cao,Dài hạn
6891,92,"Dionela, Jay R",sining (feat. Jay R),72,81,6,12075183,False,-11,Cao,Trung hạn
6892,93,SZA,Saturn,17,96,27,12006752,False,3,Cao,Dài hạn
6893,94,Oasis,Wonderwall - Remastered,94,-1,103,11996486,True,-95,Cao,Dài hạn
6894,95,Manuel Turizo,La Bachata,4,70,113,11904693,False,-25,Cao,Dài hạn
6895,96,Taylor Swift,I Can Do It With a Broken Heart,5,94,19,11889709,False,-2,Cao,Dài hạn
6896,97,Michael Marcagi,Scared To Start,25,93,30,11843032,False,-4,Cao,Dài hạn
6897,98,Frank Ocean,Pink + White,69,111,67,11759183,False,13,Cao,Dài hạn
6898,99,a-ha,Take on Me,56,56,46,11729453,False,-43,Cao,Dài hạn
6899,100,The Walters,I Love You So,21,95,120,11667132,False,-5,Cao,Dài hạn
6900,101,Bruno Mars,Locked out of Heaven,32,80,116,11660078,False,-21,Cao,Dài hạn
6901,102,"Zach Bryan, Kacey Musgraves",I Remember Everything (feat. Kacey Musgraves),20,67,53,11635386,False,-35,Cao,Dài hạn
6902,103,Coldplay,A Sky Full of Stars,83,83,17,11477629,False,-20,Cao,Dài hạn
6903,104,Feid,SORRY 4 THAT MUCH,38,99,12,11438941,False,-5,Cao,Trung hạn
6904,105,Adele,Easy On Me,1,98,92,11373832,False,-7,Cao,Dài hạn
6905,106,LISA,Rockstar,14,78,9,11328925,False,-28,Cao,Trung hạn
6906,107,Taylor Swift,august,11,72,68,11299530,False,-35,Cao,Dài hạn
6907,108,"Maisak, Feid",SE ME OLVIDA,108,-1,1,11260239,True,-109,Cao,Ngắn hạn
6908,109,Zach Bryan,Pink Skies,21,97,14,11255479,False,-12,Trung bình,Dài hạn
6909,110,Gigi Perez,Sailor Song,110,167,2,11188162,False,57,Trung bình,Ngắn hạn
6910,111,Journey,Don't Stop Believin' (2022 Remaster),89,90,26,11168440,False,-21,Trung bình,Dài hạn
6911,112,"Lost Frequencies, Tom Odell",Black Friday (pretty like the sun),82,114,5,11155062,False,2,Trung bình,Trung hạn
6912,113,"The Kid LAROI, Justin Bieber",STAY (with Justin Bieber),1,107,155,11129676,False,-6,Trung bình,Dài hạn
6913,114,Richy Mitch & The Coal Miners,Evergreen,40,41,33,11107142,False,-73,Trung bình,Dài hạn
6914,115,One Direction,Night Changes,79,106,96,11067987,False,-9,Trung bình,Dài hạn
6915,116,"Peso Pluma, Tito Double P",LOS CUADROS,116,133,2,11030496,False,17,Trung bình,Ngắn hạn
6916,117,Sabrina Carpenter,Feather,34,142,39,11023279,False,25,Trung bình,Dài hạn
6917,118,Lewis Capaldi,Someone You Loved,4,108,294,10964569,False,-10,Trung bình,Dài hạn
6918,119,Cigarettes After Sex,Apocalypse,79,113,111,10883614,False,-6,Trung bình,Dài hạn
6919,120,FloyyMenor,PELIGROSA,120,170,3,10876225,False,50,Trung bình,Ngắn hạn
6920,121,Hotel Ugly,Shut up My Moms Calling,78,126,86,10849928,False,5,Trung bình,Dài hạn
6921,122,"Post Malone, Swae Lee",Sunflower - Spider-Man: Into the Spider-Verse,1,104,299,10792147,False,-18,Trung bình,Dài hạn
6922,123,The Weeknd,Die For You,12,119,133,10669673,False,-4,Trung bình,Dài hạn
6923,124,Adele,Set Fire to the Rain,61,125,71,10665270,False,1,Trung bình,Dài hạn
6924,125,"French Montana, Swae Lee",Unforgettable,3,101,104,10642608,False,-24,Trung bình,Dài hạn
6925,126,KAROL G,AMARGURA,53,116,67,10619089,False,-10,Trung bình,Dài hạn
6926,127,"Natanael Cano, Oscar Maydon",Madonna,18,123,25,10579759,False,-4,Trung bình,Dài hạn
6927,128,Jung Kook,Standing Next to You,1,141,42,10536929,False,13,Trung bình,Dài hạn
6928,129,"David Guetta, Bebe Rexha",I'm Good (Blue),2,121,105,10525455,False,-8,Trung bình,Dài hạn
6929,130,V,Love Me Again,11,145,55,10461657,False,15,Trung bình,Dài hạn
6930,131,Keane,Somewhere Only We Know,80,127,97,10455155,False,-4,Trung bình,Dài hạn
6931,132,Bruno Mars,Just the Way You Are,39,109,86,10445042,False,-23,Trung bình,Dài hạn
6932,133,The Police,Every Breath You Take,77,147,142,10309419,False,14,Trung bình,Dài hạn
6933,134,"Drake, Wizkid, Kyla",One Dance,12,124,209,10296105,False,-10,Trung bình,Dài hạn
6934,135,"Billie Eilish, Khalid",lovely (with Khalid),24,117,332,10184619,False,-18,Trung bình,Dài hạn
6935,136,Tyla,Water,12,165,49,10180722,False,29,Trung bình,Dài hạn
6936,137,Radiohead,Creep,137,140,40,10153532,False,3,Trung bình,Dài hạn
6937,138,Hozier,Take Me To Church,108,138,156,10140697,False,0,Trung bình,Dài hạn
6938,139,Travis Scott,Drugs You Should Try It,139,-1,1,10138136,True,-140,Trung bình,Ngắn hạn
6939,140,Plan B,Es un Secreto,109,132,43,10094974,False,-8,Trung bình,Dài hạn
6940,141,OneRepublic,Counting Stars,86,102,176,10064874,False,-39,Trung bình,Dài hạn
6941,142,"Future, Metro Boomin, Kendrick Lamar",Like That,4,131,23,10059775,False,-11,Trung bình,Dài hạn
6942,143,"Maluma, Carin Leon",Según Quién,17,151,39,10041359,False,8,Trung bình,Dài hạn
6943,144,"Earth, Wind & Fire",September,118,118,23,10008798,False,-26,Trung bình,Dài hạn
6944,145,Miley Cyrus,Flowers,1,135,85,10004998,False,-10,Trung bình,Dài hạn
6945,146,"Bad Bunny, Feid",PERRO NEGRO,4,128,46,10003147,False,-18,Trung bình,Dài hạn
6946,147,James Arthur,Say You Won't Let Go,7,115,321,9997456,False,-32,Trung bình,Dài hạn
6947,148,Arctic Monkeys,505,43,149,138,9996910,False,1,Trung bình,Dài hạn
6948,149,Miguel,Sure Thing,14,110,76,9988003,False,-39,Trung bình,Dài hạn
6949,150,Lana Del Rey,Summertime Sadness,83,130,107,9967895,False,-20,Trung bình,Dài hạn
6950,151,"Macklemore, Ryan Lewis, Macklemore & Ryan Lewis, Ray Dalton",Can't Hold Us (feat. Ray Dalton),86,129,129,9906745,False,-22,Trung bình,Dài hạn
6951,152,The Killers,Mr. Brightside,94,150,139,9898943,False,-2,Trung bình,Dài hạn
6952,153,Coldplay,Sparks,153,156,16,9838447,False,3,Trung bình,Dài hạn
6953,154,TV Girl,Lovers Rock,100,137,62,9804448,False,-17,Trung bình,Dài hạn
6954,155,"Pitbull, AFROJACK, Ne-Yo, Nayer",Give Me Everything (feat. Nayer),127,143,16,9792967,False,-12,Trung bình,Dài hạn
6955,156,Chappell Roan,Casual,123,136,6,9792216,False,-20,Trung bình,Trung hạn
6956,157,The Outfield,Your Love,134,164,18,9790361,False,7,Trung bình,Dài hạn
6957,158,Creedence Clearwater Revival,Have You Ever Seen The Rain,75,91,54,9745662,False,-67,Trung bình,Dài hạn
6958,159,Zach Bryan,Something in the Orange,57,146,86,9727325,False,-13,Trung bình,Dài hạn
6959,160,Jimin,Be Mine,67,153,5,9677916,False,-7,Trung bình,Trung hạn
6960,161,"Don Omar, Lucenzo",Danza Kuduro,91,112,49,9650936,False,-49,Thấp,Dài hạn
6961,162,Eminem,Without Me,31,159,153,9591121,False,-3,Thấp,Dài hạn
6962,163,"Central Cee, Lil Baby",BAND4BAND (feat. Lil Baby),13,120,14,9535173,False,-43,Thấp,Dài hạn
6963,164,Myke Towers,LA FALDA,24,154,33,9507276,False,-10,Thấp,Dài hạn
6964,165,Adele,Someone Like You,38,162,15,9500188,False,-3,Thấp,Dài hạn
6965,166,"Mari Fernandez, Zé Felipe","Louco, Louco - Ao Vivo",166,-1,1,9475287,True,-167,Thấp,Ngắn hạn
6966,167,Grelo,Só Fé,78,79,3,9474929,False,-88,Thấp,Ngắn hạn
6967,168,Vance Joy,Riptide,30,139,185,9458719,False,-29,Thấp,Dài hạn
6968,169,Sal Priadi,Gala bunga matahari,121,175,3,9420278,False,6,Thấp,Ngắn hạn
6969,170,"Sachin-Jigar, Amitabh Bhattacharya, Madhubanti Bagchi, Divya Kumar","Aaj Ki Raat (From ""Stree 2"")",170,-1,1,9357906,True,-171,Thấp,Ngắn hạn
6970,171,"Shakira, Wyclef Jean",Hips Don't Lie (feat. Wyclef Jean),82,134,20,9308519,False,-37,Thấp,Dài hạn
6971,172,Gunna,one of wun,56,196,11,9290049,False,24,Thấp,Trung hạn
6972,173,Kings of Leon,Sex on Fire,173,195,4,9272207,False,22,Thấp,Ngắn hạn
6973,174,Billie Eilish,"What Was I Made For? [From The Motion Picture ""Barbie""]",3,122,59,9258001,False,-52,Thấp,Dài hạn
6974,175,Teddy Swims,The Door,175,-1,1,9212632,True,-176,Thấp,Ngắn hạn
6975,176,Imagine Dragons,Believer,16,174,390,9189024,False,-2,Thấp,Dài hạn
6976,177,"Post Malone, Luke Combs",Guy For That (Feat. Luke Combs),43,54,5,9083088,False,-123,Thấp,Trung hạn
6977,178,"Future, Metro Boomin, Travis Scott, Playboi Carti",Type Shit,11,184,23,9043281,False,6,Thấp,Dài hạn
6978,179,"Coolio, L.V.",Gangsta's Paradise,40,158,85,9024718,False,-21,Thấp,Dài hạn
6979,180,Fleetwood Mac,Dreams - 2004 Remaster,20,191,79,9021622,False,11,Thấp,Dài hạn
6980,181,AC/DC,You Shook Me All Night Long,152,152,10,9010267,False,-29,Thấp,Trung hạn
6981,182,"Kendrick Lamar, SZA",All The Stars (with SZA),2,161,65,9008036,False,-21,Thấp,Dài hạn
6982,183,Adele,Rolling in the Deep,36,199,33,9006092,False,16,Thấp,Dài hạn
6983,184,Imagine Dragons,Demons,111,148,92,8993073,False,-36,Thấp,Dài hạn
6984,185,d4vd,Romantic Homicide,17,169,96,8966938,False,-16,Thấp,Dài hạn
6985,186,David Kushner,Daylight,5,198,72,8908688,False,12,Thấp,Dài hạn
6986,187,Lomiiel,HAY LUPITA,83,197,6,8907533,False,10,Thấp,Trung hạn
6987,188,"Rihanna, Calvin Harris",We Found Love,59,157,78,8884916,False,-31,Thấp,Dài hạn
6988,189,"Disturbed, CYRIL",The Sound of Silence - CYRIL Remix,106,200,20,8842346,False,11,Thấp,Dài hạn
6989,190,TOTO,Hold the Line,179,179,3,8821856,False,-11,Thấp,Ngắn hạn
6990,191,Bernadya,"Untungnya, Hidup Harus Tetap Berjalan",191,-1,1,8818781,True,-192,Thấp,Ngắn hạn
6991,192,WALK THE MOON,Shut Up and Dance,154,171,17,8792617,False,-21,Thấp,Dài hạn
6992,193,"Offset, Metro Boomin",Ric Flair Drip (with Metro Boomin),32,-1,68,8790448,True,-194,Thấp,Dài hạn
6993,194,Glass Animals,Heat Waves,1,-1,184,8755565,True,-195,Thấp,Dài hạn
6994,195,"Calle 24, Chino Pacas, Fuerza Regida",Que Onda,16,-1,44,8730334,True,-196,Thấp,Dài hạn
6995,196,The Neighbourhood,Softcore,35,192,41,8726564,False,-4,Thấp,Dài hạn
6996,197,"P!nk, Nate Ruess",Just Give Me a Reason (feat. Nate Ruess),173,173,2,8696717,False,-24,Thấp,Ngắn hạn
6997,198,Taylor Swift,Lover,2,168,72,8677538,False,-30,Thấp,Dài hạn
6998,199,"Myke Towers, Bad Bunny",ADIVINO,20,188,17,8670892,False,-11,Thấp,Dài hạn
6999,200,Alex Warren,Carry You Home,200,-1,1,8666790,True,-201,Thấp,Ngắn hạn
7000,1,"Lady Gaga, Bruno Mars",Die With A Smile,1,1,3,71648805,False,0,Rất cao,Ngắn hạn
7001,2,Billie Eilish,BIRDS OF A FEATHER,1,2,16,59363581,False,0,Rất cao,Dài hạn
7002,3,Sabrina Carpenter,Taste,3,6,2,56201169,False,3,Rất cao,Ngắn hạn
7003,4,Jimin,Who,1,5,7,51265058,False,1,Rất cao,Trung hạn
7004,5,Sabrina Carpenter,Espresso,1,4,21,49755876,False,-1,Rất cao,Dài hạn
7005,6,Sabrina Carpenter,Please Please Please,1,3,13,47607454,False,-3,Rất cao,Dài hạn
7006,7,KAROL G,Si Antes Te Hubiera Conocido,5,7,11,38814920,False,0,Rất cao,Trung hạn
7007,8,Chappell Roan,"Good Luck, Babe!",6,8,21,36893737,False,0,Rất cao,Dài hạn
7008,9,Sabrina Carpenter,Bed Chem,9,12,2,27687250,False,3,Rất cao,Ngắn hạn
7009,10,Benson Boone,Beautiful Things,1,9,33,27526856,False,-1,Rất cao,Dài hạn
7010,11,"Hanumankind, Kalmi",Big Dawgs,7,10,6,26263187,False,-1,Rất cao,Trung hạn
7011,12,Hozier,Too Sweet,2,16,24,25029623,False,4,Rất cao,Dài hạn
7012,13,Shaboozey,A Bar Song (Tipsy),6,15,21,24670409,False,2,Rất cao,Dài hạn
7013,14,Teddy Swims,Lose Control,5,18,43,24169108,False,4,Rất cao,Dài hạn
7014,15,"Charli xcx, Billie Eilish",Guess featuring billie eilish,5,14,5,22815547,False,-1,Rất cao,Trung hạn
7015,16,"FloyyMenor, Cris Mj",Gata Only,3,17,30,22344835,False,1,Rất cao,Dài hạn
7016,17,"Post Malone, Morgan Wallen",I Had Some Help (Feat. Morgan Wallen),3,20,17,22291350,False,3,Rất cao,Dài hạn
7017,18,*NSYNC,Bye Bye Bye - From Deadpool and Wolverine Soundtrack,10,13,6,22261806,False,-5,Rất cao,Trung hạn
7018,19,Kapo,UWAIE,19,42,3,21467038,False,23,Rất cao,Ngắn hạn
7019,20,Tommy Richman,MILLION DOLLAR BABY,1,22,19,21191910,False,2,Rất cao,Dài hạn
7020,21,Sabrina Carpenter,Good Graces,11,11,2,20956765,False,-10,Rất cao,Ngắn hạn
7021,22,Kendrick Lamar,Not Like Us,2,21,18,20731278,False,-1,Rất cao,Dài hạn
7022,23,"Adam Port, Stryv, Keinemusik, Orso, Malachiii",Move,19,26,12,19936980,False,3,Rất cao,Trung hạn
7023,24,"The Weeknd, JENNIE, Lily-Rose Depp","One Of The Girls (with JENNIE, Lily Rose Depp)",3,32,48,19721431,False,8,Rất cao,Dài hạn
7024,25,Ariana Grande,we can't be friends (wait for your love),1,29,26,19660542,False,4,Rất cao,Dài hạn
7025,26,"Sevdaliza, Pabllo Vittar, Yseult",Alibi (with Pabllo Vittar & Yseult),12,24,10,19631386,False,-2,Rất cao,Trung hạn
7026,27,Lord Huron,The Night We Met,20,31,98,19473735,False,4,Rất cao,Dài hạn
7027,28,"LISA, ROSALÍA",New Woman (feat. ROSALÍA),9,19,3,19257961,False,-9,Rất cao,Ngắn hạn
7028,29,Djo,End of Beginning,3,27,29,18949576,False,-2,Rất cao,Dài hạn
7029,30,Chappell Roan,HOT TO GO!,25,30,12,18850481,False,0,Rất cao,Trung hạn
7030,31,Arctic Monkeys,I Wanna Be Yours,15,36,113,18671847,False,5,Rất cao,Dài hạn
7031,32,The Neighbourhood,Sweater Weather,19,34,210,18459978,False,2,Rất cao,Dài hạn
7032,33,Taylor Swift,Cruel Summer,2,33,83,18278325,False,0,Rất cao,Dài hạn
7033,34,Myles Smith,Stargazing,16,35,17,17830933,False,1,Rất cao,Dài hạn
7034,35,"Maisak, Feid",SE ME OLVIDA,35,108,2,17431906,False,73,Rất cao,Ngắn hạn
7035,36,Dasha,Austin (Boots Stop Workin'),20,38,26,17067909,False,2,Rất cao,Dài hạn
7036,37,Sabrina Carpenter,Juno,23,23,2,16985526,False,-14,Rất cao,Ngắn hạn
7037,38,Billie Eilish,WILDFLOWER,15,39,16,16948182,False,1,Rất cao,Dài hạn
7038,39,Artemas,i like the way you kiss me,1,46,24,16803795,False,7,Rất cao,Dài hạn
7039,40,"Feid, ATL Jacob",LUNA,9,40,39,15951222,False,0,Rất cao,Dài hạn
7040,41,Coldplay,Yellow,35,81,194,15894933,False,40,Rất cao,Dài hạn
7041,42,The Kid LAROI,NIGHTS LIKE THIS,42,49,11,15577041,False,7,Rất cao,Trung hạn
7042,43,Gracie Abrams,"I Love You, I'm Sorry",43,68,5,15339299,False,25,Rất cao,Trung hạn
7043,44,Charli xcx,Apple,28,41,7,15276276,False,-3,Rất cao,Trung hạn
7044,45,Kapo,Ohnana,39,43,7,15227407,False,-2,Rất cao,Trung hạn
7045,46,"Travis Scott, Playboi Carti",FE!N (feat. Playboi Carti),5,47,51,15220660,False,1,Rất cao,Dài hạn
7046,47,"Jung Kook, Latto",Seven (feat. Latto) (Explicit Ver.),1,57,60,15061982,False,10,Rất cao,Dài hạn
7047,48,Bernadya,Satu Bulan,48,58,4,15052227,False,10,Cao,Ngắn hạn
7048,49,Benson Boone,Slow It Down,27,53,24,14601155,False,4,Cao,Dài hạn
7049,50,The Goo Goo Dolls,Iris,40,76,53,14577080,False,26,Cao,Dài hạn
7050,51,Jordan Adetunji,KEHLANI,36,51,11,14546787,False,0,Cao,Trung hạn
7051,52,"Peso Pluma, Neton Vega",LA PATRULLA,52,52,11,14311980,False,0,Cao,Trung hạn
7052,53,"Tyler, The Creator, Kali Uchis",See You Again (feat. Kali Uchis),16,56,80,14113934,False,3,Cao,Dài hạn
7053,54,Sabrina Carpenter,Coincidence,28,28,2,14065191,False,-26,Cao,Ngắn hạn
7054,55,Fuerza Regida,NEL,55,61,4,14010739,False,6,Cao,Ngắn hạn
7055,56,FloyyMenor,PELIGROSA,56,120,4,13888517,False,64,Cao,Ngắn hạn
7056,57,Alphaville,Forever Young,54,54,7,13882651,False,-3,Cao,Trung hạn
7057,58,LE SSERAFIM,CRAZY,58,-1,1,13857134,True,-59,Cao,Ngắn hạn
7058,59,Billie Eilish,LUNCH,1,48,16,13761010,False,-11,Cao,Dài hạn
7059,60,Sabrina Carpenter,Sharpest Tool,25,25,2,13757869,False,-35,Cao,Ngắn hạn
7060,61,Billie Eilish,CHIHIRO,5,59,16,13555592,False,-2,Cao,Dài hạn
7061,62,SZA,Kill Bill,1,63,91,13425919,False,1,Cao,Dài hạn
7062,63,Oasis,Wonderwall - Remastered,63,94,104,13393178,False,31,Cao,Dài hạn
7063,64,Bruno Mars,When I Was Your Man,38,60,97,13374919,False,-4,Cao,Dài hạn
7064,65,Gigi Perez,Sailor Song,65,110,3,13150084,False,45,Cao,Ngắn hạn
7065,66,Noah Kahan,Stick Season,6,62,48,13144761,False,-4,Cao,Dài hạn
7066,67,"David Guetta, OneRepublic",I Don't Wanna Wait,34,66,21,13141461,False,-1,Cao,Dài hạn
7067,68,Tom Odell,Another Love,15,69,178,13113904,False,1,Cao,Dài hạn
7068,69,Mitski,My Love Mine All Mine,3,71,50,13073095,False,2,Cao,Dài hạn
7069,70,Cris Mj,SI NO ES CONTIGO,33,70,15,12851545,False,0,Cao,Dài hạn
7070,71,Mark Ambor,Belong Together,19,80,23,12800844,False,9,Cao,Dài hạn
7071,72,Coldplay,Viva La Vida,31,44,106,12799002,False,-28,Cao,Dài hạn
7072,73,"Taylor Swift, Post Malone",Fortnight (feat. Post Malone),1,65,20,12760429,False,-8,Cao,Dài hạn
7073,74,"Blessd, Ovy On The Drums",Mírame,38,67,10,12751549,False,-7,Cao,Trung hạn
7074,75,"The Weeknd, Daft Punk",Starboy,1,77,205,12637618,False,2,Cao,Dài hạn
7075,76,"Rvssian, Rauw Alejandro, Ayra Starr",Santa,14,74,20,12574138,False,-2,Cao,Dài hạn
7076,77,"The Chainsmokers, Coldplay",Something Just Like This,2,78,223,12356562,False,1,Cao,Dài hạn
7077,78,"Luis R Conriquez, Neton Vega",Si No Quieres No,28,79,21,12326218,False,1,Cao,Dài hạn
7078,79,Harry Styles,As It Was,1,84,127,12293049,False,5,Cao,Dài hạn
7079,80,Eminem,Houdini,2,73,14,12155277,False,-7,Cao,Dài hạn
7080,81,a-ha,Take on Me,56,99,47,12124979,False,18,Cao,Dài hạn
7081,82,The Weeknd,Blinding Lights,1,88,249,12023963,False,6,Cao,Dài hạn
7082,83,Chappell Roan,Pink Pony Club,69,75,10,11995654,False,-8,Cao,Trung hạn
7083,84,"KAROL G, Peso Pluma",QLONA,5,85,56,11884829,False,1,Cao,Dài hạn
7084,85,The Walters,I Love You So,21,100,121,11882839,False,15,Cao,Dài hạn
7085,86,Frank Ocean,Pink + White,69,98,68,11838007,False,12,Cao,Dài hạn
7086,87,Sabrina Carpenter,Nonsense,17,72,85,11815308,False,-15,Cao,Dài hạn
7087,88,Sabrina Carpenter,Slim Pickins,37,37,2,11762517,False,-51,Cao,Ngắn hạn
7088,89,CYRIL,Stumblin' In,60,83,24,11758602,False,-6,Cao,Dài hạn
7089,90,Jung Kook,Standing Next to You,1,128,43,11744512,False,38,Cao,Dài hạn
7090,91,Tate McRae,greedy,1,91,51,11654138,False,0,Cao,Dài hạn
7091,92,SZA,Saturn,17,93,28,11604188,False,1,Cao,Dài hạn
7092,93,Adele,Easy On Me,1,105,93,11572688,False,12,Cao,Dài hạn
7093,94,"Dionela, Jay R",sining (feat. Jay R),72,92,7,11386887,False,-2,Cao,Trung hạn
7094,95,Bruno Mars,Locked out of Heaven,32,101,117,11364180,False,6,Cao,Dài hạn
7095,96,Manuel Turizo,La Bachata,4,95,114,11354840,False,-1,Cao,Dài hạn
7096,97,Taylor Swift,I Can Do It With a Broken Heart,5,96,20,11345839,False,-1,Cao,Dài hạn
7097,98,Natasha Bedingfield,Unwritten,16,82,34,11337422,False,-16,Cao,Dài hạn
7098,99,"Lost Frequencies, Tom Odell",Black Friday (pretty like the sun),82,112,6,11176521,False,13,Trung bình,Trung hạn
7099,100,One Direction,Night Changes,79,115,97,11104542,False,15,Trung bình,Dài hạn
7100,101,Taylor Swift,august,11,107,69,11084493,False,6,Trung bình,Dài hạn
7101,102,Trueno,REAL GANGSTA LOVE,13,86,14,10984420,False,-16,Trung bình,Dài hạn
7102,103,Journey,Don't Stop Believin' (2022 Remaster),89,111,27,10933603,False,8,Trung bình,Dài hạn
7103,104,Oasis,Don't Look Back In Anger - Remastered,104,-1,1,10922416,True,-105,Trung bình,Ngắn hạn
7104,105,"Zach Bryan, Kacey Musgraves",I Remember Everything (feat. Kacey Musgraves),20,102,54,10839964,False,-3,Trung bình,Dài hạn
7105,106,Arctic Monkeys,505,43,148,139,10763636,False,42,Trung bình,Dài hạn
7106,107,Cigarettes After Sex,Apocalypse,79,119,112,10759828,False,12,Trung bình,Dài hạn
7107,108,Bruno Mars,Just the Way You Are,39,132,87,10737549,False,24,Trung bình,Dài hạn
7108,109,"Megan Thee Stallion, Yuki Chiba",Mamushi (feat. Yuki Chiba),41,89,9,10732230,False,-20,Trung bình,Trung hạn
7109,110,"Tito Double P, Peso Pluma",DOS DÍAS,110,-1,1,10712196,True,-111,Trung bình,Ngắn hạn
7110,111,"The Kid LAROI, Justin Bieber",STAY (with Justin Bieber),1,113,156,10709870,False,2,Trung bình,Dài hạn
7111,112,The Weeknd,Die For You,12,123,134,10680466,False,11,Trung bình,Dài hạn
7112,113,Lewis Capaldi,Someone You Loved,4,118,295,10656663,False,5,Trung bình,Dài hạn
7113,114,Adele,Set Fire to the Rain,61,124,72,10638044,False,10,Trung bình,Dài hạn
7114,115,Bernadya,"Untungnya, Hidup Harus Tetap Berjalan",115,191,2,10622126,False,76,Trung bình,Ngắn hạn
7115,116,Richy Mitch & The Coal Miners,Evergreen,40,114,34,10612862,False,-2,Trung bình,Dài hạn
7116,117,Chappell Roan,Red Wine Supernova,80,90,13,10571401,False,-27,Trung bình,Dài hạn
7117,118,The Police,Every Breath You Take,77,133,143,10558543,False,15,Trung bình,Dài hạn
7118,119,"Peso Pluma, Tito Double P",LOS CUADROS,116,116,3,10543104,False,-3,Trung bình,Ngắn hạn
7119,120,Zach Bryan,Pink Skies,21,109,15,10508813,False,-11,Trung bình,Dài hạn
7120,121,Adele,Someone Like You,38,165,16,10482990,False,44,Trung bình,Dài hạn
7121,122,Charli xcx,360,42,87,13,10467943,False,-35,Trung bình,Dài hạn
7122,123,"Drake, Wizkid, Kyla",One Dance,12,134,210,10457536,False,11,Trung bình,Dài hạn
7123,124,Michael Marcagi,Scared To Start,25,97,31,10430844,False,-27,Trung bình,Dài hạn
7124,125,Hotel Ugly,Shut up My Moms Calling,78,121,87,10387666,False,-4,Trung bình,Dài hạn
7125,126,Sabrina Carpenter,Feather,34,117,40,10367032,False,-9,Trung bình,Dài hạn
7126,127,Radiohead,Creep,127,137,41,10366471,False,10,Trung bình,Dài hạn
7127,128,"Post Malone, Swae Lee",Sunflower - Spider-Man: Into the Spider-Verse,1,122,300,10364000,False,-6,Trung bình,Dài hạn
7128,129,"Earth, Wind & Fire",September,118,144,24,10356039,False,15,Trung bình,Dài hạn
7129,130,V,Love Me Again,11,130,56,10324753,False,0,Trung bình,Dài hạn
7130,131,Bruno Mars,That's What I Like,6,64,108,10306667,False,-67,Trung bình,Dài hạn
7131,132,KAROL G,AMARGURA,53,126,68,10303737,False,-6,Trung bình,Dài hạn
7132,133,"French Montana, Swae Lee",Unforgettable,3,125,105,10265296,False,-8,Trung bình,Dài hạn
7133,134,"Natanael Cano, Oscar Maydon",Madonna,18,127,26,10244246,False,-7,Trung bình,Dài hạn
7134,135,"Billie Eilish, Khalid",lovely (with Khalid),24,135,333,10194665,False,0,Trung bình,Dài hạn
7135,136,Feid,SORRY 4 THAT MUCH,38,104,13,10084694,False,-32,Trung bình,Dài hạn
7136,137,LISA,Rockstar,14,106,10,10076904,False,-31,Trung bình,Trung hạn
7137,138,Sabrina Carpenter,Dumb & Poetic,45,45,2,10063338,False,-93,Trung bình,Ngắn hạn
7138,139,Tyla,Water,12,136,50,10047956,False,-3,Trung bình,Dài hạn
7139,140,"David Guetta, Bebe Rexha",I'm Good (Blue),2,129,106,10018481,False,-11,Trung bình,Dài hạn
7140,141,Linkin Park,Numb,34,-1,27,9991905,True,-142,Trung bình,Dài hạn
7141,142,"Sachin-Jigar, Amitabh Bhattacharya, Madhubanti Bagchi, Divya Kumar","Aaj Ki Raat (From ""Stree 2"")",142,170,2,9965959,False,28,Trung bình,Ngắn hạn
7142,143,Miguel,Sure Thing,14,149,77,9945608,False,6,Trung bình,Dài hạn
7143,144,Hozier,Take Me To Church,108,138,157,9868133,False,-6,Trung bình,Dài hạn
7144,145,The Kid LAROI,BABY I'M BACK,145,-1,1,9852048,True,-146,Trung bình,Ngắn hạn
7145,146,James Arthur,Say You Won't Let Go,7,147,322,9851076,False,1,Trung bình,Dài hạn
7146,147,Lana Del Rey,Summertime Sadness,83,150,108,9845284,False,3,Trung bình,Dài hạn
7147,148,Sabrina Carpenter,Don’t Smile,50,50,2,9836123,False,-98,Trung bình,Ngắn hạn
7148,149,OneRepublic,Counting Stars,86,141,177,9775252,False,-8,Trung bình,Dài hạn
7149,150,Creedence Clearwater Revival,Have You Ever Seen The Rain,75,158,55,9696681,False,8,Trung bình,Dài hạn
7150,151,Plan B,Es un Secreto,109,140,44,9665007,False,-11,Thấp,Dài hạn
7151,152,Adele,Skyfall,152,-1,5,9639956,True,-153,Thấp,Trung hạn
7152,153,"Maluma, Carin Leon",Según Quién,17,143,40,9603651,False,-10,Thấp,Dài hạn
7153,154,The Outfield,Your Love,134,157,19,9518288,False,3,Thấp,Dài hạn
7154,155,KATSEYE,Touch,155,-1,1,9515832,True,-156,Thấp,Ngắn hạn
7155,156,Gunna,one of wun,56,172,12,9510632,False,16,Thấp,Trung hạn
7156,157,Miley Cyrus,Flowers,1,145,86,9509793,False,-12,Thấp,Dài hạn
7157,158,Teddy Swims,The Door,158,175,2,9462891,False,17,Thấp,Ngắn hạn
7158,159,Vance Joy,Riptide,30,168,186,9457265,False,9,Thấp,Dài hạn
7159,160,AC/DC,You Shook Me All Night Long,152,181,11,9406478,False,21,Thấp,Trung hạn
7160,161,TV Girl,Lovers Rock,100,154,63,9402964,False,-7,Thấp,Dài hạn
7161,162,"Don Omar, Lucenzo",Danza Kuduro,91,161,50,9377488,False,-1,Thấp,Dài hạn
7162,163,Jimin,Be Mine,67,160,6,9372754,False,-3,Thấp,Trung hạn
7163,164,Eminem,Without Me,31,162,154,9356210,False,-2,Thấp,Dài hạn
7164,165,Zach Bryan,Something in the Orange,57,159,87,9327965,False,-6,Thấp,Dài hạn
7165,166,Billie Eilish,"What Was I Made For? [From The Motion Picture ""Barbie""]",3,174,60,9300003,False,8,Thấp,Dài hạn
7166,167,El Padrinito Toys,Tal Vez Fui Yo,167,-1,1,9293872,True,-168,Thấp,Ngắn hạn
7167,168,"Kaique e Felipe, Luan Pereira",Saveiro,168,-1,1,9274265,True,-169,Thấp,Ngắn hạn
7168,169,Luke Combs,Ain't No Love In Oklahoma (From Twisters: The Album),137,-1,6,9259961,True,-170,Thấp,Trung hạn
7169,170,The Killers,Mr. Brightside,94,152,140,9230269,False,-18,Thấp,Dài hạn
7170,171,Adele,Rolling in the Deep,36,183,34,9203675,False,12,Thấp,Dài hạn
7171,172,"Macklemore, Ryan Lewis, Macklemore & Ryan Lewis, Ray Dalton",Can't Hold Us (feat. Ray Dalton),86,151,130,9198166,False,-21,Thấp,Dài hạn
7172,173,Tito Double P,EL LOKERON,173,-1,1,9182765,True,-174,Thấp,Ngắn hạn
7173,174,"Disturbed, CYRIL",The Sound of Silence - CYRIL Remix,106,189,21,9181703,False,15,Thấp,Dài hạn
7174,175,"Future, Metro Boomin, Kendrick Lamar",Like That,4,142,24,9166396,False,-33,Thấp,Dài hạn
7175,176,"NATTAN, Zé Felipe, O REI DA BATIDINHA",Patrai,176,-1,1,9164238,True,-177,Thấp,Ngắn hạn
7176,177,"Pitbull, AFROJACK, Ne-Yo, Nayer",Give Me Everything (feat. Nayer),127,155,17,9121431,False,-22,Thấp,Dài hạn
7177,178,Sal Priadi,Gala bunga matahari,121,169,4,9080226,False,-9,Thấp,Ngắn hạn
7178,179,Travis Scott,HIGHEST IN THE ROOM,1,-1,95,9079327,True,-180,Thấp,Dài hạn
7179,180,"Bad Bunny, Feid",PERRO NEGRO,4,146,47,9079293,False,-34,Thấp,Dài hạn
7180,181,Kings of Leon,Sex on Fire,173,173,5,9052877,False,-8,Thấp,Trung hạn
7181,182,Keane,Somewhere Only We Know,80,131,98,9007833,False,-51,Thấp,Dài hạn
7182,183,Imagine Dragons,Believer,16,176,391,8996146,False,-7,Thấp,Dài hạn
7183,184,"Shakira, Wyclef Jean",Hips Don't Lie (feat. Wyclef Jean),82,171,21,8980105,False,-13,Thấp,Dài hạn
7184,185,Bruno Mars,Talking to the Moon,45,-1,57,8974405,True,-186,Thấp,Dài hạn
7185,186,Myke Towers,LA FALDA,24,164,34,8971611,False,-22,Thấp,Dài hạn
7186,187,"Rihanna, Calvin Harris",We Found Love,59,188,79,8969804,False,1,Thấp,Dài hạn
7187,188,"Coolio, L.V.",Gangsta's Paradise,40,179,86,8946253,False,-9,Thấp,Dài hạn
7188,189,Chappell Roan,Casual,123,156,7,8940169,False,-33,Thấp,Trung hạn
7189,190,"Future, Metro Boomin, Travis Scott, Playboi Carti",Type Shit,11,178,24,8874483,False,-12,Thấp,Dài hạn
7190,191,"Kendrick Lamar, SZA",All The Stars (with SZA),2,182,66,8872603,False,-9,Thấp,Dài hạn
7191,192,Coldplay,A Sky Full of Stars,83,103,18,8794838,False,-89,Thấp,Dài hạn
7192,193,Sabrina Carpenter,Lie To Girls,55,55,2,8764883,False,-138,Thấp,Ngắn hạn
7193,194,TOTO,Hold the Line,179,190,4,8700261,False,-4,Thấp,Ngắn hạn
7194,195,Addison Rae,Diet Pepsi,195,-1,1,8683474,True,-196,Thấp,Ngắn hạn
7195,196,"Central Cee, Lil Baby",BAND4BAND (feat. Lil Baby),13,163,15,8677405,False,-33,Thấp,Dài hạn
7196,197,Surf Curse,Disco,197,-1,1,8660272,True,-198,Thấp,Ngắn hạn
7197,198,Glass Animals,Heat Waves,1,194,185,8644309,False,-4,Thấp,Dài hạn
7198,199,Twenty One Pilots,Stressed Out,63,-1,47,8633029,True,-200,Thấp,Dài hạn
7199,200,Imagine Dragons,Demons,111,184,93,8603410,False,-16,Thấp,Dài hạn
7200,1,"Lady Gaga, Bruno Mars",Die With A Smile,1,1,4,74988392,False,0,Rất cao,Ngắn hạn
7201,2,Billie Eilish,BIRDS OF A FEATHER,1,2,17,56949755,False,0,Rất cao,Dài hạn
7202,3,Sabrina Carpenter,Taste,3,3,3,49847514,False,0,Rất cao,Ngắn hạn
7203,4,Jimin,Who,1,4,8,45431448,False,0,Rất cao,Trung hạn
7204,5,Sabrina Carpenter,Espresso,1,5,22,44982843,False,0,Rất cao,Dài hạn
7205,6,Linkin Park,The Emptiness Machine,6,-1,1,40062088,True,-7,Rất cao,Ngắn hạn
7206,7,Sabrina Carpenter,Please Please Please,1,6,14,37675702,False,-1,Rất cao,Dài hạn
7207,8,KAROL G,Si Antes Te Hubiera Conocido,5,7,12,37000121,False,-1,Rất cao,Trung hạn
7208,9,Chappell Roan,"Good Luck, Babe!",6,8,22,36069405,False,-1,Rất cao,Dài hạn
7209,10,Benson Boone,Beautiful Things,1,10,34,27696384,False,0,Rất cao,Dài hạn
7210,11,Sabrina Carpenter,Bed Chem,9,9,3,27358397,False,-2,Rất cao,Ngắn hạn
7211,12,Shaboozey,A Bar Song (Tipsy),6,13,22,24129785,False,1,Rất cao,Dài hạn
7212,13,Hozier,Too Sweet,2,12,25,23853332,False,-1,Rất cao,Dài hạn
7213,14,Teddy Swims,Lose Control,5,14,44,23142136,False,0,Rất cao,Dài hạn
7214,15,"Megan Thee Stallion, RM",Neva Play (feat. RM of BTS),15,-1,1,22837001,True,-16,Rất cao,Ngắn hạn
7215,16,"Hanumankind, Kalmi",Big Dawgs,7,11,7,22307677,False,-5,Rất cao,Trung hạn
7216,17,"Charli xcx, Billie Eilish",Guess featuring billie eilish,5,15,6,21499223,False,-2,Rất cao,Trung hạn
7217,18,"Post Malone, Morgan Wallen",I Had Some Help (Feat. Morgan Wallen),3,17,18,21000225,False,-1,Rất cao,Dài hạn
7218,19,"FloyyMenor, Cris Mj",Gata Only,3,16,31,20957689,False,-3,Rất cao,Dài hạn
7219,20,"The Weeknd, JENNIE, Lily-Rose Depp","One Of The Girls (with JENNIE, Lily Rose Depp)",3,24,49,20354637,False,4,Rất cao,Dài hạn
7220,21,Kendrick Lamar,Not Like Us,2,22,19,20155444,False,1,Rất cao,Dài hạn
7221,22,The Neighbourhood,Sweater Weather,19,32,211,20132031,False,10,Rất cao,Dài hạn
7222,23,Kapo,UWAIE,19,19,4,19678011,False,-4,Rất cao,Ngắn hạn
7223,24,*NSYNC,Bye Bye Bye - From Deadpool and Wolverine Soundtrack,10,18,7,19666153,False,-6,Rất cao,Trung hạn
7224,25,Tommy Richman,MILLION DOLLAR BABY,1,20,20,19604921,False,-5,Rất cao,Dài hạn
7225,26,Lord Huron,The Night We Met,20,27,99,19299487,False,1,Rất cao,Dài hạn
7226,27,Arctic Monkeys,I Wanna Be Yours,15,31,114,19267668,False,4,Rất cao,Dài hạn
7227,28,Ariana Grande,we can't be friends (wait for your love),1,25,27,19101882,False,-3,Rất cao,Dài hạn
7228,29,Linkin Park,Numb,29,141,28,18325837,False,112,Rất cao,Dài hạn
7229,30,Chappell Roan,HOT TO GO!,25,30,13,17974752,False,0,Rất cao,Dài hạn
7230,31,"Adam Port, Stryv, Keinemusik, Orso, Malachiii",Move,19,23,13,17798723,False,-8,Rất cao,Dài hạn
7231,32,Coldplay,Yellow,32,41,195,17755777,False,9,Rất cao,Dài hạn
7232,33,"LISA, ROSALÍA",New Woman (feat. ROSALÍA),9,28,4,17717487,False,-5,Rất cao,Ngắn hạn
7233,34,Djo,End of Beginning,3,29,30,17586099,False,-5,Rất cao,Dài hạn
7234,35,Dasha,Austin (Boots Stop Workin'),20,36,27,17527007,False,1,Rất cao,Dài hạn
7235,36,Artemas,i like the way you kiss me,1,39,25,17521898,False,3,Rất cao,Dài hạn
7236,37,Taylor Swift,Cruel Summer,2,33,84,17499918,False,-4,Rất cao,Dài hạn
7237,38,"Sevdaliza, Pabllo Vittar, Yseult",Alibi (with Pabllo Vittar & Yseult),12,26,11,17233097,False,-12,Rất cao,Trung hạn
7238,39,Billie Eilish,WILDFLOWER,15,38,17,17221827,False,-1,Rất cao,Dài hạn
7239,40,Myles Smith,Stargazing,16,34,18,17182877,False,-6,Rất cao,Dài hạn
7240,41,Sabrina Carpenter,Good Graces,11,21,3,16433637,False,-20,Rất cao,Ngắn hạn
7241,42,Gracie Abrams,"I Love You, I'm Sorry",42,43,6,16263136,False,1,Rất cao,Trung hạn
7242,43,"Travis Scott, Playboi Carti",FE!N (feat. Playboi Carti),5,46,52,16018971,False,3,Rất cao,Dài hạn
7243,44,"Feid, ATL Jacob",LUNA,9,40,40,15993441,False,-4,Rất cao,Dài hạn
7244,45,FloyyMenor,PELIGROSA,45,56,5,15782151,False,11,Rất cao,Trung hạn
7245,46,Gigi Perez,Sailor Song,46,65,4,15780661,False,19,Rất cao,Ngắn hạn
7246,47,The Goo Goo Dolls,Iris,40,50,54,15643697,False,3,Rất cao,Dài hạn
7247,48,"Peso Pluma, Neton Vega",LA PATRULLA,48,52,12,15160115,False,4,Rất cao,Trung hạn
7248,49,"Maisak, Feid",SE ME OLVIDA,35,35,3,14752376,False,-14,Cao,Ngắn hạn
7249,50,"Tyler, The Creator, Kali Uchis",See You Again (feat. Kali Uchis),16,53,81,14719984,False,3,Cao,Dài hạn
7250,51,"Jung Kook, Latto",Seven (feat. Latto) (Explicit Ver.),1,47,61,14717237,False,-4,Cao,Dài hạn
7251,52,Bernadya,Satu Bulan,48,48,5,14594291,False,-4,Cao,Trung hạn
7252,53,The Kid LAROI,NIGHTS LIKE THIS,42,42,12,14416121,False,-11,Cao,Trung hạn
7253,54,Benson Boone,Slow It Down,27,49,25,14278069,False,-5,Cao,Dài hạn
7254,55,SZA,Kill Bill,1,62,92,13803022,False,7,Cao,Dài hạn
7255,56,Kapo,Ohnana,39,45,8,13599607,False,-11,Cao,Trung hạn
7256,57,Bruno Mars,When I Was Your Man,38,64,98,13536605,False,7,Cao,Dài hạn
7257,58,"The Weeknd, Daft Punk",Starboy,1,75,206,13493349,False,17,Cao,Dài hạn
7258,59,Tom Odell,Another Love,15,68,179,13484158,False,9,Cao,Dài hạn
7259,60,Billie Eilish,CHIHIRO,5,61,17,13423852,False,1,Cao,Dài hạn
7260,61,"David Guetta, OneRepublic",I Don't Wanna Wait,34,67,22,13288039,False,6,Cao,Dài hạn
7261,62,Mitski,My Love Mine All Mine,3,69,51,13253649,False,7,Cao,Dài hạn
7262,63,Tito Double P,EL LOKERON,63,173,2,13202873,False,110,Cao,Ngắn hạn
7263,64,Linkin Park,In the End,22,-1,57,13122442,True,-65,Cao,Dài hạn
7264,65,The Walters,I Love You So,21,85,122,13061222,False,20,Cao,Dài hạn
7265,66,"The Chainsmokers, Coldplay",Something Just Like This,2,77,224,12990428,False,11,Cao,Dài hạn
7266,67,Sabrina Carpenter,Juno,23,37,3,12974131,False,-30,Cao,Ngắn hạn
7267,68,LE SSERAFIM,CRAZY,58,58,2,12960695,False,-10,Cao,Ngắn hạn
7268,69,Charli xcx,Apple,28,44,8,12942904,False,-25,Cao,Trung hạn
7269,70,Noah Kahan,Stick Season,6,66,49,12936248,False,-4,Cao,Dài hạn
7270,71,Billie Eilish,LUNCH,1,59,17,12905919,False,-12,Cao,Dài hạn
7271,72,The Weeknd,Blinding Lights,1,82,250,12842532,False,10,Cao,Dài hạn
7272,73,Jordan Adetunji,KEHLANI,36,51,12,12815300,False,-22,Cao,Trung hạn
7273,74,Alphaville,Forever Young,54,57,8,12783506,False,-17,Cao,Trung hạn
7274,75,Fuerza Regida,NEL,55,55,5,12741592,False,-20,Cao,Trung hạn
7275,76,Linkin Park,Faint,76,-1,2,12733778,True,-77,Cao,Ngắn hạn
7276,77,Mark Ambor,Belong Together,19,71,24,12603958,False,-6,Cao,Dài hạn
7277,78,"Blessd, Ovy On The Drums",Mírame,38,74,11,12601164,False,-4,Cao,Trung hạn
7278,79,"Taylor Swift, Post Malone",Fortnight (feat. Post Malone),1,73,21,12530005,False,-6,Cao,Dài hạn
7279,80,"Tito Double P, Peso Pluma",DOS DÍAS,80,110,2,12442602,False,30,Cao,Ngắn hạn
7280,81,"Luis R Conriquez, Neton Vega",Si No Quieres No,28,78,22,12359747,False,-3,Cao,Dài hạn
7281,82,Cris Mj,SI NO ES CONTIGO,33,70,16,12251850,False,-12,Cao,Dài hạn
7282,83,Harry Styles,As It Was,1,79,128,12079360,False,-4,Cao,Dài hạn
7283,84,V,Love Me Again,11,130,57,11855985,False,46,Cao,Dài hạn
7284,85,Bruno Mars,Locked out of Heaven,32,95,118,11831088,False,10,Cao,Dài hạn
7285,86,Richy Mitch & The Coal Miners,Evergreen,40,116,35,11709421,False,30,Cao,Dài hạn
7286,87,Chappell Roan,Pink Pony Club,69,83,11,11602859,False,-4,Cao,Trung hạn
7287,88,The Police,Every Breath You Take,77,118,144,11584647,False,30,Cao,Dài hạn
7288,89,"Rvssian, Rauw Alejandro, Ayra Starr",Santa,14,76,21,11566091,False,-13,Cao,Dài hạn
7289,90,Adele,Easy On Me,1,93,94,11533529,False,3,Cao,Dài hạn
7290,91,Frank Ocean,Pink + White,69,86,69,11529792,False,-5,Cao,Dài hạn
7291,92,Arctic Monkeys,505,43,106,140,11511457,False,14,Cao,Dài hạn
7292,93,Bruno Mars,Just the Way You Are,39,108,88,11508598,False,15,Cao,Dài hạn
7293,94,The Weeknd,Die For You,12,112,135,11465163,False,18,Cao,Dài hạn
7294,95,Journey,Don't Stop Believin' (2022 Remaster),89,103,28,11350696,False,8,Cao,Dài hạn
7295,96,Bernadya,"Untungnya, Hidup Harus Tetap Berjalan",96,115,3,11346398,False,19,Cao,Ngắn hạn
7296,97,One Direction,Night Changes,79,100,98,11319796,False,3,Cao,Dài hạn
7297,98,a-ha,Take on Me,56,81,48,11291541,False,-17,Cao,Dài hạn
7298,99,Lewis Capaldi,Someone You Loved,4,113,296,11269697,False,14,Cao,Dài hạn
7299,100,Eminem,Houdini,2,80,15,11269636,False,-20,Cao,Dài hạn
7300,101,Tate McRae,greedy,1,91,52,11247246,False,-10,Trung bình,Dài hạn
7301,102,Natasha Bedingfield,Unwritten,16,98,35,11245935,False,-4,Trung bình,Dài hạn
7302,103,"Earth, Wind & Fire",September,103,129,25,11232867,False,26,Trung bình,Dài hạn
7303,104,Manuel Turizo,La Bachata,4,96,115,11225394,False,-8,Trung bình,Dài hạn
7304,105,Cigarettes After Sex,Apocalypse,79,107,113,11183134,False,2,Trung bình,Dài hạn
7305,106,"Lost Frequencies, Tom Odell",Black Friday (pretty like the sun),82,99,7,11175606,False,-7,Trung bình,Trung hạn
7306,107,Coldplay,Viva La Vida,31,72,107,11150079,False,-35,Trung bình,Dài hạn
7307,108,"KAROL G, Peso Pluma",QLONA,5,84,57,11080738,False,-24,Trung bình,Dài hạn
7308,109,Surf Curse,Disco,109,197,2,11060976,False,88,Trung bình,Ngắn hạn
7309,110,Sabrina Carpenter,Nonsense,17,87,86,11014106,False,-23,Trung bình,Dài hạn
7310,111,SZA,Saturn,17,92,29,10964886,False,-19,Trung bình,Dài hạn
7311,112,"Zach Bryan, Kacey Musgraves",I Remember Everything (feat. Kacey Musgraves),20,105,55,10964153,False,-7,Trung bình,Dài hạn
7312,113,Sabrina Carpenter,Coincidence,28,54,3,10959717,False,-59,Trung bình,Ngắn hạn
7313,114,Radiohead,Creep,114,127,42,10952065,False,13,Trung bình,Dài hạn
7314,115,Jung Kook,Standing Next to You,1,90,44,10817066,False,-25,Trung bình,Dài hạn
7315,116,Adele,Someone Like You,38,121,17,10806070,False,5,Trung bình,Dài hạn
7316,117,CYRIL,Stumblin' In,60,89,25,10731228,False,-28,Trung bình,Dài hạn
7317,118,"Billie Eilish, Khalid",lovely (with Khalid),24,135,334,10694371,False,17,Trung bình,Dài hạn
7318,119,Bruno Mars,Talking to the Moon,45,185,58,10679824,False,66,Trung bình,Dài hạn
7319,120,"Drake, Wizkid, Kyla",One Dance,12,123,211,10676021,False,3,Trung bình,Dài hạn
7320,121,Taylor Swift,I Can Do It With a Broken Heart,5,97,21,10664571,False,-24,Trung bình,Dài hạn
7321,122,Miguel,Sure Thing,14,143,78,10627513,False,21,Trung bình,Dài hạn
7322,123,James Arthur,Say You Won't Let Go,7,146,323,10613313,False,23,Trung bình,Dài hạn
7323,124,Adele,Set Fire to the Rain,61,114,73,10611868,False,-10,Trung bình,Dài hạn
7324,125,"The Kid LAROI, Justin Bieber",STAY (with Justin Bieber),1,111,157,10560624,False,-14,Trung bình,Dài hạn
7325,126,Michael Marcagi,Scared To Start,25,124,32,10530848,False,-2,Trung bình,Dài hạn
7326,127,Travis Scott,HIGHEST IN THE ROOM,1,179,96,10484295,False,52,Trung bình,Dài hạn
7327,128,"Post Malone, Swae Lee",Sunflower - Spider-Man: Into the Spider-Verse,1,128,301,10415062,False,0,Trung bình,Dài hạn
7328,129,Plan B,Es un Secreto,109,151,45,10373628,False,22,Trung bình,Dài hạn
7329,130,KATSEYE,Touch,130,155,2,10352779,False,25,Trung bình,Ngắn hạn
7330,131,OneRepublic,Counting Stars,86,149,178,10339354,False,18,Trung bình,Dài hạn
7331,132,"French Montana, Swae Lee",Unforgettable,3,133,106,10302327,False,1,Trung bình,Dài hạn
7332,133,Hozier,Take Me To Church,108,144,158,10241573,False,11,Trung bình,Dài hạn
7333,134,Taylor Swift,august,11,101,70,10233743,False,-33,Trung bình,Dài hạn
7334,135,Trueno,REAL GANGSTA LOVE,13,102,15,10217239,False,-33,Trung bình,Dài hạn
7335,136,Zach Bryan,Pink Skies,21,120,16,10213795,False,-16,Trung bình,Dài hạn
7336,137,"Natanael Cano, Oscar Maydon",Madonna,18,134,27,10208781,False,-3,Trung bình,Dài hạn
7337,138,The Kid LAROI,BABY I'M BACK,138,145,2,10181149,False,7,Trung bình,Ngắn hạn
7338,139,Chappell Roan,Red Wine Supernova,80,117,14,10100153,False,-22,Trung bình,Dài hạn
7339,140,"Megan Thee Stallion, Yuki Chiba",Mamushi (feat. Yuki Chiba),41,109,10,10086676,False,-31,Trung bình,Trung hạn
7340,141,Oasis,Wonderwall - Remastered,63,63,105,10077440,False,-78,Trung bình,Dài hạn
7341,142,"David Guetta, Bebe Rexha",I'm Good (Blue),2,140,107,10059774,False,-2,Trung bình,Dài hạn
7342,143,Linkin Park,One Step Closer,104,-1,2,10053081,True,-144,Trung bình,Ngắn hạn
7343,144,Addison Rae,Diet Pepsi,144,195,2,10045742,False,51,Trung bình,Ngắn hạn
7344,145,Creedence Clearwater Revival,Have You Ever Seen The Rain,75,150,56,10025136,False,5,Trung bình,Dài hạn
7345,146,Hotel Ugly,Shut up My Moms Calling,78,125,88,10021473,False,-21,Trung bình,Dài hạn
7346,147,The Killers,Mr. Brightside,94,170,141,10016120,False,23,Trung bình,Dài hạn
7347,148,"Maluma, Carin Leon",Según Quién,17,153,41,9995476,False,5,Trung bình,Dài hạn
7348,149,Imagine Dragons,Demons,111,200,94,9982083,False,51,Trung bình,Dài hạn
7349,150,Sabrina Carpenter,Sharpest Tool,25,60,3,9837418,False,-90,Trung bình,Ngắn hạn
7350,151,Twenty One Pilots,Stressed Out,63,199,48,9809291,False,48,Trung bình,Dài hạn
7351,152,Teddy Swims,The Door,152,158,3,9807394,False,6,Trung bình,Ngắn hạn
7352,153,TV Girl,Lovers Rock,100,161,64,9805330,False,8,Trung bình,Dài hạn
7353,154,Lana Del Rey,Summertime Sadness,83,147,109,9770013,False,-7,Trung bình,Dài hạn
7354,155,Adele,Skyfall,152,152,6,9763866,False,-3,Trung bình,Trung hạn
7355,156,"Tito Double P, Chino Pacas",ESCAPATE,156,-1,1,9760643,True,-157,Trung bình,Ngắn hạn
7356,157,TOTO,Hold the Line,157,194,5,9750966,False,37,Trung bình,Trung hạn
7357,158,Billie Eilish,"What Was I Made For? [From The Motion Picture ""Barbie""]",3,166,61,9717035,False,8,Trung bình,Dài hạn
7358,159,"Don Omar, Lucenzo",Danza Kuduro,91,162,50,9698843,False,3,Trung bình,Dài hạn
7359,160,AC/DC,You Shook Me All Night Long,152,160,12,9686823,False,0,Trung bình,Trung hạn
7360,161,Red Hot Chili Peppers,Can't Stop,161,-1,1,9679381,True,-162,Trung bình,Ngắn hạn
7361,162,"Kendrick Lamar, SZA",All The Stars (with SZA),2,191,67,9669980,False,29,Thấp,Dài hạn
7362,163,"Macklemore, Ryan Lewis, Macklemore & Ryan Lewis, Ray Dalton",Can't Hold Us (feat. Ray Dalton),86,172,131,9633190,False,9,Thấp,Dài hạn
7363,164,KAROL G,AMARGURA,53,132,69,9632344,False,-32,Thấp,Dài hạn
7364,165,"Pitbull, AFROJACK, Ne-Yo, Nayer",Give Me Everything (feat. Nayer),127,177,18,9582962,False,12,Thấp,Dài hạn
7365,166,Vance Joy,Riptide,30,159,187,9550803,False,-7,Thấp,Dài hạn
7366,167,"Dionela, Jay R",sining (feat. Jay R),72,94,8,9531153,False,-73,Thấp,Trung hạn
7367,168,Surf Curse,Freaks,55,-1,59,9521477,True,-169,Thấp,Dài hạn
7368,169,Imagine Dragons,Believer,16,183,392,9501411,False,14,Thấp,Dài hạn
7369,170,The Outfield,Your Love,134,154,20,9499103,False,-16,Thấp,Dài hạn
7370,171,LISA,Rockstar,14,137,11,9440695,False,-34,Thấp,Trung hạn
7371,172,Charli xcx,360,42,122,14,9398115,False,-50,Thấp,Dài hạn
7372,173,Eminem,Without Me,31,164,155,9372946,False,-9,Thấp,Dài hạn
7373,174,"Coolio, L.V.",Gangsta's Paradise,40,188,87,9368240,False,14,Thấp,Dài hạn
7374,175,Kings of Leon,Sex on Fire,173,181,6,9356927,False,6,Thấp,Trung hạn
7375,176,Miley Cyrus,Flowers,1,157,87,9350920,False,-19,Thấp,Dài hạn
7376,177,Sabrina Carpenter,Feather,34,126,41,9323346,False,-51,Thấp,Dài hạn
7377,178,"Kaique e Felipe, Luan Pereira",Saveiro,168,168,2,9315451,False,-10,Thấp,Ngắn hạn
7378,179,Bruno Mars,That's What I Like,6,131,109,9313291,False,-48,Thấp,Dài hạn
7379,180,Luke Combs,Ain't No Love In Oklahoma (From Twisters: The Album),137,169,7,9304739,False,-11,Thấp,Trung hạn
7380,181,Adele,Rolling in the Deep,36,171,35,9294011,False,-10,Thấp,Dài hạn
7381,182,"Rihanna, Calvin Harris",We Found Love,59,187,80,9291912,False,5,Thấp,Dài hạn
7382,183,Tyla,Water,12,139,51,9271842,False,-44,Thấp,Dài hạn
7383,184,"Disturbed, CYRIL",The Sound of Silence - CYRIL Remix,106,174,22,9198373,False,-10,Thấp,Dài hạn
7384,185,Myke Towers,LA FALDA,24,186,35,9161184,False,1,Thấp,Dài hạn
7385,186,Ruth B.,Dandelions,34,-1,149,9129020,True,-187,Thấp,Dài hạn
7386,187,"Sachin-Jigar, Amitabh Bhattacharya, Madhubanti Bagchi, Divya Kumar","Aaj Ki Raat (From ""Stree 2"")",142,142,3,9105283,False,-45,Thấp,Ngắn hạn
7387,188,"Daniel Caesar, H.E.R.",Best Part (feat. H.E.R.),110,-1,15,9062798,True,-189,Thấp,Dài hạn
7388,189,Jimin,Be Mine,67,163,7,9044264,False,-26,Thấp,Trung hạn
7389,190,"Bad Bunny, Feid",PERRO NEGRO,4,180,48,9039237,False,-10,Thấp,Dài hạn
7390,191,Gunna,one of wun,56,156,13,8971668,False,-35,Thấp,Dài hạn
7391,192,The Neighbourhood,Softcore,35,-1,42,8960177,True,-193,Thấp,Dài hạn
7392,193,Chappell Roan,Casual,123,189,8,8956021,False,-4,Thấp,Trung hạn
7393,194,"Future, Metro Boomin, Kendrick Lamar",Like That,4,175,25,8954869,False,-19,Thấp,Dài hạn
7394,195,d4vd,Romantic Homicide,17,-1,97,8944110,True,-196,Thấp,Dài hạn
7395,196,"Peso Pluma, Tito Double P",LOS CUADROS,116,119,4,8918225,False,-77,Thấp,Ngắn hạn
7396,197,Zach Bryan,Something in the Orange,57,165,88,8876405,False,-32,Thấp,Dài hạn
7397,198,Lana Del Rey,Young And Beautiful,155,-1,8,8873578,True,-199,Thấp,Trung hạn
7398,199,WALK THE MOON,Shut Up and Dance,154,-1,18,8848982,True,-200,Thấp,Dài hạn
7399,200,Steve Lacy,Dark Red,66,-1,117,8823980,True,-201,Thấp,Dài hạn
7400,1,"Lady Gaga, Bruno Mars",Die With A Smile,1,1,5,76502673,False,0,Rất cao,Trung hạn
7401,2,Billie Eilish,BIRDS OF A FEATHER,1,2,18,54756808,False,0,Rất cao,Dài hạn
7402,3,Sabrina Carpenter,Taste,3,3,4,48790619,False,0,Rất cao,Ngắn hạn
7403,4,Jimin,Who,1,4,9,44521229,False,0,Rất cao,Trung hạn
7404,5,Sabrina Carpenter,Espresso,1,5,23,43438760,False,0,Rất cao,Dài hạn
7405,6,Chappell Roan,"Good Luck, Babe!",6,9,23,39286944,False,3,Rất cao,Dài hạn
7406,7,KAROL G,Si Antes Te Hubiera Conocido,5,8,13,37124389,False,1,Rất cao,Dài hạn
7407,8,Sabrina Carpenter,Please Please Please,1,7,15,36194658,False,-1,Rất cao,Dài hạn
7408,9,Linkin Park,The Emptiness Machine,6,6,2,35819862,False,-3,Rất cao,Ngắn hạn
7409,10,Benson Boone,Beautiful Things,1,10,35,29236161,False,0,Rất cao,Dài hạn
7410,11,Sabrina Carpenter,Bed Chem,9,11,4,28156133,False,0,Rất cao,Ngắn hạn
7411,12,Playboi Carti,ALL RED,12,-1,1,25719223,True,-13,Rất cao,Ngắn hạn
7412,13,The Weeknd,Dancing In The Flames,13,-1,1,24496688,True,-14,Rất cao,Ngắn hạn
7413,14,Teddy Swims,Lose Control,5,14,45,24108102,False,0,Rất cao,Dài hạn
7414,15,Shaboozey,A Bar Song (Tipsy),6,12,23,23473470,False,-3,Rất cao,Dài hạn
7415,16,Hozier,Too Sweet,2,13,26,23098063,False,-3,Rất cao,Dài hạn
7416,17,Lord Huron,The Night We Met,17,26,100,21456993,False,9,Rất cao,Dài hạn
7417,18,"The Weeknd, JENNIE, Lily-Rose Depp","One Of The Girls (with JENNIE, Lily Rose Depp)",3,20,50,21356345,False,2,Rất cao,Dài hạn
7418,19,"Charli xcx, Billie Eilish",Guess featuring billie eilish,5,17,7,21196043,False,-2,Rất cao,Trung hạn
7419,20,"FloyyMenor, Cris Mj",Gata Only,3,19,32,20497821,False,-1,Rất cao,Dài hạn
7420,21,The Neighbourhood,Sweater Weather,19,22,212,20097539,False,1,Rất cao,Dài hạn
7421,22,"Hanumankind, Kalmi",Big Dawgs,7,16,8,19910912,False,-6,Rất cao,Trung hạn
7422,23,Kendrick Lamar,Not Like Us,2,21,20,19756117,False,-2,Rất cao,Dài hạn
7423,24,Linkin Park,Numb,24,29,29,19689324,False,5,Rất cao,Dài hạn
7424,25,"Post Malone, Morgan Wallen",I Had Some Help (Feat. Morgan Wallen),3,18,19,19654431,False,-7,Rất cao,Dài hạn
7425,26,Arctic Monkeys,I Wanna Be Yours,15,27,115,19424499,False,1,Rất cao,Dài hạn
7426,27,Ariana Grande,we can't be friends (wait for your love),1,28,28,18989063,False,1,Rất cao,Dài hạn
7427,28,Chappell Roan,HOT TO GO!,25,30,14,18936284,False,2,Rất cao,Dài hạn
7428,29,Tommy Richman,MILLION DOLLAR BABY,1,25,21,18755863,False,-4,Rất cao,Dài hạn
7429,30,Tate McRae,It's ok I'm ok,30,-1,1,18107048,True,-31,Rất cao,Ngắn hạn
7430,31,Gigi Perez,Sailor Song,31,46,5,18086441,False,15,Rất cao,Trung hạn
7431,32,Gracie Abrams,"I Love You, I'm Sorry",32,42,7,18045821,False,10,Rất cao,Trung hạn
7432,33,"Travis Scott, Playboi Carti",FE!N (feat. Playboi Carti),5,43,53,17936476,False,10,Rất cao,Dài hạn
7433,34,Billie Eilish,WILDFLOWER,15,39,18,17900028,False,5,Rất cao,Dài hạn
7434,35,Coldplay,Yellow,32,32,196,17442658,False,-3,Rất cao,Dài hạn
7435,36,Djo,End of Beginning,3,34,31,17434238,False,-2,Rất cao,Dài hạn
7436,37,*NSYNC,Bye Bye Bye - From Deadpool and Wolverine Soundtrack,10,24,8,17270649,False,-13,Rất cao,Trung hạn
7437,38,Taylor Swift,Cruel Summer,2,37,85,17186799,False,-1,Rất cao,Dài hạn
7438,39,"LISA, ROSALÍA",New Woman (feat. ROSALÍA),9,33,5,16857990,False,-6,Rất cao,Trung hạn
7439,40,Kapo,UWAIE,19,23,5,16677446,False,-17,Rất cao,Trung hạn
7440,41,Myles Smith,Stargazing,16,40,19,16626570,False,-1,Rất cao,Dài hạn
7441,42,FloyyMenor,PELIGROSA,42,45,6,16187905,False,3,Rất cao,Trung hạn
7442,43,Dasha,Austin (Boots Stop Workin'),20,35,28,16042988,False,-8,Rất cao,Dài hạn
7443,44,"Peso Pluma, Neton Vega",LA PATRULLA,44,48,13,16000375,False,4,Rất cao,Dài hạn
7444,45,Artemas,i like the way you kiss me,1,36,26,15996612,False,-9,Rất cao,Dài hạn
7445,46,"Adam Port, Stryv, Keinemusik, Orso, Malachiii",Move,19,31,14,15987047,False,-15,Rất cao,Dài hạn
7446,47,Bruno Mars,When I Was Your Man,38,57,99,15772778,False,10,Rất cao,Dài hạn
7447,48,"Jung Kook, Latto",Seven (feat. Latto) (Explicit Ver.),1,51,62,15612620,False,3,Rất cao,Dài hạn
7448,49,"Sevdaliza, Pabllo Vittar, Yseult",Alibi (with Pabllo Vittar & Yseult),12,38,12,15569869,False,-11,Rất cao,Trung hạn
7449,50,"Megan Thee Stallion, RM",Neva Play (feat. RM of BTS),15,15,2,15527907,False,-35,Rất cao,Ngắn hạn
7450,51,The Goo Goo Dolls,Iris,40,47,55,15373049,False,-4,Rất cao,Dài hạn
7451,52,Tito Double P,EL LOKERON,52,63,3,15269225,False,11,Rất cao,Ngắn hạn
7452,53,Mitski,My Love Mine All Mine,3,62,52,15202057,False,9,Rất cao,Dài hạn
7453,54,Benson Boone,Slow It Down,27,54,26,15040896,False,0,Cao,Dài hạn
7454,55,"Feid, ATL Jacob",LUNA,9,44,41,14999674,False,-11,Cao,Dài hạn
7455,56,The Kid LAROI,NIGHTS LIKE THIS,42,53,13,14884477,False,-3,Cao,Dài hạn
7456,57,Sabrina Carpenter,Good Graces,11,41,4,14877988,False,-16,Cao,Ngắn hạn
7457,58,"Tyler, The Creator, Kali Uchis",See You Again (feat. Kali Uchis),16,50,82,14746804,False,-8,Cao,Dài hạn
7458,59,Bernadya,Satu Bulan,48,52,6,14673826,False,-7,Cao,Trung hạn
7459,60,"The Weeknd, Daft Punk",Starboy,1,58,207,14362717,False,-2,Cao,Dài hạn
7460,61,Fuerza Regida,NEL,55,75,6,13980437,False,14,Cao,Trung hạn
7461,62,SZA,Kill Bill,1,55,93,13706633,False,-7,Cao,Dài hạn
7462,63,"Tito Double P, Peso Pluma",DOS DÍAS,63,80,3,13674885,False,17,Cao,Ngắn hạn
7463,64,Chappell Roan,Pink Pony Club,64,87,12,13584974,False,23,Cao,Trung hạn
7464,65,The Weeknd,Blinding Lights,1,72,251,13407745,False,7,Cao,Dài hạn
7465,66,Tom Odell,Another Love,15,59,180,13356537,False,-7,Cao,Dài hạn
7466,67,"Maisak, Feid",SE ME OLVIDA,35,49,4,13313676,False,-18,Cao,Ngắn hạn
7467,68,Noah Kahan,Stick Season,6,70,50,13302242,False,2,Cao,Dài hạn
7468,69,"Luis R Conriquez, Neton Vega",Si No Quieres No,28,81,23,13139343,False,12,Cao,Dài hạn
7469,70,Billie Eilish,CHIHIRO,5,60,18,13015336,False,-10,Cao,Dài hạn
7470,71,"Taylor Swift, Post Malone",Fortnight (feat. Post Malone),1,79,22,12871845,False,8,Cao,Dài hạn
7471,72,Linkin Park,In the End,22,64,58,12839486,False,-8,Cao,Dài hạn
7472,73,"David Guetta, OneRepublic",I Don't Wanna Wait,34,61,23,12836588,False,-12,Cao,Dài hạn
7473,74,Jordan Adetunji,KEHLANI,36,73,13,12742874,False,-1,Cao,Dài hạn
7474,75,The Walters,I Love You So,21,65,123,12620155,False,-10,Cao,Dài hạn
7475,76,The Weeknd,Die For You,12,94,136,12521734,False,18,Cao,Dài hạn
7476,77,Alphaville,Forever Young,54,74,9,12510604,False,-3,Cao,Trung hạn
7477,78,Richy Mitch & The Coal Miners,Evergreen,40,86,36,12369120,False,8,Cao,Dài hạn
7478,79,Julión Álvarez y su Norteño Banda,Rey Sin Reina,79,-1,1,12305318,True,-80,Cao,Ngắn hạn
7479,80,One Direction,Night Changes,79,97,99,12305077,False,17,Cao,Dài hạn
7480,81,Billie Eilish,LUNCH,1,71,18,12295172,False,-10,Cao,Dài hạn
7481,82,Kapo,Ohnana,39,56,9,12255227,False,-26,Cao,Trung hạn
7482,83,Bruno Mars,Locked out of Heaven,32,85,119,12247625,False,2,Cao,Dài hạn
7483,84,Charli xcx,Apple,28,69,9,12231465,False,-15,Cao,Trung hạn
7484,85,Travis Scott,HIGHEST IN THE ROOM,1,127,97,12212166,False,42,Cao,Dài hạn
7485,86,Bruno Mars,Talking to the Moon,45,119,59,12136397,False,33,Cao,Dài hạn
7486,87,"Blessd, Ovy On The Drums",Mírame,38,78,12,12117940,False,-9,Cao,Trung hạn
7487,88,Bruno Mars,Just the Way You Are,39,93,89,12045100,False,5,Cao,Dài hạn
7488,89,Arctic Monkeys,505,43,92,141,11999426,False,3,Cao,Dài hạn
7489,90,Lewis Capaldi,Someone You Loved,4,99,297,11966881,False,9,Cao,Dài hạn
7490,91,Mark Ambor,Belong Together,19,77,25,11960191,False,-14,Cao,Dài hạn
7491,92,Cigarettes After Sex,Apocalypse,79,105,114,11931953,False,13,Cao,Dài hạn
7492,93,"The Chainsmokers, Coldplay",Something Just Like This,2,66,225,11926250,False,-27,Cao,Dài hạn
7493,94,Cris Mj,SI NO ES CONTIGO,33,82,17,11886868,False,-12,Cao,Dài hạn
7494,95,Frank Ocean,Pink + White,69,91,70,11871010,False,-4,Cao,Dài hạn
7495,96,Linkin Park,Faint,76,76,3,11761958,False,-20,Cao,Ngắn hạn
7496,97,"Billie Eilish, Khalid",lovely (with Khalid),24,118,335,11748299,False,21,Cao,Dài hạn
7497,98,Harry Styles,As It Was,1,83,129,11550320,False,-15,Cao,Dài hạn
7498,99,Adele,Easy On Me,1,90,95,11514632,False,-9,Cao,Dài hạn
7499,100,LE SSERAFIM,CRAZY,58,68,3,11464255,False,-32,Cao,Ngắn hạn
7500,101,The Police,Every Breath You Take,77,88,145,11448346,False,-13,Cao,Dài hạn
7501,102,"KAROL G, Peso Pluma",QLONA,5,108,58,11448186,False,6,Cao,Dài hạn
7502,103,Sabrina Carpenter,Juno,23,67,4,11431533,False,-36,Cao,Ngắn hạn
7503,104,Eminem,Houdini,2,100,16,11397370,False,-4,Cao,Dài hạn
7504,105,SZA,Saturn,17,111,30,11383397,False,6,Cao,Dài hạn
7505,106,Tate McRae,greedy,1,101,53,11375727,False,-5,Cao,Dài hạn
7506,107,"Zach Bryan, Kacey Musgraves",I Remember Everything (feat. Kacey Musgraves),20,112,56,11331424,False,5,Cao,Dài hạn
7507,108,Hotel Ugly,Shut up My Moms Calling,78,146,89,11315393,False,38,Cao,Dài hạn
7508,109,Addison Rae,Diet Pepsi,109,144,3,11294229,False,35,Cao,Ngắn hạn
7509,110,Manuel Turizo,La Bachata,4,104,116,11289580,False,-6,Cao,Dài hạn
7510,111,Imagine Dragons,Demons,111,149,95,11240856,False,38,Trung bình,Dài hạn
7511,112,Journey,Don't Stop Believin' (2022 Remaster),89,95,29,11221429,False,-17,Trung bình,Dài hạn
7512,113,Sabrina Carpenter,Nonsense,17,110,87,11208984,False,-3,Trung bình,Dài hạn
7513,114,a-ha,Take on Me,56,98,49,11067265,False,-16,Trung bình,Dài hạn
7514,115,"Tito Double P, Chino Pacas",ESCAPATE,115,156,2,11065471,False,41,Trung bình,Ngắn hạn
7515,116,"Cris Mj, FloyyMenor, LOUKI",Después De La 1,116,-1,1,11062744,True,-117,Trung bình,Ngắn hạn
7516,117,Radiohead,Creep,114,114,43,11023915,False,-3,Trung bình,Dài hạn
7517,118,"Post Malone, Swae Lee",Sunflower - Spider-Man: Into the Spider-Verse,1,128,302,10967932,False,10,Trung bình,Dài hạn
7518,119,V,Love Me Again,11,84,58,10939981,False,-35,Trung bình,Dài hạn
7519,120,"Lost Frequencies, Tom Odell",Black Friday (pretty like the sun),82,106,8,10919017,False,-14,Trung bình,Trung hạn
7520,121,"Rvssian, Rauw Alejandro, Ayra Starr",Santa,14,89,22,10851446,False,-32,Trung bình,Dài hạn
7521,122,Jung Kook,Standing Next to You,1,115,45,10812034,False,-7,Trung bình,Dài hạn
7522,123,Chappell Roan,Red Wine Supernova,80,139,15,10715556,False,16,Trung bình,Dài hạn
7523,124,Taylor Swift,I Can Do It With a Broken Heart,5,121,22,10713248,False,-3,Trung bình,Dài hạn
7524,125,Coldplay,Viva La Vida,31,107,108,10702114,False,-18,Trung bình,Dài hạn
7525,126,"The Kid LAROI, Justin Bieber",STAY (with Justin Bieber),1,125,158,10617032,False,-1,Trung bình,Dài hạn
7526,127,James Arthur,Say You Won't Let Go,7,123,324,10517882,False,-4,Trung bình,Dài hạn
7527,128,KATSEYE,Touch,128,130,3,10504869,False,2,Trung bình,Ngắn hạn
7528,129,Chappell Roan,Casual,123,193,9,10466799,False,64,Trung bình,Trung hạn
7529,130,Imagine Dragons,Believer,16,169,393,10435022,False,39,Trung bình,Dài hạn
7530,131,Natasha Bedingfield,Unwritten,16,102,36,10405983,False,-29,Trung bình,Dài hạn
7531,132,Zach Bryan,Pink Skies,21,136,17,10380682,False,4,Trung bình,Dài hạn
7532,133,"Drake, Wizkid, Kyla",One Dance,12,120,212,10359271,False,-13,Trung bình,Dài hạn
7533,134,Bernadya,"Untungnya, Hidup Harus Tetap Berjalan",96,96,4,10351092,False,-38,Trung bình,Ngắn hạn
7534,135,Hozier,Take Me To Church,108,133,159,10307347,False,-2,Trung bình,Dài hạn
7535,136,Adele,Someone Like You,38,116,18,10265525,False,-20,Trung bình,Dài hạn
7536,137,Surf Curse,Disco,109,109,3,10223532,False,-28,Trung bình,Ngắn hạn
7537,138,Twenty One Pilots,Stressed Out,63,151,49,10089052,False,13,Trung bình,Dài hạn
7538,139,Michael Marcagi,Scared To Start,25,126,33,10082950,False,-13,Trung bình,Dài hạn
7539,140,Odetari,KEEP UP,140,-1,1,10075121,True,-141,Trung bình,Ngắn hạn
7540,141,CYRIL,Stumblin' In,60,117,26,10071648,False,-24,Trung bình,Dài hạn
7541,142,Miguel,Sure Thing,14,122,79,10056765,False,-20,Trung bình,Dài hạn
7542,143,"Megan Thee Stallion, Yuki Chiba",Mamushi (feat. Yuki Chiba),41,140,11,10047050,False,-3,Trung bình,Trung hạn
7543,144,Teddy Swims,The Door,144,152,4,9987040,False,8,Trung bình,Ngắn hạn
7544,145,"French Montana, Swae Lee",Unforgettable,3,132,107,9931000,False,-13,Trung bình,Dài hạn
7545,146,"Earth, Wind & Fire",September,103,103,26,9924092,False,-43,Trung bình,Dài hạn
7546,147,OneRepublic,Counting Stars,86,131,179,9917333,False,-16,Trung bình,Dài hạn
7547,148,Plan B,Es un Secreto,109,129,46,9915261,False,-19,Trung bình,Dài hạn
7548,149,"David Guetta, Bebe Rexha",I'm Good (Blue),2,142,108,9913415,False,-7,Trung bình,Dài hạn
7549,150,"Daniel Caesar, H.E.R.",Best Part (feat. H.E.R.),110,188,16,9910750,False,38,Trung bình,Dài hạn
7550,151,The Kid LAROI,BABY I'M BACK,138,138,3,9898518,False,-13,Trung bình,Ngắn hạn
7551,152,Bruno Mars,That's What I Like,6,179,110,9855544,False,27,Trung bình,Dài hạn
7552,153,Ed Sheeran,Photograph,41,-1,157,9848321,True,-154,Trung bình,Dài hạn
7553,154,KAROL G,AMARGURA,53,164,70,9845904,False,10,Trung bình,Dài hạn
7554,155,Billie Eilish,"What Was I Made For? [From The Motion Picture ""Barbie""]",3,158,62,9830477,False,3,Trung bình,Dài hạn
7555,156,Linkin Park,One Step Closer,104,143,3,9824576,False,-13,Trung bình,Ngắn hạn
7556,157,Adele,Set Fire to the Rain,61,124,74,9786882,False,-33,Trung bình,Dài hạn
7557,158,Zach Bryan,Something in the Orange,57,197,89,9746198,False,39,Trung bình,Dài hạn
7558,159,"Natanael Cano, Oscar Maydon",Madonna,18,137,28,9742401,False,-22,Trung bình,Dài hạn
7559,160,The Killers,Mr. Brightside,94,147,142,9692279,False,-13,Trung bình,Dài hạn
7560,161,Adele,Skyfall,152,155,7,9659537,False,-6,Thấp,Trung hạn
7561,162,"Kendrick Lamar, SZA",All The Stars (with SZA),2,162,68,9656260,False,0,Thấp,Dài hạn
7562,163,TV Girl,Lovers Rock,100,153,65,9644606,False,-10,Thấp,Dài hạn
7563,164,Eminem,Without Me,31,173,156,9642050,False,9,Thấp,Dài hạn
7564,165,Ruth B.,Dandelions,34,186,150,9565084,False,21,Thấp,Dài hạn
7565,166,Vance Joy,Riptide,30,166,188,9539831,False,0,Thấp,Dài hạn
7566,167,Sabrina Carpenter,Coincidence,28,113,4,9529647,False,-54,Thấp,Ngắn hạn
7567,168,LISA,Rockstar,14,171,12,9519163,False,3,Thấp,Trung hạn
7568,169,Lana Del Rey,Summertime Sadness,83,154,110,9482240,False,-15,Thấp,Dài hạn
7569,170,Taylor Swift,august,11,134,71,9475711,False,-36,Thấp,Dài hạn
7570,171,Tyla,Water,12,183,52,9473106,False,12,Thấp,Dài hạn
7571,172,Charli xcx,360,42,172,15,9400223,False,0,Thấp,Dài hạn
7572,173,"Maluma, Carin Leon",Según Quién,17,148,42,9393921,False,-25,Thấp,Dài hạn
7573,174,Trueno,REAL GANGSTA LOVE,13,135,16,9335119,False,-39,Thấp,Dài hạn
7574,175,Sabrina Carpenter,Feather,34,177,42,9331815,False,2,Thấp,Dài hạn
7575,176,Miley Cyrus,Flowers,1,176,88,9317062,False,0,Thấp,Dài hạn
7576,177,"Don Omar, Lucenzo",Danza Kuduro,91,159,51,9280490,False,-18,Thấp,Dài hạn
7577,178,"Pitbull, AFROJACK, Ne-Yo, Nayer",Give Me Everything (feat. Nayer),127,165,19,9265696,False,-13,Thấp,Dài hạn
7578,179,Creedence Clearwater Revival,Have You Ever Seen The Rain,75,145,57,9256621,False,-34,Thấp,Dài hạn
7579,180,Ndotz,Embrace It,180,-1,1,9218476,True,-181,Thấp,Ngắn hạn
7580,181,d4vd,Romantic Homicide,17,195,98,9187329,False,14,Thấp,Dài hạn
7581,182,Anuv Jain,Jo Tum Mere Ho,182,-1,1,9187032,True,-183,Thấp,Ngắn hạn
7582,183,Travis Scott,goosebumps,13,-1,259,9139960,True,-184,Thấp,Dài hạn
7583,184,"Peso Pluma, Tito Double P",LOS CUADROS,116,196,5,9107863,False,12,Thấp,Trung hạn
7584,185,Gunna,one of wun,56,191,14,9069411,False,6,Thấp,Dài hạn
7585,186,"Bad Bunny, Feid",PERRO NEGRO,4,190,49,9067694,False,4,Thấp,Dài hạn
7586,187,"Macklemore, Ryan Lewis, Macklemore & Ryan Lewis, Ray Dalton",Can't Hold Us (feat. Ray Dalton),86,163,132,9050984,False,-24,Thấp,Dài hạn
7587,188,Lana Del Rey,Young And Beautiful,155,198,9,9048724,False,10,Thấp,Trung hạn
7588,189,The Outfield,Your Love,134,170,21,9039315,False,-19,Thấp,Dài hạn
7589,190,XXXTENTACION,Revenge,63,-1,65,9018072,True,-191,Thấp,Dài hạn
7590,191,"Disturbed, CYRIL",The Sound of Silence - CYRIL Remix,106,184,23,8995344,False,-7,Thấp,Dài hạn
7591,192,"The Weeknd, Lana Del Rey",Stargirl Interlude,92,-1,94,8971116,True,-193,Thấp,Dài hạn
7592,193,Bernadya,Kata Mereka Ini Berlebihan,193,-1,1,8957349,True,-194,Thấp,Ngắn hạn
7593,194,The Neighbourhood,Softcore,35,192,43,8945367,False,-2,Thấp,Dài hạn
7594,195,"Future, Metro Boomin, Travis Scott, Playboi Carti",Type Shit,11,-1,25,8942475,True,-196,Thấp,Dài hạn
7595,196,Luke Combs,Ain't No Love In Oklahoma (From Twisters: The Album),137,180,8,8941550,False,-16,Thấp,Trung hạn
7596,197,"Dionela, Jay R",sining (feat. Jay R),72,167,9,8930188,False,-30,Thấp,Trung hạn
7597,198,Steve Lacy,Dark Red,66,200,118,8901006,False,2,Thấp,Dài hạn
7598,199,The Cranberries,Linger,199,-1,2,8867800,True,-200,Thấp,Ngắn hạn
7599,200,Myke Towers,LA FALDA,24,185,36,8848312,False,-15,Thấp,Dài hạn
7600,1,"Lady Gaga, Bruno Mars",Die With A Smile,1,1,6,78624101,False,0,Rất cao,Trung hạn
7601,2,Billie Eilish,BIRDS OF A FEATHER,1,2,19,53138959,False,0,Rất cao,Dài hạn
7602,3,Jimin,Who,1,4,10,45006243,False,1,Rất cao,Trung hạn
7603,4,Sabrina Carpenter,Taste,3,3,5,43710456,False,-1,Rất cao,Trung hạn
7604,5,Sabrina Carpenter,Espresso,1,5,24,42784714,False,0,Rất cao,Dài hạn
7605,6,Chappell Roan,"Good Luck, Babe!",6,6,24,38457840,False,0,Rất cao,Dài hạn
7606,7,Sabrina Carpenter,Please Please Please,1,8,16,34251833,False,1,Rất cao,Dài hạn
7607,8,KAROL G,Si Antes Te Hubiera Conocido,5,7,14,32632092,False,-1,Rất cao,Dài hạn
7608,9,Linkin Park,The Emptiness Machine,6,9,3,31622024,False,0,Rất cao,Ngắn hạn
7609,10,Benson Boone,Beautiful Things,1,10,36,28620711,False,0,Rất cao,Dài hạn
7610,11,Sabrina Carpenter,Bed Chem,9,11,5,25914793,False,0,Rất cao,Trung hạn
7611,12,Teddy Swims,Lose Control,5,14,46,24530402,False,2,Rất cao,Dài hạn
7612,13,Shaboozey,A Bar Song (Tipsy),6,15,24,22851023,False,2,Rất cao,Dài hạn
7613,14,Hozier,Too Sweet,2,16,27,22843130,False,2,Rất cao,Dài hạn
7614,15,Lord Huron,The Night We Met,15,17,101,21248719,False,2,Rất cao,Dài hạn
7615,16,"The Weeknd, JENNIE, Lily-Rose Depp","One Of The Girls (with JENNIE, Lily Rose Depp)",3,18,51,21185228,False,2,Rất cao,Dài hạn
7616,17,The Neighbourhood,Sweater Weather,17,21,213,21103380,False,4,Rất cao,Dài hạn
7617,18,"Charli xcx, Billie Eilish",Guess featuring billie eilish,5,19,8,20587081,False,1,Rất cao,Trung hạn
7618,19,Coldplay,Yellow,19,35,197,19818571,False,16,Rất cao,Dài hạn
7619,20,Arctic Monkeys,I Wanna Be Yours,15,26,116,19651878,False,6,Rất cao,Dài hạn
7620,21,Gigi Perez,Sailor Song,21,31,6,19426660,False,10,Rất cao,Trung hạn
7621,22,Chappell Roan,HOT TO GO!,22,28,15,19380831,False,6,Rất cao,Dài hạn
7622,23,Billie Eilish,WILDFLOWER,15,34,19,19278682,False,11,Rất cao,Dài hạn
7623,24,"FloyyMenor, Cris Mj",Gata Only,3,20,33,19242565,False,-4,Rất cao,Dài hạn
7624,25,"Post Malone, Morgan Wallen",I Had Some Help (Feat. Morgan Wallen),3,25,20,19185650,False,0,Rất cao,Dài hạn
7625,26,Ariana Grande,we can't be friends (wait for your love),1,27,29,18806084,False,1,Rất cao,Dài hạn
7626,27,Tommy Richman,MILLION DOLLAR BABY,1,29,22,18413433,False,2,Rất cao,Dài hạn
7627,28,Kendrick Lamar,Not Like Us,2,23,21,18146676,False,-5,Rất cao,Dài hạn
7628,29,"Travis Scott, Playboi Carti",FE!N (feat. Playboi Carti),5,33,54,17998961,False,4,Rất cao,Dài hạn
7629,30,Linkin Park,Numb,24,24,30,17594118,False,-6,Rất cao,Dài hạn
7630,31,"Hanumankind, Kalmi",Big Dawgs,7,22,9,17393561,False,-9,Rất cao,Trung hạn
7631,32,Djo,End of Beginning,3,36,32,17244887,False,4,Rất cao,Dài hạn
7632,33,"Jung Kook, Latto",Seven (feat. Latto) (Explicit Ver.),1,48,63,16813033,False,15,Rất cao,Dài hạn
7633,34,Taylor Swift,Cruel Summer,2,38,86,16676884,False,4,Rất cao,Dài hạn
7634,35,Artemas,i like the way you kiss me,1,45,27,16468135,False,10,Rất cao,Dài hạn
7635,36,"Cris Mj, FloyyMenor, LOUKI",Después De La 1,36,116,2,16414674,False,80,Rất cao,Ngắn hạn
7636,37,Gracie Abrams,"I Love You, I'm Sorry",32,32,8,16392100,False,-5,Rất cao,Trung hạn
7637,38,*NSYNC,Bye Bye Bye - From Deadpool and Wolverine Soundtrack,10,37,9,16319978,False,-1,Rất cao,Trung hạn
7638,39,Kapo,UWAIE,19,40,6,16252739,False,1,Rất cao,Trung hạn
7639,40,FloyyMenor,PELIGROSA,40,42,7,16086040,False,2,Rất cao,Trung hạn
7640,41,"Peso Pluma, Neton Vega",LA PATRULLA,41,44,14,16025593,False,3,Rất cao,Dài hạn
7641,42,Myles Smith,Stargazing,16,41,20,15949863,False,-1,Rất cao,Dài hạn
7642,43,Tate McRae,It's ok I'm ok,30,30,2,15822445,False,-13,Rất cao,Ngắn hạn
7643,44,Dasha,Austin (Boots Stop Workin'),20,43,29,15689951,False,-1,Rất cao,Dài hạn
7644,45,"Sevdaliza, Pabllo Vittar, Yseult",Alibi (with Pabllo Vittar & Yseult),12,49,13,15613189,False,4,Rất cao,Dài hạn
7645,46,The Goo Goo Dolls,Iris,40,51,56,15498589,False,5,Rất cao,Dài hạn
7646,47,"Feid, ATL Jacob",LUNA,9,55,42,15459778,False,8,Rất cao,Dài hạn
7647,48,The Weeknd,Dancing In The Flames,13,13,2,15427518,False,-35,Rất cao,Ngắn hạn
7648,49,"LISA, ROSALÍA",New Woman (feat. ROSALÍA),9,39,6,15140888,False,-10,Rất cao,Trung hạn
7649,50,Tito Double P,EL LOKERON,50,52,4,15137866,False,2,Rất cao,Ngắn hạn
7650,51,"Adam Port, Stryv, Keinemusik, Orso, Malachiii",Move,19,46,15,15134342,False,-5,Rất cao,Dài hạn
7651,52,"Tyler, The Creator, Kali Uchis",See You Again (feat. Kali Uchis),16,58,83,15058947,False,6,Cao,Dài hạn
7652,53,The Kid LAROI,NIGHTS LIKE THIS,42,56,14,15002087,False,3,Cao,Dài hạn
7653,54,Benson Boone,Slow It Down,27,54,27,14813396,False,0,Cao,Dài hạn
7654,55,Ndotz,Embrace It,55,180,2,14454362,False,125,Cao,Ngắn hạn
7655,56,Mitski,My Love Mine All Mine,3,53,53,14412854,False,-3,Cao,Dài hạn
7656,57,Julión Álvarez y su Norteño Banda,Rey Sin Reina,57,79,2,14242840,False,22,Cao,Ngắn hạn
7657,58,Bruno Mars,When I Was Your Man,38,47,100,14172729,False,-11,Cao,Dài hạn
7658,59,Fuerza Regida,NEL,55,61,7,14127200,False,2,Cao,Trung hạn
7659,60,SZA,Kill Bill,1,62,94,14098215,False,2,Cao,Dài hạn
7660,61,"The Weeknd, Daft Punk",Starboy,1,60,208,13908338,False,-1,Cao,Dài hạn
7661,62,"The Chainsmokers, Coldplay",Something Just Like This,2,93,226,13728207,False,31,Cao,Dài hạn
7662,63,"Tito Double P, Peso Pluma",DOS DÍAS,63,63,4,13688492,False,0,Cao,Ngắn hạn
7663,64,Chappell Roan,Pink Pony Club,64,64,13,13482696,False,0,Cao,Dài hạn
7664,65,Tom Odell,Another Love,15,66,181,13331509,False,1,Cao,Dài hạn
7665,66,"Luis R Conriquez, Neton Vega",Si No Quieres No,28,69,24,13263932,False,3,Cao,Dài hạn
7666,67,Bernadya,Satu Bulan,48,59,7,13176978,False,-8,Cao,Trung hạn
7667,68,Noah Kahan,Stick Season,6,68,51,13130557,False,0,Cao,Dài hạn
7668,69,Playboi Carti,ALL RED,12,12,2,13091539,False,-57,Cao,Ngắn hạn
7669,70,Sabrina Carpenter,Good Graces,11,57,5,13067472,False,-13,Cao,Trung hạn
7670,71,The Weeknd,Blinding Lights,1,65,252,13001393,False,-6,Cao,Dài hạn
7671,72,Billie Eilish,CHIHIRO,5,70,19,12965629,False,-2,Cao,Dài hạn
7672,73,"Tito Double P, Chino Pacas",ESCAPATE,73,115,3,12629539,False,42,Cao,Ngắn hạn
7673,74,Cigarettes After Sex,Apocalypse,74,92,115,12465275,False,18,Cao,Dài hạn
7674,75,Odetari,KEEP UP,75,140,2,12449776,False,65,Cao,Ngắn hạn
7675,76,The Walters,I Love You So,21,75,124,12411583,False,-1,Cao,Dài hạn
7676,77,"Earth, Wind & Fire",September,77,146,27,12379227,False,69,Cao,Dài hạn
7677,78,"David Guetta, OneRepublic",I Don't Wanna Wait,34,73,24,12319871,False,-5,Cao,Dài hạn
7678,79,The Weeknd,Die For You,12,76,137,12212271,False,-3,Cao,Dài hạn
7679,80,Addison Rae,Diet Pepsi,80,109,4,12137767,False,29,Cao,Ngắn hạn
7680,81,Arctic Monkeys,505,43,89,142,12136331,False,8,Cao,Dài hạn
7681,82,Anuv Jain,Jo Tum Mere Ho,82,182,2,12126058,False,100,Cao,Ngắn hạn
7682,83,"Blessd, Ovy On The Drums",Mírame,38,87,13,12110651,False,4,Cao,Dài hạn
7683,84,Billie Eilish,LUNCH,1,81,19,12059392,False,-3,Cao,Dài hạn
7684,85,Bruno Mars,Just the Way You Are,39,88,90,11983657,False,3,Cao,Dài hạn
7685,86,One Direction,Night Changes,79,80,100,11974443,False,-6,Cao,Dài hạn
7686,87,Mark Ambor,Belong Together,19,91,26,11904987,False,4,Cao,Dài hạn
7687,88,Charli xcx,Apple,28,84,10,11890535,False,-4,Cao,Trung hạn
7688,89,Linkin Park,In the End,22,72,59,11840008,False,-17,Cao,Dài hạn
7689,90,"Taylor Swift, Post Malone",Fortnight (feat. Post Malone),1,71,23,11799620,False,-19,Cao,Dài hạn
7690,91,Bruno Mars,Talking to the Moon,45,86,60,11770512,False,-5,Cao,Dài hạn
7691,92,Coldplay,Viva La Vida,31,125,109,11715723,False,33,Cao,Dài hạn
7692,93,Jung Kook,Standing Next to You,1,122,46,11709022,False,29,Cao,Dài hạn
7693,94,Bruno Mars,Locked out of Heaven,32,83,120,11704555,False,-11,Cao,Dài hạn
7694,95,Jordan Adetunji,KEHLANI,36,74,14,11668849,False,-21,Cao,Dài hạn
7695,96,Alphaville,Forever Young,54,77,10,11596896,False,-19,Cao,Trung hạn
7696,97,Frank Ocean,Pink + White,69,95,71,11545800,False,-2,Cao,Dài hạn
7697,98,Lewis Capaldi,Someone You Loved,4,90,298,11519631,False,-8,Cao,Dài hạn
7698,99,The Police,Every Breath You Take,77,101,146,11488063,False,2,Cao,Dài hạn
7699,100,KATSEYE,Touch,100,128,4,11397417,False,28,Cao,Ngắn hạn
7700,101,"Zach Bryan, Kacey Musgraves",I Remember Everything (feat. Kacey Musgraves),20,107,57,11359056,False,6,Cao,Dài hạn
7701,102,"Megan Thee Stallion, RM",Neva Play (feat. RM of BTS),15,50,3,11351837,False,-52,Cao,Ngắn hạn
7702,103,Sabrina Carpenter,Nonsense,17,113,88,11335269,False,10,Cao,Dài hạn
7703,104,Bad Bunny,Una Velita,104,-1,1,11319074,True,-105,Cao,Ngắn hạn
7704,105,Linkin Park,Faint,76,96,4,11312849,False,-9,Cao,Ngắn hạn
7705,106,"Maisak, Feid",SE ME OLVIDA,35,67,5,11269273,False,-39,Cao,Trung hạn
7706,107,Journey,Don't Stop Believin' (2022 Remaster),89,112,30,11247539,False,5,Trung bình,Dài hạn
7707,108,"KAROL G, Peso Pluma",QLONA,5,102,59,11211777,False,-6,Trung bình,Dài hạn
7708,109,Hotel Ugly,Shut up My Moms Calling,78,108,90,11199361,False,-1,Trung bình,Dài hạn
7709,110,Harry Styles,As It Was,1,98,130,11189340,False,-12,Trung bình,Dài hạn
7710,111,Cris Mj,SI NO ES CONTIGO,33,94,18,11187850,False,-17,Trung bình,Dài hạn
7711,112,Travis Scott,HIGHEST IN THE ROOM,1,85,98,11154472,False,-27,Trung bình,Dài hạn
7712,113,Kapo,Ohnana,39,82,10,11121682,False,-31,Trung bình,Trung hạn
7713,114,Natasha Bedingfield,Unwritten,16,131,37,11107820,False,17,Trung bình,Dài hạn
7714,115,"Billie Eilish, Khalid",lovely (with Khalid),24,97,336,11083986,False,-18,Trung bình,Dài hạn
7715,116,a-ha,Take on Me,56,114,50,11034553,False,-2,Trung bình,Dài hạn
7716,117,"Post Malone, Swae Lee",Sunflower - Spider-Man: Into the Spider-Verse,1,118,303,10885516,False,1,Trung bình,Dài hạn
7717,118,Miguel,Sure Thing,14,142,80,10824618,False,24,Trung bình,Dài hạn
7718,119,Sabrina Carpenter,Juno,23,103,5,10820850,False,-16,Trung bình,Trung hạn
7719,120,Linkin Park,Heavy Is the Crown,120,-1,1,10818780,True,-121,Trung bình,Ngắn hạn
7720,121,Teddy Swims,The Door,121,144,5,10770007,False,23,Trung bình,Trung hạn
7721,122,Tate McRae,greedy,1,106,54,10746408,False,-16,Trung bình,Dài hạn
7722,123,SZA,Saturn,17,105,31,10737554,False,-18,Trung bình,Dài hạn
7723,124,Adele,Easy On Me,1,99,96,10719973,False,-25,Trung bình,Dài hạn
7724,125,Radiohead,Creep,114,117,44,10635721,False,-8,Trung bình,Dài hạn
7725,126,LE SSERAFIM,CRAZY,58,100,4,10619661,False,-26,Trung bình,Ngắn hạn
7726,127,"French Montana, Swae Lee",Unforgettable,3,145,108,10579303,False,18,Trung bình,Dài hạn
7727,128,OneRepublic,Counting Stars,86,147,180,10511403,False,19,Trung bình,Dài hạn
7728,129,Manuel Turizo,La Bachata,4,110,117,10507535,False,-19,Trung bình,Dài hạn
7729,130,Hozier,Take Me To Church,108,135,160,10486479,False,5,Trung bình,Dài hạn
7730,131,"The Kid LAROI, Justin Bieber",STAY (with Justin Bieber),1,126,159,10483724,False,-5,Trung bình,Dài hạn
7731,132,V,Love Me Again,11,119,59,10482407,False,-13,Trung bình,Dài hạn
7732,133,Surf Curse,Disco,109,137,4,10480432,False,4,Trung bình,Ngắn hạn
7733,134,Chappell Roan,Red Wine Supernova,80,123,16,10454007,False,-11,Trung bình,Dài hạn
7734,135,Eminem,Houdini,2,104,17,10442520,False,-31,Trung bình,Dài hạn
7735,136,Plan B,Es un Secreto,109,148,47,10416983,False,12,Trung bình,Dài hạn
7736,137,TV Girl,Lovers Rock,100,163,66,10369293,False,26,Trung bình,Dài hạn
7737,138,Chappell Roan,Casual,123,129,10,10341491,False,-9,Trung bình,Trung hạn
7738,139,"Lost Frequencies, Tom Odell",Black Friday (pretty like the sun),82,120,9,10316919,False,-19,Trung bình,Trung hạn
7739,140,"Rvssian, Rauw Alejandro, Ayra Starr",Santa,14,121,23,10267486,False,-19,Trung bình,Dài hạn
7740,141,Imagine Dragons,Demons,111,111,96,10263164,False,-30,Trung bình,Dài hạn
7741,142,"Drake, Wizkid, Kyla",One Dance,12,133,213,10256484,False,-9,Trung bình,Dài hạn
7742,143,Twenty One Pilots,Stressed Out,63,138,50,10156317,False,-5,Trung bình,Dài hạn
7743,144,Ruth B.,Dandelions,34,165,151,10124570,False,21,Trung bình,Dài hạn
7744,145,"David Guetta, Bebe Rexha",I'm Good (Blue),2,149,109,10083314,False,4,Trung bình,Dài hạn
7745,146,"Pitbull, AFROJACK, Ne-Yo, Nayer",Give Me Everything (feat. Nayer),127,178,20,10067871,False,32,Trung bình,Dài hạn
7746,147,Zach Bryan,Pink Skies,21,132,18,10066087,False,-15,Trung bình,Dài hạn
7747,148,Michael Marcagi,Scared To Start,25,139,34,9982966,False,-9,Trung bình,Dài hạn
7748,149,CYRIL,Stumblin' In,60,141,27,9982540,False,-8,Trung bình,Dài hạn
7749,150,James Arthur,Say You Won't Let Go,7,127,325,9969559,False,-23,Trung bình,Dài hạn
7750,151,Ed Sheeran,Photograph,41,153,158,9939026,False,2,Trung bình,Dài hạn
7751,152,KAROL G,AMARGURA,53,154,71,9938813,False,2,Trung bình,Dài hạn
7752,153,"Yandel, Feid",HABLAME CLARO,153,-1,1,9936313,True,-154,Trung bình,Ngắn hạn
7753,154,Imagine Dragons,Believer,16,130,394,9922660,False,-24,Trung bình,Dài hạn
7754,155,Bernadya,"Untungnya, Hidup Harus Tetap Berjalan",96,134,5,9888525,False,-21,Trung bình,Trung hạn
7755,156,Taylor Swift,I Can Do It With a Broken Heart,5,124,23,9757015,False,-32,Trung bình,Dài hạn
7756,157,Zach Bryan,Something in the Orange,57,158,90,9751665,False,1,Trung bình,Dài hạn
7757,158,The Killers,Mr. Brightside,94,160,143,9744604,False,2,Trung bình,Dài hạn
7758,159,"Daniel Caesar, H.E.R.",Best Part (feat. H.E.R.),110,150,17,9743309,False,-9,Trung bình,Dài hạn
7759,160,Sabrina Carpenter,Feather,34,175,43,9731392,False,15,Trung bình,Dài hạn
7760,161,"Kendrick Lamar, SZA",All The Stars (with SZA),2,162,69,9729748,False,1,Trung bình,Dài hạn
7761,162,Richy Mitch & The Coal Miners,Evergreen,40,78,37,9691766,False,-84,Trung bình,Dài hạn
7762,163,Linkin Park,One Step Closer,104,156,4,9632094,False,-7,Thấp,Ngắn hạn
7763,164,Vance Joy,Riptide,30,166,189,9612331,False,2,Thấp,Dài hạn
7764,165,"Maluma, Carin Leon",Según Quién,17,173,43,9590739,False,8,Thấp,Dài hạn
7765,166,Future,TEFLON DON,166,-1,1,9576757,True,-167,Thấp,Ngắn hạn
7766,167,"Macklemore, Ryan Lewis, Macklemore & Ryan Lewis, Ray Dalton",Can't Hold Us (feat. Ray Dalton),86,187,133,9576706,False,20,Thấp,Dài hạn
7767,168,Tyla,Water,12,171,53,9564387,False,3,Thấp,Dài hạn
7768,169,Billie Eilish,"What Was I Made For? [From The Motion Picture ""Barbie""]",3,155,63,9549225,False,-14,Thấp,Dài hạn
7769,170,The Kid LAROI,BABY I'M BACK,138,151,4,9517680,False,-19,Thấp,Ngắn hạn
7770,171,Lana Del Rey,Summertime Sadness,83,169,111,9481238,False,-2,Thấp,Dài hạn
7771,172,"Peso Pluma, Tito Double P",LOS CUADROS,116,184,6,9469453,False,12,Thấp,Trung hạn
7772,173,Adele,Someone Like You,38,136,19,9448945,False,-37,Thấp,Dài hạn
7773,174,Adele,Skyfall,152,161,8,9383444,False,-13,Thấp,Trung hạn
7774,175,Eminem,Without Me,31,164,157,9334280,False,-11,Thấp,Dài hạn
7775,176,The Outfield,Your Love,134,189,22,9323772,False,13,Thấp,Dài hạn
7776,177,The Neighbourhood,Softcore,35,194,44,9318759,False,17,Thấp,Dài hạn
7777,178,Adele,Set Fire to the Rain,61,157,75,9247344,False,-21,Thấp,Dài hạn
7778,179,Taylor Swift,august,11,170,72,9190697,False,-9,Thấp,Dài hạn
7779,180,Miley Cyrus,Flowers,1,176,89,9139546,False,-4,Thấp,Dài hạn
7780,181,Steve Lacy,Dark Red,66,198,119,9131900,False,17,Thấp,Dài hạn
7781,182,d4vd,Romantic Homicide,17,181,99,9123912,False,-1,Thấp,Dài hạn
7782,183,Gunna,one of wun,56,185,15,9117589,False,2,Thấp,Dài hạn
7783,184,Bruno Mars,That's What I Like,6,152,111,9082672,False,-32,Thấp,Dài hạn
7784,185,"Don Omar, Lucenzo",Danza Kuduro,91,177,52,9066198,False,-8,Thấp,Dài hạn
7785,186,"Rihanna, Calvin Harris",We Found Love,59,-1,81,9046472,True,-187,Thấp,Dài hạn
7786,187,Luke Combs,Ain't No Love In Oklahoma (From Twisters: The Album),137,196,9,9037930,False,9,Thấp,Trung hạn
7787,188,"Natanael Cano, Oscar Maydon",Madonna,18,159,29,9015073,False,-29,Thấp,Dài hạn
7788,189,"Disturbed, CYRIL",The Sound of Silence - CYRIL Remix,106,191,24,9003265,False,2,Thấp,Dài hạn
7789,190,Kings of Leon,Sex on Fire,173,-1,7,8962698,True,-191,Thấp,Trung hạn
7790,191,Creedence Clearwater Revival,Have You Ever Seen The Rain,75,179,58,8932391,False,-12,Thấp,Dài hạn
7791,192,WALK THE MOON,Shut Up and Dance,154,-1,19,8904664,True,-193,Thấp,Dài hạn
7792,193,The Cranberries,Linger,193,199,3,8901520,False,6,Thấp,Ngắn hạn
7793,194,Red Hot Chili Peppers,Can't Stop,161,-1,2,8891905,True,-195,Thấp,Ngắn hạn
7794,195,"The Weeknd, Lana Del Rey",Stargirl Interlude,92,192,95,8856659,False,-3,Thấp,Dài hạn
7795,196,"Bad Bunny, Feid",PERRO NEGRO,4,186,50,8845988,False,-10,Thấp,Dài hạn
7796,197,"Natanael Cano, Oscar Maydon",Giza,186,-1,3,8798401,True,-198,Thấp,Ngắn hạn
7797,198,Sabrina Carpenter,Coincidence,28,167,5,8793692,False,-31,Thấp,Trung hạn
7798,199,TOTO,Hold the Line,157,-1,6,8777317,True,-200,Thấp,Trung hạn
7799,200,Keane,Somewhere Only We Know,80,-1,99,8748488,True,-201,Thấp,Dài hạn
7800,1,"Lady Gaga, Bruno Mars",Die With A Smile,1,1,7,77421467,False,0,Rất cao,Trung hạn
7801,2,Billie Eilish,BIRDS OF A FEATHER,1,2,20,54110741,False,0,Rất cao,Dài hạn
7802,3,"The Weeknd, Playboi Carti",Timeless (feat Playboi Carti),3,-1,1,44559328,True,-4,Rất cao,Ngắn hạn
7803,4,Jimin,Who,1,3,11,43963094,False,-1,Rất cao,Trung hạn
7804,5,Sabrina Carpenter,Taste,3,4,6,43268536,False,-1,Rất cao,Trung hạn
7805,6,Sabrina Carpenter,Espresso,1,5,25,39043222,False,-1,Rất cao,Dài hạn
7806,7,Chappell Roan,"Good Luck, Babe!",6,6,25,36087929,False,-1,Rất cao,Dài hạn
7807,8,KAROL G,Si Antes Te Hubiera Conocido,5,8,15,31694710,False,0,Rất cao,Dài hạn
7808,9,Sabrina Carpenter,Please Please Please,1,7,17,31402675,False,-2,Rất cao,Dài hạn
7809,10,Linkin Park,The Emptiness Machine,6,9,4,28794244,False,-1,Rất cao,Ngắn hạn
7810,11,Benson Boone,Beautiful Things,1,10,37,27202673,False,-1,Rất cao,Dài hạn
7811,12,Sabrina Carpenter,Bed Chem,9,11,6,25486368,False,-1,Rất cao,Trung hạn
7812,13,Shaboozey,A Bar Song (Tipsy),6,13,25,22228771,False,0,Rất cao,Dài hạn
7813,14,Teddy Swims,Lose Control,5,12,47,22093952,False,-2,Rất cao,Dài hạn
7814,15,Linkin Park,Heavy Is the Crown,15,120,2,22090509,False,105,Rất cao,Ngắn hạn
7815,16,Hozier,Too Sweet,2,14,28,21804907,False,-2,Rất cao,Dài hạn
7816,17,The Neighbourhood,Sweater Weather,17,17,214,21244123,False,0,Rất cao,Dài hạn
7817,18,Billie Eilish,WILDFLOWER,15,23,20,20526523,False,5,Rất cao,Dài hạn
7818,19,"The Weeknd, JENNIE, Lily-Rose Depp","One Of The Girls (with JENNIE, Lily Rose Depp)",3,16,52,19899355,False,-3,Rất cao,Dài hạn
7819,20,Gigi Perez,Sailor Song,20,21,7,19809740,False,1,Rất cao,Trung hạn
7820,21,Arctic Monkeys,I Wanna Be Yours,15,20,117,19707413,False,-1,Rất cao,Dài hạn
7821,22,"Charli xcx, Billie Eilish",Guess featuring billie eilish,5,18,9,18723855,False,-4,Rất cao,Trung hạn
7822,23,"Post Malone, Morgan Wallen",I Had Some Help (Feat. Morgan Wallen),3,25,21,18598093,False,2,Rất cao,Dài hạn
7823,24,Lord Huron,The Night We Met,15,15,102,18482352,False,-9,Rất cao,Dài hạn
7824,25,"Travis Scott, Playboi Carti",FE!N (feat. Playboi Carti),5,29,55,18456074,False,4,Rất cao,Dài hạn
7825,26,"FloyyMenor, Cris Mj",Gata Only,3,24,34,18104707,False,-2,Rất cao,Dài hạn
7826,27,Ariana Grande,we can't be friends (wait for your love),1,26,30,17947836,False,-1,Rất cao,Dài hạn
7827,28,Chappell Roan,HOT TO GO!,22,22,16,17458056,False,-6,Rất cao,Dài hạn
7828,29,Coldplay,Yellow,19,19,198,17044126,False,-10,Rất cao,Dài hạn
7829,30,Kendrick Lamar,Not Like Us,2,28,22,17000449,False,-2,Rất cao,Dài hạn
7830,31,Tommy Richman,MILLION DOLLAR BABY,1,27,23,16952884,False,-4,Rất cao,Dài hạn
7831,32,Tito Double P,EL LOKERON,32,50,5,16850946,False,18,Rất cao,Trung hạn
7832,33,Djo,End of Beginning,3,32,33,16758028,False,-1,Rất cao,Dài hạn
7833,34,"Cris Mj, FloyyMenor, LOUKI",Después De La 1,34,36,3,16639243,False,2,Rất cao,Ngắn hạn
7834,35,Linkin Park,Numb,24,30,31,16479600,False,-5,Rất cao,Dài hạn
7835,36,Taylor Swift,Cruel Summer,2,34,87,16425207,False,-2,Rất cao,Dài hạn
7836,37,FloyyMenor,PELIGROSA,37,40,8,16384202,False,3,Rất cao,Trung hạn
7837,38,Artemas,i like the way you kiss me,1,35,28,16215744,False,-3,Rất cao,Dài hạn
7838,39,Gracie Abrams,"I Love You, I'm Sorry",32,37,9,16206700,False,-2,Rất cao,Trung hạn
7839,40,"Tyler, The Creator, Kali Uchis",See You Again (feat. Kali Uchis),16,52,84,16154930,False,12,Rất cao,Dài hạn
7840,41,"Omar Courtz, De La Rose",Q U E V A S H A C E R H O Y ?,41,-1,1,16123288,True,-42,Rất cao,Ngắn hạn
7841,42,"Peso Pluma, Neton Vega",LA PATRULLA,41,41,15,15881727,False,-1,Rất cao,Dài hạn
7842,43,"Jung Kook, Latto",Seven (feat. Latto) (Explicit Ver.),1,33,64,15809274,False,-10,Rất cao,Dài hạn
7843,44,"Feid, ATL Jacob",LUNA,9,47,43,15673521,False,3,Rất cao,Dài hạn
7844,45,*NSYNC,Bye Bye Bye - From Deadpool and Wolverine Soundtrack,10,38,10,15612765,False,-7,Rất cao,Trung hạn
7845,46,"Hanumankind, Kalmi",Big Dawgs,7,31,10,15593983,False,-15,Rất cao,Trung hạn
7846,47,The Kid LAROI,NIGHTS LIKE THIS,42,53,15,15548205,False,6,Rất cao,Dài hạn
7847,48,Ndotz,Embrace It,48,55,3,15511728,False,7,Rất cao,Ngắn hạn
7848,49,"Tito Double P, Peso Pluma",DOS DÍAS,49,63,5,15390104,False,14,Rất cao,Trung hạn
7849,50,Myles Smith,Stargazing,16,42,21,15152674,False,-8,Rất cao,Dài hạn
7850,51,The Goo Goo Dolls,Iris,40,46,57,15119821,False,-5,Rất cao,Dài hạn
7851,52,Kapo,UWAIE,19,39,7,14887787,False,-13,Cao,Trung hạn
7852,53,Addison Rae,Diet Pepsi,53,80,5,14617655,False,27,Cao,Trung hạn
7853,54,Dasha,Austin (Boots Stop Workin'),20,44,30,14502268,False,-10,Cao,Dài hạn
7854,55,SZA,Kill Bill,1,60,95,14447079,False,5,Cao,Dài hạn
7855,56,Benson Boone,Slow It Down,27,54,28,14324746,False,-2,Cao,Dài hạn
7856,57,Mitski,My Love Mine All Mine,3,56,54,14122633,False,-1,Cao,Dài hạn
7857,58,Sabrina Carpenter,Good Graces,11,70,6,13981091,False,12,Cao,Trung hạn
7858,59,"The Weeknd, Daft Punk",Starboy,1,61,209,13948457,False,2,Cao,Dài hạn
7859,60,"Sevdaliza, Pabllo Vittar, Yseult",Alibi (with Pabllo Vittar & Yseult),12,45,14,13916165,False,-15,Cao,Dài hạn
7860,61,Bruno Mars,When I Was Your Man,38,58,101,13851235,False,-3,Cao,Dài hạn
7861,62,"LISA, ROSALÍA",New Woman (feat. ROSALÍA),9,49,7,13737262,False,-13,Cao,Trung hạn
7862,63,"Adam Port, Stryv, Keinemusik, Orso, Malachiii",Move,19,51,16,13732568,False,-12,Cao,Dài hạn
7863,64,Sabrina Carpenter,Juno,23,119,6,13517668,False,55,Cao,Trung hạn
7864,65,"Tito Double P, Chino Pacas",ESCAPATE,65,73,4,13458541,False,8,Cao,Ngắn hạn
7865,66,Billie Eilish,CHIHIRO,5,72,20,13432520,False,6,Cao,Dài hạn
7866,67,Tom Odell,Another Love,15,65,182,13396083,False,-2,Cao,Dài hạn
7867,68,"The Chainsmokers, Coldplay",Something Just Like This,2,62,227,13314685,False,-6,Cao,Dài hạn
7868,69,The Weeknd,Blinding Lights,1,71,253,13205811,False,2,Cao,Dài hạn
7869,70,The Weeknd,Dancing In The Flames,13,48,3,13170469,False,-22,Cao,Ngắn hạn
7870,71,Coldplay,Viva La Vida,31,92,110,13131549,False,21,Cao,Dài hạn
7871,72,Fuerza Regida,NEL,55,59,8,13125593,False,-13,Cao,Trung hạn
7872,73,Noah Kahan,Stick Season,6,68,52,12948689,False,-5,Cao,Dài hạn
7873,74,Cigarettes After Sex,Apocalypse,74,74,116,12929371,False,0,Cao,Dài hạn
7874,75,The Walters,I Love You So,21,76,125,12876497,False,1,Cao,Dài hạn
7875,76,Tate McRae,It's ok I'm ok,30,43,3,12783836,False,-33,Cao,Ngắn hạn
7876,77,"Luis R Conriquez, Neton Vega",Si No Quieres No,28,66,25,12641759,False,-11,Cao,Dài hạn
7877,78,Linkin Park,In the End,22,89,60,12623619,False,11,Cao,Dài hạn
7878,79,Billie Eilish,LUNCH,1,84,20,12340637,False,5,Cao,Dài hạn
7879,80,Odetari,KEEP UP,75,75,3,12328637,False,-5,Cao,Ngắn hạn
7880,81,Julión Álvarez y su Norteño Banda,Rey Sin Reina,57,57,3,12245790,False,-24,Cao,Ngắn hạn
7881,82,The Weeknd,Die For You,12,79,138,12166039,False,-3,Cao,Dài hạn
7882,83,Chappell Roan,Pink Pony Club,64,64,14,12149121,False,-19,Cao,Dài hạn
7883,84,Frank Ocean,Pink + White,69,97,72,12129071,False,13,Cao,Dài hạn
7884,85,"Blessd, Ovy On The Drums",Mírame,38,83,14,12051534,False,-2,Cao,Dài hạn
7885,86,Anuv Jain,Jo Tum Mere Ho,82,82,3,11892294,False,-4,Cao,Ngắn hạn
7886,87,Bruno Mars,Just the Way You Are,39,85,91,11877736,False,-2,Cao,Dài hạn
7887,88,Bernadya,Satu Bulan,48,67,8,11866887,False,-21,Cao,Trung hạn
7888,89,Lewis Capaldi,Someone You Loved,4,98,299,11866530,False,9,Cao,Dài hạn
7889,90,Arctic Monkeys,505,43,81,143,11850782,False,-9,Cao,Dài hạn
7890,91,girl in red,we fell in love in october,73,-1,18,11723741,True,-92,Cao,Dài hạn
7891,92,One Direction,Night Changes,79,86,101,11642266,False,-6,Cao,Dài hạn
7892,93,Sabrina Carpenter,Nonsense,17,103,89,11612001,False,10,Cao,Dài hạn
7893,94,Bruno Mars,Locked out of Heaven,32,94,121,11601898,False,0,Cao,Dài hạn
7894,95,The Police,Every Breath You Take,77,99,147,11595152,False,4,Cao,Dài hạn
7895,96,"Billie Eilish, Khalid",lovely (with Khalid),24,115,337,11583597,False,19,Cao,Dài hạn
7896,97,Mark Ambor,Belong Together,19,87,27,11505691,False,-10,Cao,Dài hạn
7897,98,Journey,Don't Stop Believin' (2022 Remaster),89,107,31,11394045,False,9,Cao,Dài hạn
7898,99,Harry Styles,As It Was,1,110,131,11346190,False,11,Cao,Dài hạn
7899,100,Alphaville,Forever Young,54,96,11,11337355,False,-4,Cao,Trung hạn
7900,101,Jordan Adetunji,KEHLANI,36,95,15,11279648,False,-6,Cao,Dài hạn
7901,102,"Taylor Swift, Post Malone",Fortnight (feat. Post Malone),1,90,24,11253970,False,-12,Trung bình,Dài hạn
7902,103,"David Guetta, OneRepublic",I Don't Wanna Wait,34,78,25,11219121,False,-25,Trung bình,Dài hạn
7903,104,Linkin Park,Faint,76,105,5,11184051,False,1,Trung bình,Trung hạn
7904,105,KATSEYE,Touch,100,100,5,11143656,False,-5,Trung bình,Trung hạn
7905,106,Jung Kook,Standing Next to You,1,93,47,11136613,False,-13,Trung bình,Dài hạn
7906,107,Hotel Ugly,Shut up My Moms Calling,78,109,91,11126367,False,2,Trung bình,Dài hạn
7907,108,Shakira,Soltera,108,-1,1,11088186,True,-109,Trung bình,Ngắn hạn
7908,109,Cris Mj,SI NO ES CONTIGO,33,111,19,11081453,False,2,Trung bình,Dài hạn
7909,110,Hozier,Take Me To Church,108,130,161,10715134,False,20,Trung bình,Dài hạn
7910,111,"Rvssian, Rauw Alejandro, Ayra Starr",Santa,14,140,24,10702832,False,29,Trung bình,Dài hạn
7911,112,Vance Joy,Riptide,30,164,190,10662325,False,52,Trung bình,Dài hạn
7912,113,"The Kid LAROI, Justin Bieber",STAY (with Justin Bieber),1,131,160,10662055,False,18,Trung bình,Dài hạn
7913,114,"Post Malone, Swae Lee",Sunflower - Spider-Man: Into the Spider-Verse,1,117,304,10661817,False,3,Trung bình,Dài hạn
7914,115,Radiohead,Creep,114,125,45,10653481,False,10,Trung bình,Dài hạn
7915,116,Miguel,Sure Thing,14,118,81,10650810,False,2,Trung bình,Dài hạn
7916,117,"Zach Bryan, Kacey Musgraves",I Remember Everything (feat. Kacey Musgraves),20,101,58,10611680,False,-16,Trung bình,Dài hạn
7917,118,Travis Scott,HIGHEST IN THE ROOM,1,112,99,10560988,False,-6,Trung bình,Dài hạn
7918,119,Natasha Bedingfield,Unwritten,16,114,38,10495604,False,-5,Trung bình,Dài hạn
7919,120,Eminem,Without Me,31,175,158,10486587,False,55,Trung bình,Dài hạn
7920,121,Teddy Swims,The Door,121,121,6,10469593,False,0,Trung bình,Trung hạn
7921,122,"Earth, Wind & Fire",September,77,77,28,10465481,False,-45,Trung bình,Dài hạn
7922,123,Tate McRae,greedy,1,122,55,10440318,False,-1,Trung bình,Dài hạn
7923,124,"KAROL G, Peso Pluma",QLONA,5,108,60,10435018,False,-16,Trung bình,Dài hạn
7924,125,Charli xcx,Apple,28,88,11,10413677,False,-37,Trung bình,Trung hạn
7925,126,Surf Curse,Disco,109,133,5,10390617,False,7,Trung bình,Trung hạn
7926,127,Playboi Carti,ALL RED,12,69,3,10364372,False,-58,Trung bình,Ngắn hạn
7927,128,Miley Cyrus,Flowers,1,180,90,10359923,False,52,Trung bình,Dài hạn
7928,129,Adele,Easy On Me,1,124,97,10357286,False,-5,Trung bình,Dài hạn
7929,130,V,Love Me Again,11,132,60,10350956,False,2,Trung bình,Dài hạn
7930,131,"French Montana, Swae Lee",Unforgettable,3,127,109,10341381,False,-4,Trung bình,Dài hạn
7931,132,Zach Bryan,Pink Skies,21,147,19,10303559,False,15,Trung bình,Dài hạn
7932,133,Eminem,Houdini,2,135,18,10282523,False,2,Trung bình,Dài hạn
7933,134,OneRepublic,Counting Stars,86,128,181,10275811,False,-6,Trung bình,Dài hạn
7934,135,"Drake, Wizkid, Kyla",One Dance,12,142,214,10221864,False,7,Trung bình,Dài hạn
7935,136,Imagine Dragons,Demons,111,141,97,10213731,False,5,Trung bình,Dài hạn
7936,137,SZA,Saturn,17,123,32,10186499,False,-14,Trung bình,Dài hạn
7937,138,Manuel Turizo,La Bachata,4,129,118,10173655,False,-9,Trung bình,Dài hạn
7938,139,Kapo,Ohnana,39,113,11,10144684,False,-26,Trung bình,Trung hạn
7939,140,"Kendrick Lamar, SZA",All The Stars (with SZA),2,161,70,10144066,False,21,Trung bình,Dài hạn
7940,141,Bruno Mars,Talking to the Moon,45,91,61,10128609,False,-50,Trung bình,Dài hạn
7941,142,Travis Scott,goosebumps,13,-1,260,10072911,True,-143,Trung bình,Dài hạn
7942,143,Sabrina Carpenter,Feather,34,160,44,10041971,False,17,Trung bình,Dài hạn
7943,144,Plan B,Es un Secreto,109,136,48,10026935,False,-8,Trung bình,Dài hạn
7944,145,Ed Sheeran,Photograph,41,151,159,9922114,False,6,Trung bình,Dài hạn
7945,146,TV Girl,Lovers Rock,100,137,67,9921277,False,-9,Trung bình,Dài hạn
7946,147,"Maisak, Feid",SE ME OLVIDA,35,106,6,9869980,False,-41,Trung bình,Trung hạn
7947,148,"Lost Frequencies, Tom Odell",Black Friday (pretty like the sun),82,139,10,9785711,False,-9,Trung bình,Trung hạn
7948,149,Ed Sheeran,Perfect,4,-1,366,9757474,True,-150,Trung bình,Dài hạn
7949,150,"Peso Pluma, Tito Double P",LOS CUADROS,116,172,7,9726977,False,22,Trung bình,Trung hạn
7950,151,"Daniel Caesar, H.E.R.",Best Part (feat. H.E.R.),110,159,18,9714378,False,8,Trung bình,Dài hạn
7951,152,Imagine Dragons,Believer,16,154,395,9710892,False,2,Trung bình,Dài hạn
7952,153,Lana Del Rey,Summertime Sadness,83,171,112,9693166,False,18,Trung bình,Dài hạn
7953,154,Billie Eilish,"What Was I Made For? [From The Motion Picture ""Barbie""]",3,169,64,9684845,False,15,Trung bình,Dài hạn
7954,155,Gunna,one of wun,56,183,16,9684577,False,28,Trung bình,Dài hạn
7955,156,The Killers,Mr. Brightside,94,158,144,9676193,False,2,Trung bình,Dài hạn
7956,157,Ruth B.,Dandelions,34,144,152,9659157,False,-13,Thấp,Dài hạn
7957,158,"Maluma, Carin Leon",Según Quién,17,165,44,9650404,False,7,Thấp,Dài hạn
7958,159,"Yandel, Feid",HABLAME CLARO,153,153,2,9641574,False,-6,Thấp,Ngắn hạn
7959,160,Don Toliver,NEW DROP,160,-1,1,9629502,True,-161,Thấp,Ngắn hạn
7960,161,Chappell Roan,Red Wine Supernova,80,134,17,9559900,False,-27,Thấp,Dài hạn
7961,162,Richy Mitch & The Coal Miners,Evergreen,40,162,38,9554595,False,0,Thấp,Dài hạn
7962,163,"Pitbull, AFROJACK, Ne-Yo, Nayer",Give Me Everything (feat. Nayer),127,146,21,9541963,False,-17,Thấp,Dài hạn
7963,164,James Arthur,Say You Won't Let Go,7,150,326,9536681,False,-14,Thấp,Dài hạn
7964,165,Chappell Roan,Casual,123,138,11,9528575,False,-27,Thấp,Trung hạn
7965,166,Steve Lacy,Dark Red,66,181,120,9488484,False,15,Thấp,Dài hạn
7966,167,The Outfield,Your Love,134,176,23,9482648,False,9,Thấp,Dài hạn
7967,168,Coldplay,Sparks,153,-1,17,9479526,True,-169,Thấp,Dài hạn
7968,169,Taylor Swift,I Can Do It With a Broken Heart,5,156,24,9473084,False,-13,Thấp,Dài hạn
7969,170,Bruno Mars,It Will Rain,170,-1,1,9457262,True,-171,Thấp,Ngắn hạn
7970,171,Eminem,Mockingbird,24,-1,91,9412100,True,-172,Thấp,Dài hạn
7971,172,Michael Marcagi,Scared To Start,25,148,35,9376543,False,-24,Thấp,Dài hạn
7972,173,Zach Bryan,Something in the Orange,57,157,91,9366815,False,-16,Thấp,Dài hạn
7973,174,KAROL G,AMARGURA,53,152,72,9366408,False,-22,Thấp,Dài hạn
7974,175,a-ha,Take on Me,56,116,51,9334911,False,-59,Thấp,Dài hạn
7975,176,"David Guetta, Bebe Rexha",I'm Good (Blue),2,145,110,9327282,False,-31,Thấp,Dài hạn
7976,177,"Don Omar, Lucenzo",Danza Kuduro,91,185,53,9320630,False,8,Thấp,Dài hạn
7977,178,Coldplay,A Sky Full of Stars,83,-1,19,9291580,True,-179,Thấp,Dài hạn
7978,179,"Macklemore, Ryan Lewis, Macklemore & Ryan Lewis, Ray Dalton",Can't Hold Us (feat. Ray Dalton),86,167,134,9271156,False,-12,Thấp,Dài hạn
7979,180,"Megan Thee Stallion, RM",Neva Play (feat. RM of BTS),15,102,4,9258120,False,-78,Thấp,Ngắn hạn
7980,181,Bernadya,"Untungnya, Hidup Harus Tetap Berjalan",96,155,6,9208337,False,-26,Thấp,Trung hạn
7981,182,Adele,Someone Like You,38,173,20,9206089,False,-9,Thấp,Dài hạn
7982,183,Adele,Set Fire to the Rain,61,178,76,9187248,False,-5,Thấp,Dài hạn
7983,184,XXXTENTACION,Revenge,63,-1,66,9174399,True,-185,Thấp,Dài hạn
7984,185,Adele,Skyfall,152,174,9,9143156,False,-11,Thấp,Trung hạn
7985,186,Surf Curse,Freaks,55,-1,60,9080298,True,-187,Thấp,Dài hạn
7986,187,Billie Eilish,ocean eyes,101,-1,73,9036522,True,-188,Thấp,Dài hạn
7987,188,Justin Bieber,Ghost,11,-1,133,9023957,True,-189,Thấp,Dài hạn
7988,189,Kanye West,Heartless,76,-1,42,9017698,True,-190,Thấp,Dài hạn
7989,190,Sabrina Carpenter,Coincidence,28,198,6,9011020,False,8,Thấp,Trung hạn
7990,191,d4vd,Romantic Homicide,17,182,100,9009357,False,-9,Thấp,Dài hạn
7991,192,The Neighbourhood,Softcore,35,177,45,8986138,False,-15,Thấp,Dài hạn
7992,193,Ed Sheeran,Shape of You,1,-1,334,8971037,True,-194,Thấp,Dài hạn
7993,194,The Kid LAROI,BABY I'M BACK,138,170,5,8966802,False,-24,Thấp,Trung hạn
7994,195,LE SSERAFIM,CRAZY,58,126,5,8958771,False,-69,Thấp,Trung hạn
7995,196,"Rihanna, Calvin Harris",We Found Love,59,186,82,8947215,False,-10,Thấp,Dài hạn
7996,197,"Valentino Merlo, The La Planta",Hoy,197,-1,1,8935265,True,-198,Thấp,Ngắn hạn
7997,198,Bruno Mars,That's What I Like,6,184,112,8930423,False,-14,Thấp,Dài hạn
7998,199,"The Weeknd, Lana Del Rey",Stargirl Interlude,92,195,96,8921269,False,-4,Thấp,Dài hạn
7999,200,Linkin Park,One Step Closer,104,163,5,8902901,False,-37,Thấp,Trung hạn
8000,1,"Lady Gaga, Bruno Mars",Die With A Smile,1,1,8,74382312,False,0,Rất cao,Trung hạn
8001,2,Billie Eilish,BIRDS OF A FEATHER,1,2,21,52951217,False,0,Rất cao,Dài hạn
8002,3,Jimin,Who,1,4,12,42511110,False,1,Rất cao,Trung hạn
8003,4,Sabrina Carpenter,Taste,3,5,7,41180149,False,1,Rất cao,Trung hạn
8004,5,Sabrina Carpenter,Espresso,1,6,26,36393790,False,1,Rất cao,Dài hạn
8005,6,Chappell Roan,"Good Luck, Babe!",6,7,26,33431932,False,1,Rất cao,Dài hạn
8006,7,"The Weeknd, Playboi Carti",Timeless (feat Playboi Carti),3,3,2,32498139,False,-4,Rất cao,Ngắn hạn
8007,8,KAROL G,Si Antes Te Hubiera Conocido,5,8,16,32217110,False,0,Rất cao,Dài hạn
8008,9,Sabrina Carpenter,Please Please Please,1,9,18,28370790,False,0,Rất cao,Dài hạn
8009,10,Benson Boone,Beautiful Things,1,11,38,26082622,False,1,Rất cao,Dài hạn
8010,11,Gigi Perez,Sailor Song,11,20,8,23983123,False,9,Rất cao,Trung hạn
8011,12,Sabrina Carpenter,Bed Chem,9,12,7,23278888,False,0,Rất cao,Trung hạn
8012,13,Billie Eilish,WILDFLOWER,13,18,21,22981918,False,5,Rất cao,Dài hạn
8013,14,"Omar Courtz, De La Rose",Q U E V A S H A C E R H O Y ?,14,41,2,22841218,False,27,Rất cao,Ngắn hạn
8014,15,Shaboozey,A Bar Song (Tipsy),6,13,26,22473398,False,-2,Rất cao,Dài hạn
8015,16,The Neighbourhood,Sweater Weather,16,17,215,21624450,False,1,Rất cao,Dài hạn
8016,17,Linkin Park,The Emptiness Machine,6,10,5,21421190,False,-7,Rất cao,Trung hạn
8017,18,Hozier,Too Sweet,2,16,29,20499171,False,-2,Rất cao,Dài hạn
8018,19,Gracie Abrams,"I Love You, I'm Sorry",19,39,10,19999096,False,20,Rất cao,Trung hạn
8019,20,"The Weeknd, JENNIE, Lily-Rose Depp","One Of The Girls (with JENNIE, Lily Rose Depp)",3,19,53,19682947,False,-1,Rất cao,Dài hạn
8020,21,Arctic Monkeys,I Wanna Be Yours,15,21,118,19625243,False,0,Rất cao,Dài hạn
8021,22,LISA,Moonlit Floor (Kiss Me),22,-1,1,19409254,True,-23,Rất cao,Ngắn hạn
8022,23,Teddy Swims,Lose Control,5,14,48,19247979,False,-9,Rất cao,Dài hạn
8023,24,"Travis Scott, Playboi Carti",FE!N (feat. Playboi Carti),5,25,56,19035745,False,1,Rất cao,Dài hạn
8024,25,Tito Double P,EL LOKERON,25,32,6,18387166,False,7,Rất cao,Trung hạn
8025,26,FloyyMenor,PELIGROSA,26,37,9,18358094,False,11,Rất cao,Trung hạn
8026,27,"Post Malone, Morgan Wallen",I Had Some Help (Feat. Morgan Wallen),3,23,22,17867232,False,-4,Rất cao,Dài hạn
8027,28,Ndotz,Embrace It,28,48,4,17811231,False,20,Rất cao,Ngắn hạn
8028,29,"FloyyMenor, Cris Mj",Gata Only,3,26,35,17333734,False,-3,Rất cao,Dài hạn
8029,30,"Charli xcx, Billie Eilish",Guess featuring billie eilish,5,22,10,17074753,False,-8,Rất cao,Trung hạn
8030,31,Djo,End of Beginning,3,33,34,17054051,False,2,Rất cao,Dài hạn
8031,32,Ariana Grande,we can't be friends (wait for your love),1,27,31,17026963,False,-5,Rất cao,Dài hạn
8032,33,Addison Rae,Diet Pepsi,33,53,6,16968051,False,20,Rất cao,Trung hạn
8033,34,Chappell Roan,HOT TO GO!,22,28,17,16911927,False,-6,Rất cao,Dài hạn
8034,35,"Tyler, The Creator, Kali Uchis",See You Again (feat. Kali Uchis),16,40,85,16747886,False,5,Rất cao,Dài hạn
8035,36,"Peso Pluma, Neton Vega",LA PATRULLA,36,42,16,16627257,False,6,Rất cao,Dài hạn
8036,37,Lord Huron,The Night We Met,15,24,103,16535222,False,-13,Rất cao,Dài hạn
8037,38,"Tito Double P, Peso Pluma",DOS DÍAS,38,49,6,16478439,False,11,Rất cao,Trung hạn
8038,39,"Jung Kook, Latto",Seven (feat. Latto) (Explicit Ver.),1,43,65,16269461,False,4,Rất cao,Dài hạn
8039,40,"Feid, ATL Jacob",LUNA,9,44,44,16172568,False,4,Rất cao,Dài hạn
8040,41,"Cris Mj, FloyyMenor, LOUKI",Después De La 1,34,34,4,16136176,False,-7,Rất cao,Ngắn hạn
8041,42,Artemas,i like the way you kiss me,1,38,29,16070424,False,-4,Rất cao,Dài hạn
8042,43,Kendrick Lamar,Not Like Us,2,30,23,15888256,False,-13,Rất cao,Dài hạn
8043,44,Tommy Richman,MILLION DOLLAR BABY,1,31,24,15884816,False,-13,Rất cao,Dài hạn
8044,45,Taylor Swift,Cruel Summer,2,36,88,15875787,False,-9,Rất cao,Dài hạn
8045,46,Myles Smith,Stargazing,16,50,22,15835071,False,4,Rất cao,Dài hạn
8046,47,The Kid LAROI,NIGHTS LIKE THIS,42,47,16,15326379,False,0,Rất cao,Dài hạn
8047,48,Linkin Park,Heavy Is the Crown,15,15,3,15130601,False,-33,Rất cao,Ngắn hạn
8048,49,"Tito Double P, Chino Pacas",ESCAPATE,49,65,5,14944030,False,16,Cao,Trung hạn
8049,50,The Goo Goo Dolls,Iris,40,51,58,14778960,False,1,Cao,Dài hạn
8050,51,girl in red,we fell in love in october,51,91,19,14553382,False,40,Cao,Dài hạn
8051,52,Linkin Park,Numb,24,35,32,14510227,False,-17,Cao,Dài hạn
8052,53,Benson Boone,Slow It Down,27,56,29,14403958,False,3,Cao,Dài hạn
8053,54,"Sevdaliza, Pabllo Vittar, Yseult",Alibi (with Pabllo Vittar & Yseult),12,60,15,14322352,False,6,Cao,Dài hạn
8054,55,*NSYNC,Bye Bye Bye - From Deadpool and Wolverine Soundtrack,10,45,11,14242205,False,-10,Cao,Trung hạn
8055,56,SZA,Kill Bill,1,55,96,14236574,False,-1,Cao,Dài hạn
8056,57,Mitski,My Love Mine All Mine,3,57,55,14220290,False,0,Cao,Dài hạn
8057,58,Coldplay,Viva La Vida,31,71,111,14212205,False,13,Cao,Dài hạn
8058,59,Shakira,Soltera,59,108,2,14083855,False,49,Cao,Ngắn hạn
8059,60,The Walters,I Love You So,21,75,126,14022876,False,15,Cao,Dài hạn
8060,61,Kapo,UWAIE,19,52,8,14016615,False,-9,Cao,Trung hạn
8061,62,Linkin Park,In the End,22,78,61,13935671,False,16,Cao,Dài hạn
8062,63,"Hanumankind, Kalmi",Big Dawgs,7,46,11,13712263,False,-17,Cao,Trung hạn
8063,64,Sabrina Carpenter,Juno,23,64,7,13705346,False,0,Cao,Trung hạn
8064,65,Tom Odell,Another Love,15,67,183,13588126,False,2,Cao,Dài hạn
8065,66,"Luis R Conriquez, Neton Vega",Si No Quieres No,28,77,26,13441050,False,11,Cao,Dài hạn
8066,67,Frank Ocean,Pink + White,67,84,73,13339571,False,17,Cao,Dài hạn
8067,68,Fuerza Regida,NEL,55,72,9,13321118,False,4,Cao,Trung hạn
8068,69,Vance Joy,Riptide,30,112,191,13304067,False,43,Cao,Dài hạn
8069,70,Cigarettes After Sex,Apocalypse,70,74,117,13238710,False,4,Cao,Dài hạn
8070,71,Bruno Mars,When I Was Your Man,38,61,102,13217600,False,-10,Cao,Dài hạn
8071,72,Noah Kahan,Stick Season,6,73,53,13172337,False,1,Cao,Dài hạn
8072,73,"Adam Port, Stryv, Keinemusik, Orso, Malachiii",Move,19,63,17,13124914,False,-10,Cao,Dài hạn
8073,74,Travis Scott,goosebumps,13,142,261,13121770,False,68,Cao,Dài hạn
8074,75,"Rvssian, Rauw Alejandro, Ayra Starr",Santa,14,111,25,13071668,False,36,Cao,Dài hạn
8075,76,Billie Eilish,CHIHIRO,5,66,21,13043372,False,-10,Cao,Dài hạn
8076,77,Sabrina Carpenter,Good Graces,11,58,7,13007458,False,-19,Cao,Trung hạn
8077,78,"The Weeknd, Daft Punk",Starboy,1,59,210,12820200,False,-19,Cao,Dài hạn
8078,79,The Weeknd,Blinding Lights,1,69,254,12685167,False,-10,Cao,Dài hạn
8079,80,"The Chainsmokers, Coldplay",Something Just Like This,2,68,228,12684055,False,-12,Cao,Dài hạn
8080,81,Coldplay,Yellow,19,29,199,12586893,False,-52,Cao,Dài hạn
8081,82,Miley Cyrus,Flowers,1,128,91,12336561,False,46,Cao,Dài hạn
8082,83,Bruno Mars,It Will Rain,83,170,2,12324979,False,87,Cao,Ngắn hạn
8083,84,Bruno Mars,Just the Way You Are,39,87,92,12297160,False,3,Cao,Dài hạn
8084,85,Lewis Capaldi,Someone You Loved,4,89,300,12261726,False,4,Cao,Dài hạn
8085,86,Eminem,Mockingbird,24,171,92,12261690,False,85,Cao,Dài hạn
8086,87,The Police,Every Breath You Take,77,95,148,12195389,False,8,Cao,Dài hạn
8087,88,"Blessd, Ovy On The Drums",Mírame,38,85,15,12187497,False,-3,Cao,Dài hạn
8088,89,Billie Eilish,LUNCH,1,79,21,12028374,False,-10,Cao,Dài hạn
8089,90,Dasha,Austin (Boots Stop Workin'),20,54,31,12022672,False,-36,Cao,Dài hạn
8090,91,Bruno Mars,Locked out of Heaven,32,94,122,11920927,False,3,Cao,Dài hạn
8091,92,Anuv Jain,Jo Tum Mere Ho,82,86,4,11886162,False,-6,Cao,Ngắn hạn
8092,93,Journey,Don't Stop Believin' (2022 Remaster),89,98,32,11765543,False,5,Cao,Dài hạn
8093,94,Eminem,Without Me,31,120,159,11700434,False,26,Cao,Dài hạn
8094,95,Hotel Ugly,Shut up My Moms Calling,78,107,92,11623433,False,12,Cao,Dài hạn
8095,96,Mark Ambor,Belong Together,19,97,28,11590594,False,1,Cao,Dài hạn
8096,97,Ed Sheeran,Shape of You,1,193,335,11509053,False,96,Cao,Dài hạn
8097,98,Odetari,KEEP UP,75,80,4,11505833,False,-18,Cao,Ngắn hạn
8098,99,Harry Styles,As It Was,1,99,132,11444797,False,0,Cao,Dài hạn
8099,100,Sabrina Carpenter,Nonsense,17,93,90,11443494,False,-7,Cao,Dài hạn
8100,101,The Weeknd,Die For You,12,82,139,11297670,False,-19,Cao,Dài hạn
8101,102,Tate McRae,It's ok I'm ok,30,76,4,11186401,False,-26,Trung bình,Ngắn hạn
8102,103,Chappell Roan,Pink Pony Club,64,83,15,11174565,False,-20,Trung bình,Dài hạn
8103,104,Cris Mj,SI NO ES CONTIGO,33,109,20,11120599,False,5,Trung bình,Dài hạn
8104,105,Tate McRae,greedy,1,123,56,11075788,False,18,Trung bình,Dài hạn
8105,106,KATSEYE,Touch,100,105,6,11053375,False,-1,Trung bình,Trung hạn
8106,107,SZA,Snooze,27,-1,85,11034616,True,-108,Trung bình,Dài hạn
8107,108,Ed Sheeran,Perfect,4,149,367,10999447,False,41,Trung bình,Dài hạn
8108,109,Hozier,Take Me To Church,108,110,162,10933292,False,1,Trung bình,Dài hạn
8109,110,Radiohead,Creep,110,115,46,10926724,False,5,Trung bình,Dài hạn
8110,111,Jordan Adetunji,KEHLANI,36,101,16,10894484,False,-10,Trung bình,Dài hạn
8111,112,Arctic Monkeys,505,43,90,144,10890303,False,-22,Trung bình,Dài hạn
8112,113,Julión Álvarez y su Norteño Banda,Rey Sin Reina,57,81,4,10872228,False,-32,Trung bình,Ngắn hạn
8113,114,"LISA, ROSALÍA",New Woman (feat. ROSALÍA),9,62,8,10872227,False,-52,Trung bình,Trung hạn
8114,115,Alphaville,Forever Young,54,100,12,10841261,False,-15,Trung bình,Trung hạn
8115,116,"David Guetta, OneRepublic",I Don't Wanna Wait,34,103,26,10832674,False,-13,Trung bình,Dài hạn
8116,117,Surf Curse,Disco,109,126,6,10830797,False,9,Trung bình,Trung hạn
8117,118,"Billie Eilish, Khalid",lovely (with Khalid),24,96,338,10820125,False,-22,Trung bình,Dài hạn
8118,119,"Taylor Swift, Post Malone",Fortnight (feat. Post Malone),1,102,25,10812294,False,-17,Trung bình,Dài hạn
8119,120,Coldplay,Sparks,120,168,18,10791795,False,48,Trung bình,Dài hạn
8120,121,Coldplay,A Sky Full of Stars,83,178,20,10761953,False,57,Trung bình,Dài hạn
8121,122,The Weeknd,Dancing In The Flames,13,70,4,10732934,False,-52,Trung bình,Ngắn hạn
8122,123,"Oscar Maydon, Fuerza Regida",Tu Boda,123,-1,1,10694064,True,-124,Trung bình,Ngắn hạn
8123,124,Bernadya,Satu Bulan,48,88,9,10679406,False,-36,Trung bình,Trung hạn
8124,125,Jung Kook,Standing Next to You,1,106,48,10591682,False,-19,Trung bình,Dài hạn
8125,126,"The Kid LAROI, Justin Bieber",STAY (with Justin Bieber),1,113,161,10563172,False,-13,Trung bình,Dài hạn
8126,127,Gunna,one of wun,56,155,17,10558865,False,28,Trung bình,Dài hạn
8127,128,"Maluma, Carin Leon",Según Quién,17,158,45,10539384,False,30,Trung bình,Dài hạn
8128,129,XXXTENTACION,Revenge,63,184,67,10463408,False,55,Trung bình,Dài hạn
8129,130,One Direction,Night Changes,79,92,102,10455475,False,-38,Trung bình,Dài hạn
8130,131,"KAROL G, Peso Pluma",QLONA,5,124,61,10431620,False,-7,Trung bình,Dài hạn
8131,132,"Zach Bryan, Kacey Musgraves",I Remember Everything (feat. Kacey Musgraves),20,117,59,10431001,False,-15,Trung bình,Dài hạn
8132,133,Eminem,Houdini,2,133,19,10413940,False,0,Trung bình,Dài hạn
8133,134,Linkin Park,Faint,76,104,6,10362880,False,-30,Trung bình,Trung hạn
8134,135,Crowded House,Don't Dream It's Over,135,-1,1,10352804,True,-136,Trung bình,Ngắn hạn
8135,136,Plan B,Es un Secreto,109,144,49,10321010,False,8,Trung bình,Dài hạn
8136,137,"Peso Pluma, Tito Double P",LOS CUADROS,116,150,8,10298342,False,13,Trung bình,Trung hạn
8137,138,Miguel,Sure Thing,14,116,82,10297679,False,-22,Trung bình,Dài hạn
8138,139,Zach Bryan,Pink Skies,21,132,20,10256177,False,-7,Trung bình,Dài hạn
8139,140,OneRepublic,Counting Stars,86,134,182,10211316,False,-6,Trung bình,Dài hạn
8140,141,Billie Eilish,"What Was I Made For? [From The Motion Picture ""Barbie""]",3,154,65,10206371,False,13,Trung bình,Dài hạn
8141,142,V,Love Me Again,11,130,61,10186203,False,-12,Trung bình,Dài hạn
8142,143,Natasha Bedingfield,Unwritten,16,119,39,10164393,False,-24,Trung bình,Dài hạn
8143,144,"Daniel Caesar, H.E.R.",Best Part (feat. H.E.R.),110,151,19,9980019,False,7,Trung bình,Dài hạn
8144,145,"Kendrick Lamar, SZA",All The Stars (with SZA),2,140,71,9975594,False,-5,Trung bình,Dài hạn
8145,146,HUMBE,KINTSUGI,146,-1,1,9970469,True,-147,Trung bình,Ngắn hạn
8146,147,"Macklemore, Ryan Lewis, Macklemore & Ryan Lewis, Ray Dalton",Can't Hold Us (feat. Ray Dalton),86,179,135,9949108,False,32,Trung bình,Dài hạn
8147,148,Ruth B.,Dandelions,34,157,153,9943345,False,9,Trung bình,Dài hạn
8148,149,"French Montana, Swae Lee",Unforgettable,3,131,110,9920530,False,-18,Trung bình,Dài hạn
8149,150,"Maisak, Feid",SE ME OLVIDA,35,147,7,9917150,False,-3,Trung bình,Trung hạn
8150,151,"Drake, Wizkid, Kyla",One Dance,12,135,215,9900965,False,-16,Trung bình,Dài hạn
8151,152,SZA,Saturn,17,137,33,9883938,False,-15,Trung bình,Dài hạn
8152,153,TV Girl,Lovers Rock,100,146,68,9877293,False,-7,Trung bình,Dài hạn
8153,154,Manuel Turizo,La Bachata,4,138,119,9831424,False,-16,Trung bình,Dài hạn
8154,155,Imagine Dragons,Demons,111,136,98,9812982,False,-19,Trung bình,Dài hạn
8155,156,Adele,Easy On Me,1,129,98,9772399,False,-27,Trung bình,Dài hạn
8156,157,"Coolio, L.V.",Gangsta's Paradise,40,-1,88,9764915,True,-158,Trung bình,Dài hạn
8157,158,Junior H,Y LLORO,55,-1,31,9685441,True,-159,Trung bình,Dài hạn
8158,159,Kapo,Ohnana,39,139,12,9677328,False,-20,Trung bình,Trung hạn
8159,160,The Killers,Mr. Brightside,94,156,145,9673524,False,-4,Trung bình,Dài hạn
8160,161,"Post Malone, Swae Lee",Sunflower - Spider-Man: Into the Spider-Verse,1,114,305,9665493,False,-47,Thấp,Dài hạn
8161,162,KAROL G,AMARGURA,53,174,73,9627378,False,12,Thấp,Dài hạn
8162,163,Eminem,The Real Slim Shady,51,-1,125,9622450,True,-164,Thấp,Dài hạn
8163,164,Sabrina Carpenter,Feather,34,143,45,9615463,False,-21,Thấp,Dài hạn
8164,165,Travis Scott,HIGHEST IN THE ROOM,1,118,100,9574026,False,-47,Thấp,Dài hạn
8165,166,Kanye West,Heartless,76,189,43,9571508,False,23,Thấp,Dài hạn
8166,167,Billie Eilish,ocean eyes,101,187,74,9559794,False,20,Thấp,Dài hạn
8167,168,Ed Sheeran,Photograph,41,145,160,9531007,False,-23,Thấp,Dài hạn
8168,169,"Charlie Puth, Selena Gomez",We Don't Talk Anymore (feat. Selena Gomez),39,-1,53,9520398,True,-170,Thấp,Dài hạn
8169,170,Steve Lacy,Dark Red,66,166,121,9519404,False,-4,Thấp,Dài hạn
8170,171,Bruno Mars,That's What I Like,6,198,113,9476908,False,27,Thấp,Dài hạn
8171,172,Coldplay,feelslikeimfallinginlove,86,-1,3,9467282,True,-173,Thấp,Ngắn hạn
8172,173,Don Toliver,NEW DROP,160,160,2,9462998,False,-13,Thấp,Ngắn hạn
8173,174,"Don Omar, Lucenzo",Danza Kuduro,91,177,54,9451713,False,3,Thấp,Dài hạn
8174,175,Imagine Dragons,Believer,16,152,396,9415450,False,-23,Thấp,Dài hạn
8175,176,Travis Scott,BUTTERFLY EFFECT,38,-1,77,9413115,True,-177,Thấp,Dài hạn
8176,177,Keane,Somewhere Only We Know,80,-1,100,9397539,True,-178,Thấp,Dài hạn
8177,178,Taylor Swift,I Can Do It With a Broken Heart,5,169,25,9396225,False,-9,Thấp,Dài hạn
8178,179,Zach Bryan,Something in the Orange,57,173,92,9393630,False,-6,Thấp,Dài hạn
8179,180,"Earth, Wind & Fire",September,77,122,29,9384708,False,-58,Thấp,Dài hạn
8180,181,Surf Curse,Freaks,55,186,61,9330517,False,5,Thấp,Dài hạn
8181,182,"David Guetta, Bebe Rexha",I'm Good (Blue),2,176,111,9314346,False,-6,Thấp,Dài hạn
8182,183,"A$AP Rocky, Imogen Heap, Clams Casino",I Smoked Away My Brain (I'm God x Demons Mashup) (feat. Imogen Heap & Clams Casino),183,-1,1,9276419,True,-184,Thấp,Ngắn hạn
8183,184,Coldplay,The Scientist,122,-1,35,9270249,True,-185,Thấp,Dài hạn
8184,185,Fleetwood Mac,Dreams - 2004 Remaster,20,-1,80,9268177,True,-186,Thấp,Dài hạn
8185,186,The Outfield,Your Love,134,167,24,9262548,False,-19,Thấp,Dài hạn
8186,187,Lana Del Rey,Summertime Sadness,83,153,113,9248293,False,-34,Thấp,Dài hạn
8187,188,"Natanael Cano, Oscar Maydon",Giza,186,-1,4,9245314,True,-189,Thấp,Ngắn hạn
8188,189,Adele,Someone Like You,38,182,21,9235960,False,-7,Thấp,Dài hạn
8189,190,Justin Bieber,Ghost,11,188,134,9231088,False,-2,Thấp,Dài hạn
8190,191,Adele,Set Fire to the Rain,61,183,77,9182326,False,-8,Thấp,Dài hạn
8191,192,Charli xcx,Apple,28,125,12,9141975,False,-67,Thấp,Trung hạn
8192,193,Teddy Swims,The Door,121,121,7,9130109,False,-72,Thấp,Trung hạn
8193,194,James Arthur,Say You Won't Let Go,7,164,327,9117489,False,-30,Thấp,Dài hạn
8194,195,Oasis,Wonderwall - Remastered,63,-1,106,9105265,True,-196,Thấp,Dài hạn
8195,196,d4vd,Romantic Homicide,17,191,101,9038088,False,-5,Thấp,Dài hạn
8196,197,Justin Bieber,Love Yourself,62,-1,55,8947621,True,-198,Thấp,Dài hạn
8197,198,Chappell Roan,Red Wine Supernova,80,161,18,8943465,False,-37,Thấp,Dài hạn
8198,199,WALK THE MOON,Shut Up and Dance,154,-1,20,8866731,True,-200,Thấp,Dài hạn
8199,200,Justin Bieber,Sorry,65,-1,32,8826719,True,-201,Thấp,Dài hạn
8200,1,"Lady Gaga, Bruno Mars",Die With A Smile,1,1,9,70141895,False,0,Rất cao,Trung hạn
8201,2,Billie Eilish,BIRDS OF A FEATHER,1,2,22,51948732,False,0,Rất cao,Dài hạn
8202,3,Jimin,Who,1,3,13,40999594,False,0,Rất cao,Dài hạn
8203,4,Sabrina Carpenter,Taste,3,4,8,38054822,False,0,Rất cao,Trung hạn
8204,5,Sabrina Carpenter,Espresso,1,5,27,34159922,False,0,Rất cao,Dài hạn
8205,6,Chappell Roan,"Good Luck, Babe!",6,6,27,32102822,False,0,Rất cao,Dài hạn
8206,7,KAROL G,Si Antes Te Hubiera Conocido,5,8,17,29395031,False,1,Rất cao,Dài hạn
8207,8,"The Weeknd, Playboi Carti",Timeless (feat Playboi Carti),3,7,3,28518248,False,-1,Rất cao,Ngắn hạn
8208,9,Gigi Perez,Sailor Song,9,11,9,27380246,False,2,Rất cao,Trung hạn
8209,10,Sabrina Carpenter,Please Please Please,1,9,19,26553048,False,-1,Rất cao,Dài hạn
8210,11,JENNIE,Mantra,11,-1,1,26368045,True,-12,Rất cao,Ngắn hạn
8211,12,Benson Boone,Beautiful Things,1,10,39,24541380,False,-2,Rất cao,Dài hạn
8212,13,"Omar Courtz, De La Rose",Q U E V A S H A C E R H O Y ?,13,14,3,23510477,False,1,Rất cao,Ngắn hạn
8213,14,Billie Eilish,WILDFLOWER,13,13,22,22681582,False,-1,Rất cao,Dài hạn
8214,15,Sabrina Carpenter,Bed Chem,9,12,8,22100835,False,-3,Rất cao,Trung hạn
8215,16,LISA,Moonlit Floor (Kiss Me),16,22,2,20605634,False,6,Rất cao,Ngắn hạn
8216,17,Teddy Swims,Lose Control,5,23,49,20516765,False,6,Rất cao,Dài hạn
8217,18,Shaboozey,A Bar Song (Tipsy),6,15,27,20457062,False,-3,Rất cao,Dài hạn
8218,19,"Oscar Maydon, Fuerza Regida",Tu Boda,19,123,2,20404911,False,104,Rất cao,Ngắn hạn
8219,20,Gracie Abrams,"I Love You, I'm Sorry",19,19,11,20396186,False,-1,Rất cao,Trung hạn
8220,21,The Neighbourhood,Sweater Weather,16,16,216,20154221,False,-5,Rất cao,Dài hạn
8221,22,Hozier,Too Sweet,2,18,30,19375863,False,-4,Rất cao,Dài hạn
8222,23,"The Weeknd, JENNIE, Lily-Rose Depp","One Of The Girls (with JENNIE, Lily Rose Depp)",3,20,54,19088312,False,-3,Rất cao,Dài hạn
8223,24,"Travis Scott, Playboi Carti",FE!N (feat. Playboi Carti),5,24,57,18989041,False,0,Rất cao,Dài hạn
8224,25,Lord Huron,The Night We Met,15,37,104,18913573,False,12,Rất cao,Dài hạn
8225,26,Tito Double P,EL LOKERON,25,25,7,18860202,False,-1,Rất cao,Trung hạn
8226,27,Arctic Monkeys,I Wanna Be Yours,15,21,119,18795460,False,-6,Rất cao,Dài hạn
8227,28,Linkin Park,The Emptiness Machine,6,17,6,18591797,False,-11,Rất cao,Trung hạn
8228,29,Ndotz,Embrace It,28,28,5,17765656,False,-1,Rất cao,Trung hạn
8229,30,"Charli xcx, Billie Eilish",Guess featuring billie eilish,5,30,11,17712225,False,0,Rất cao,Trung hạn
8230,31,"Post Malone, Morgan Wallen",I Had Some Help (Feat. Morgan Wallen),3,27,23,16893803,False,-4,Rất cao,Dài hạn
8231,32,Addison Rae,Diet Pepsi,32,33,7,16600627,False,1,Rất cao,Trung hạn
8232,33,"Peso Pluma, Neton Vega",LA PATRULLA,33,36,17,16480962,False,3,Rất cao,Dài hạn
8233,34,Ariana Grande,we can't be friends (wait for your love),1,32,32,16299789,False,-2,Rất cao,Dài hạn
8234,35,"FloyyMenor, Cris Mj",Gata Only,3,29,36,16256293,False,-6,Rất cao,Dài hạn
8235,36,Chappell Roan,HOT TO GO!,22,34,18,16197758,False,-2,Rất cao,Dài hạn
8236,37,Djo,End of Beginning,3,31,35,16178020,False,-6,Rất cao,Dài hạn
8237,38,"Tito Double P, Peso Pluma",DOS DÍAS,38,38,7,16096602,False,0,Rất cao,Trung hạn
8238,39,Tommy Richman,MILLION DOLLAR BABY,1,44,25,15909720,False,5,Rất cao,Dài hạn
8239,40,Shakira,Soltera,40,59,3,15830929,False,19,Rất cao,Ngắn hạn
8240,41,Artemas,i like the way you kiss me,1,42,30,15530328,False,1,Rất cao,Dài hạn
8241,42,"Tito Double P, Chino Pacas",ESCAPATE,42,49,6,15422950,False,7,Rất cao,Trung hạn
8242,43,FloyyMenor,PELIGROSA,26,26,10,15373715,False,-17,Rất cao,Trung hạn
8243,44,"Jung Kook, Latto",Seven (feat. Latto) (Explicit Ver.),1,39,66,15252121,False,-5,Rất cao,Dài hạn
8244,45,Vance Joy,Riptide,30,69,192,15244739,False,24,Rất cao,Dài hạn
8245,46,"Cris Mj, FloyyMenor, LOUKI",Después De La 1,34,41,5,15207734,False,-5,Rất cao,Trung hạn
8246,47,Taylor Swift,Cruel Summer,2,45,89,15135994,False,-2,Rất cao,Dài hạn
8247,48,"Tyler, The Creator, Kali Uchis",See You Again (feat. Kali Uchis),16,35,86,15003587,False,-13,Cao,Dài hạn
8248,49,Kendrick Lamar,Not Like Us,2,43,24,14878253,False,-6,Cao,Dài hạn
8249,50,"Charli xcx, Ariana Grande",Sympathy is a knife featuring ariana grande,50,-1,1,14799789,True,-51,Cao,Ngắn hạn
8250,51,Myles Smith,Stargazing,16,46,23,14708750,False,-5,Cao,Dài hạn
8251,52,The Kid LAROI,NIGHTS LIKE THIS,42,47,17,14593374,False,-5,Cao,Dài hạn
8252,53,Coldplay,Viva La Vida,31,58,112,14301449,False,5,Cao,Dài hạn
8253,54,The Goo Goo Dolls,Iris,40,50,59,14160133,False,-4,Cao,Dài hạn
8254,55,Mitski,My Love Mine All Mine,3,57,56,14088189,False,2,Cao,Dài hạn
8255,56,"Feid, ATL Jacob",LUNA,9,40,45,13749291,False,-16,Cao,Dài hạn
8256,57,One Direction,Night Changes,57,130,103,13747267,False,73,Cao,Dài hạn
8257,58,Kapo,UWAIE,19,61,9,13643920,False,3,Cao,Trung hạn
8258,59,SZA,Kill Bill,1,56,97,13512307,False,-3,Cao,Dài hạn
8259,60,Benson Boone,Slow It Down,27,53,30,13284733,False,-7,Cao,Dài hạn
8260,61,Linkin Park,In the End,22,62,62,13262855,False,1,Cao,Dài hạn
8261,62,Linkin Park,Numb,24,52,33,13184132,False,-10,Cao,Dài hạn
8262,63,"Sevdaliza, Pabllo Vittar, Yseult",Alibi (with Pabllo Vittar & Yseult),12,54,16,13145898,False,-9,Cao,Dài hạn
8263,64,"The Weeknd, Daft Punk",Starboy,1,78,211,13134231,False,14,Cao,Dài hạn
8264,65,*NSYNC,Bye Bye Bye - From Deadpool and Wolverine Soundtrack,10,55,12,13128699,False,-10,Cao,Trung hạn
8265,66,Sabrina Carpenter,Juno,23,64,8,13076611,False,-2,Cao,Trung hạn
8266,67,Dasha,Austin (Boots Stop Workin'),20,90,32,12943269,False,23,Cao,Dài hạn
8267,68,Cigarettes After Sex,Apocalypse,68,70,118,12866576,False,2,Cao,Dài hạn
8268,69,Tom Odell,Another Love,15,65,184,12830433,False,-4,Cao,Dài hạn
8269,70,Billie Eilish,CHIHIRO,5,76,22,12670630,False,6,Cao,Dài hạn
8270,71,Fuerza Regida,NEL,55,68,10,12659561,False,-3,Cao,Trung hạn
8271,72,Bruno Mars,When I Was Your Man,38,71,103,12632862,False,-1,Cao,Dài hạn
8272,73,Linkin Park,Heavy Is the Crown,15,48,4,12612332,False,-25,Cao,Ngắn hạn
8273,74,"Adam Port, Stryv, Keinemusik, Orso, Malachiii",Move,19,73,18,12490110,False,-1,Cao,Dài hạn
8274,75,Bruno Mars,It Will Rain,75,83,3,12470050,False,8,Cao,Ngắn hạn
8275,76,Anuv Jain,Jo Tum Mere Ho,76,92,5,12388286,False,16,Cao,Trung hạn
8276,77,Noah Kahan,Stick Season,6,72,54,12358575,False,-5,Cao,Dài hạn
8277,78,The Walters,I Love You So,21,60,127,12335184,False,-18,Cao,Dài hạn
8278,79,Coldplay,Yellow,19,81,200,12280136,False,2,Cao,Dài hạn
8279,80,The Weeknd,Blinding Lights,1,79,255,12254536,False,-1,Cao,Dài hạn
8280,81,Bruno Mars,Just the Way You Are,39,84,93,12210735,False,3,Cao,Dài hạn
8281,82,"Luis R Conriquez, Neton Vega",Si No Quieres No,28,66,27,12040896,False,-16,Cao,Dài hạn
8282,83,Bruno Mars,Locked out of Heaven,32,91,123,12011518,False,8,Cao,Dài hạn
8283,84,Eminem,Mockingbird,24,86,93,11872197,False,2,Cao,Dài hạn
8284,85,Eminem,Without Me,31,94,160,11840183,False,9,Cao,Dài hạn
8285,86,girl in red,we fell in love in october,51,51,20,11719313,False,-35,Cao,Dài hạn
8286,87,Miley Cyrus,Flowers,1,82,92,11681911,False,-5,Cao,Dài hạn
8287,88,Travis Scott,goosebumps,13,74,262,11634625,False,-14,Cao,Dài hạn
8288,89,"Rvssian, Rauw Alejandro, Ayra Starr",Santa,14,75,26,11610757,False,-14,Cao,Dài hạn
8289,90,Coldplay,Sparks,90,120,19,11597474,False,30,Cao,Dài hạn
8290,91,"The Chainsmokers, Coldplay",Something Just Like This,2,80,229,11594769,False,-11,Cao,Dài hạn
8291,92,Billie Eilish,LUNCH,1,89,22,11579898,False,-3,Cao,Dài hạn
8292,93,Frank Ocean,Pink + White,67,67,74,11568778,False,-26,Cao,Dài hạn
8293,94,KATSEYE,Touch,94,106,7,11564655,False,12,Cao,Trung hạn
8294,95,The Police,Every Breath You Take,77,87,149,11559004,False,-8,Cao,Dài hạn
8295,96,Sabrina Carpenter,Good Graces,11,77,8,11503370,False,-19,Cao,Trung hạn
8296,97,The Weeknd,Die For You,12,101,140,11494374,False,4,Cao,Dài hạn
8297,98,"Hanumankind, Kalmi",Big Dawgs,7,63,12,11469926,False,-35,Cao,Trung hạn
8298,99,Arctic Monkeys,505,43,112,145,11401427,False,13,Cao,Dài hạn
8299,100,Sabrina Carpenter,Nonsense,17,100,91,11327672,False,0,Cao,Dài hạn
8300,101,Chappell Roan,Pink Pony Club,64,103,16,11256599,False,2,Trung bình,Dài hạn
8301,102,SZA,Snooze,27,107,86,11104571,False,5,Trung bình,Dài hạn
8302,103,Harry Styles,As It Was,1,99,133,11063962,False,-4,Trung bình,Dài hạn
8303,104,Odetari,KEEP UP,75,98,5,11063768,False,-6,Trung bình,Trung hạn
8304,105,Lewis Capaldi,Someone You Loved,4,85,301,11059003,False,-20,Trung bình,Dài hạn
8305,106,Hotel Ugly,Shut up My Moms Calling,78,95,93,11002757,False,-11,Trung bình,Dài hạn
8306,107,Journey,Don't Stop Believin' (2022 Remaster),89,93,33,10907849,False,-14,Trung bình,Dài hạn
8307,108,Coldplay,A Sky Full of Stars,83,121,21,10839750,False,13,Trung bình,Dài hạn
8308,109,"Blessd, Ovy On The Drums",Mírame,38,88,16,10765836,False,-21,Trung bình,Dài hạn
8309,110,Mark Ambor,Belong Together,19,96,29,10738314,False,-14,Trung bình,Dài hạn
8310,111,Tate McRae,greedy,1,105,57,10640064,False,-6,Trung bình,Dài hạn
8311,112,V,Love Me Again,11,142,62,10607890,False,30,Trung bình,Dài hạn
8312,113,Junior H,Y LLORO,55,158,32,10538629,False,45,Trung bình,Dài hạn
8313,114,Ed Sheeran,Shape of You,1,97,336,10505691,False,-17,Trung bình,Dài hạn
8314,115,"Billie Eilish, Khalid",lovely (with Khalid),24,118,339,10503657,False,3,Trung bình,Dài hạn
8315,116,"Zach Bryan, Kacey Musgraves",I Remember Everything (feat. Kacey Musgraves),20,132,60,10493696,False,16,Trung bình,Dài hạn
8316,117,Jordan Adetunji,KEHLANI,36,111,17,10465420,False,-6,Trung bình,Dài hạn
8317,118,Cris Mj,SI NO ES CONTIGO,33,104,21,10412026,False,-14,Trung bình,Dài hạn
8318,119,Radiohead,Creep,110,110,47,10378524,False,-9,Trung bình,Dài hạn
8319,120,Don Toliver,NEW DROP,120,173,3,10348481,False,53,Trung bình,Ngắn hạn
8320,121,"Tito Double P, Grupo Frontera",AY MAMÁ,121,-1,1,10280287,True,-122,Trung bình,Ngắn hạn
8321,122,Ed Sheeran,Perfect,4,108,368,10234216,False,-14,Trung bình,Dài hạn
8322,123,OneRepublic,Counting Stars,86,140,183,10152247,False,17,Trung bình,Dài hạn
8323,124,"Post Malone, Swae Lee",Sunflower - Spider-Man: Into the Spider-Verse,1,161,306,10121162,False,37,Trung bình,Dài hạn
8324,125,"The Kid LAROI, Justin Bieber",STAY (with Justin Bieber),1,126,162,10113371,False,1,Trung bình,Dài hạn
8325,126,Julión Álvarez y su Norteño Banda,Rey Sin Reina,57,113,5,10099776,False,-13,Trung bình,Trung hạn
8326,127,Hozier,Take Me To Church,108,109,163,10087470,False,-18,Trung bình,Dài hạn
8327,128,"Taylor Swift, Post Malone",Fortnight (feat. Post Malone),1,119,26,10069490,False,-9,Trung bình,Dài hạn
8328,129,Jung Kook,Standing Next to You,1,125,49,10064353,False,-4,Trung bình,Dài hạn
8329,130,Billie Eilish,"What Was I Made For? [From The Motion Picture ""Barbie""]",3,141,66,10018316,False,11,Trung bình,Dài hạn
8330,131,Tate McRae,It's ok I'm ok,30,102,5,9994561,False,-29,Trung bình,Trung hạn
8331,132,SZA,Nobody Gets Me,12,-1,29,9985741,True,-133,Trung bình,Dài hạn
8332,133,Eminem,Houdini,2,133,20,9982911,False,0,Trung bình,Dài hạn
8333,134,Alphaville,Forever Young,54,115,13,9937352,False,-19,Trung bình,Dài hạn
8334,135,Teddy Swims,The Door,121,193,8,9853354,False,58,Trung bình,Trung hạn
8335,136,Gunna,one of wun,56,127,18,9799539,False,-9,Trung bình,Dài hạn
8336,137,"KSI, Trippie Redd",Thick Of It (feat. Trippie Redd),137,-1,1,9794698,True,-138,Trung bình,Ngắn hạn
8337,138,"David Guetta, OneRepublic",I Don't Wanna Wait,34,116,27,9794607,False,-22,Trung bình,Dài hạn
8338,139,Ruth B.,Dandelions,34,148,154,9794423,False,9,Trung bình,Dài hạn
8339,140,Natasha Bedingfield,Unwritten,16,143,40,9766981,False,3,Trung bình,Dài hạn
8340,141,Creepy Nuts,オトノケ - Otonoke,141,-1,1,9736214,True,-142,Trung bình,Ngắn hạn
8341,142,Surf Curse,Disco,109,117,7,9709370,False,-25,Trung bình,Trung hạn
8342,143,"KAROL G, Peso Pluma",QLONA,5,131,62,9689702,False,-12,Trung bình,Dài hạn
8343,144,"Charlie Puth, Selena Gomez",We Don't Talk Anymore (feat. Selena Gomez),39,169,54,9686931,False,25,Trung bình,Dài hạn
8344,145,"Maluma, Carin Leon",Según Quién,17,128,46,9664833,False,-17,Thấp,Dài hạn
8345,146,Imagine Dragons,Believer,16,175,397,9661292,False,29,Thấp,Dài hạn
8346,147,Keane,Somewhere Only We Know,80,177,101,9659178,False,30,Thấp,Dài hạn
8347,148,Bruno Mars,That's What I Like,6,171,114,9617301,False,23,Thấp,Dài hạn
8348,149,Imagine Dragons,Demons,111,155,99,9608982,False,6,Thấp,Dài hạn
8349,150,SZA,Saturn,17,152,34,9601783,False,2,Thấp,Dài hạn
8350,151,Travis Scott,HIGHEST IN THE ROOM,1,165,101,9585962,False,14,Thấp,Dài hạn
8351,152,Crowded House,Don't Dream It's Over,135,135,2,9576870,False,-17,Thấp,Ngắn hạn
8352,153,"Coolio, L.V.",Gangsta's Paradise,40,157,89,9568410,False,4,Thấp,Dài hạn
8353,154,"Macklemore, Ryan Lewis, Macklemore & Ryan Lewis, Ray Dalton",Can't Hold Us (feat. Ray Dalton),86,147,136,9567604,False,-7,Thấp,Dài hạn
8354,155,Michael Jackson,Billie Jean,140,-1,4,9554432,True,-156,Thấp,Ngắn hạn
8355,156,XXXTENTACION,Revenge,63,129,68,9536494,False,-27,Thấp,Dài hạn
8356,157,"Drake, Wizkid, Kyla",One Dance,12,151,216,9533015,False,-6,Thấp,Dài hạn
8357,158,Eminem,The Real Slim Shady,51,163,126,9490908,False,5,Thấp,Dài hạn
8358,159,"Kendrick Lamar, SZA",All The Stars (with SZA),2,145,72,9476412,False,-14,Thấp,Dài hạn
8359,160,"French Montana, Swae Lee",Unforgettable,3,149,111,9474300,False,-11,Thấp,Dài hạn
8360,161,Coldplay,The Scientist,122,184,36,9449459,False,23,Thấp,Dài hạn
8361,162,TV Girl,Lovers Rock,100,153,69,9442563,False,-9,Thấp,Dài hạn
8362,163,Linkin Park,Faint,76,134,7,9435358,False,-29,Thấp,Trung hạn
8363,164,"Daniel Caesar, H.E.R.",Best Part (feat. H.E.R.),110,144,20,9419453,False,-20,Thấp,Dài hạn
8364,165,Zach Bryan,Pink Skies,21,139,21,9416957,False,-26,Thấp,Dài hạn
8365,166,Manuel Turizo,La Bachata,4,154,120,9410506,False,-12,Thấp,Dài hạn
8366,167,Bernadya,Satu Bulan,48,124,10,9406017,False,-43,Thấp,Trung hạn
8367,168,Kapo,Ohnana,39,159,13,9358957,False,-9,Thấp,Dài hạn
8368,169,KAROL G,AMARGURA,53,162,74,9292557,False,-7,Thấp,Dài hạn
8369,170,Sabrina Carpenter,Feather,34,164,46,9269129,False,-6,Thấp,Dài hạn
8370,171,Lana Del Rey,Summertime Sadness,83,187,114,9267732,False,16,Thấp,Dài hạn
8371,172,Adele,Easy On Me,1,156,99,9249883,False,-16,Thấp,Dài hạn
8372,173,Zach Bryan,Something in the Orange,57,179,93,9247344,False,6,Thấp,Dài hạn
8373,174,Adele,Set Fire to the Rain,61,191,78,9207704,False,17,Thấp,Dài hạn
8374,175,Tears For Fears,Everybody Wants To Rule The World,91,-1,100,9203120,True,-176,Thấp,Dài hạn
8375,176,Steve Lacy,Dark Red,66,170,122,9154665,False,-6,Thấp,Dài hạn
8376,177,"Maisak, Feid",SE ME OLVIDA,35,150,8,9150510,False,-27,Thấp,Trung hạn
8377,178,Travis Scott,BUTTERFLY EFFECT,38,176,78,9133020,False,-2,Thấp,Dài hạn
8378,179,The Weeknd,Dancing In The Flames,13,122,5,9107227,False,-57,Thấp,Trung hạn
8379,180,The Killers,Mr. Brightside,94,160,146,9097534,False,-20,Thấp,Dài hạn
8380,181,One Direction,Story of My Life,181,-1,2,9088195,True,-182,Thấp,Ngắn hạn
8381,182,d4vd,Romantic Homicide,17,196,102,9087792,False,14,Thấp,Dài hạn
8382,183,LE SSERAFIM,CRAZY,58,-1,6,9067744,True,-184,Thấp,Trung hạn
8383,184,Miguel,Sure Thing,14,138,83,9067240,False,-46,Thấp,Dài hạn
8384,185,Junior H,PIÉNSALO,185,-1,1,9046667,True,-186,Thấp,Ngắn hạn
8385,186,Ed Sheeran,Photograph,41,168,161,9004489,False,-18,Thấp,Dài hạn
8386,187,"Peso Pluma, Tito Double P",LOS CUADROS,116,137,9,8996932,False,-50,Thấp,Trung hạn
8387,188,Adele,Someone Like You,38,189,22,8961107,False,1,Thấp,Dài hạn
8388,189,Henrique & Juliano,Última Saudade - Ao Vivo,189,-1,1,8953960,True,-190,Thấp,Ngắn hạn
8389,190,Michael Marcagi,Scared To Start,25,-1,36,8946511,True,-191,Thấp,Dài hạn
8390,191,Fleetwood Mac,Dreams - 2004 Remaster,20,185,81,8945265,False,-6,Thấp,Dài hạn
8391,192,"David Guetta, Bebe Rexha",I'm Good (Blue),2,182,112,8922730,False,-10,Thấp,Dài hạn
8392,193,"Don Omar, Lucenzo",Danza Kuduro,91,174,55,8913611,False,-19,Thấp,Dài hạn
8393,194,Kanye West,Heartless,76,166,44,8879538,False,-28,Thấp,Dài hạn
8394,195,James Arthur,Say You Won't Let Go,7,194,328,8866600,False,-1,Thấp,Dài hạn
8395,196,"Victor Mendivil, Oscar Maydon",Mejores Jordans,196,-1,1,8799245,True,-197,Thấp,Ngắn hạn
8396,197,Maroon 5,Maps,171,-1,19,8780101,True,-198,Thấp,Dài hạn
8397,198,Oasis,Wonderwall - Remastered,63,195,107,8770734,False,-3,Thấp,Dài hạn
8398,199,"Earth, Wind & Fire",September,77,180,30,8761095,False,-19,Thấp,Dài hạn
8399,200,Surf Curse,Freaks,55,181,62,8706590,False,-19,Thấp,Dài hạn
8400,1,"ROSÉ, Bruno Mars",APT.,1,-1,1,85528446,True,-2,Rất cao,Ngắn hạn
8401,2,"Lady Gaga, Bruno Mars",Die With A Smile,1,1,10,75288958,False,-1,Rất cao,Trung hạn
8402,3,Billie Eilish,BIRDS OF A FEATHER,1,2,23,51718933,False,-1,Rất cao,Dài hạn
8403,4,Jimin,Who,1,3,14,41022916,False,-1,Rất cao,Dài hạn
8404,5,"Oscar Maydon, Fuerza Regida",Tu Boda,5,19,3,39288684,False,14,Rất cao,Ngắn hạn
8405,6,Sabrina Carpenter,Taste,3,4,9,36836040,False,-2,Rất cao,Trung hạn
8406,7,Sabrina Carpenter,Espresso,1,5,28,33991288,False,-2,Rất cao,Dài hạn
8407,8,One Direction,Night Changes,8,57,104,32106780,False,49,Rất cao,Dài hạn
8408,9,Chappell Roan,"Good Luck, Babe!",6,6,28,30489784,False,-3,Rất cao,Dài hạn
8409,10,Gigi Perez,Sailor Song,9,9,10,29430612,False,-1,Rất cao,Trung hạn
8410,11,JENNIE,Mantra,11,11,2,28353890,False,0,Rất cao,Ngắn hạn
8411,12,KAROL G,Si Antes Te Hubiera Conocido,5,7,18,28218627,False,-5,Rất cao,Dài hạn
8412,13,LISA,Moonlit Floor (Kiss Me),13,16,3,26833108,False,3,Rất cao,Ngắn hạn
8413,14,"The Weeknd, Playboi Carti",Timeless (feat Playboi Carti),3,8,4,26087523,False,-6,Rất cao,Ngắn hạn
8414,15,Sabrina Carpenter,Please Please Please,1,10,20,25783996,False,-5,Rất cao,Dài hạn
8415,16,Benson Boone,Beautiful Things,1,12,40,24803638,False,-4,Rất cao,Dài hạn
8416,17,One Direction,Story of My Life,17,181,3,24309502,False,164,Rất cao,Ngắn hạn
8417,18,Billie Eilish,WILDFLOWER,13,14,23,24149909,False,-4,Rất cao,Dài hạn
8418,19,Teddy Swims,Lose Control,5,17,50,21425481,False,-2,Rất cao,Dài hạn
8419,20,"Omar Courtz, De La Rose",Q U E V A S H A C E R H O Y ?,13,13,4,20730314,False,-7,Rất cao,Ngắn hạn
8420,21,Tito Double P,EL LOKERON,21,26,8,20389428,False,5,Rất cao,Trung hạn
8421,22,Sabrina Carpenter,Bed Chem,9,15,9,20368252,False,-7,Rất cao,Trung hạn
8422,23,The Neighbourhood,Sweater Weather,16,21,217,20175166,False,-2,Rất cao,Dài hạn
8423,24,Gracie Abrams,"I Love You, I'm Sorry",19,20,12,20005714,False,-4,Rất cao,Trung hạn
8424,25,Shaboozey,A Bar Song (Tipsy),6,18,28,19712062,False,-7,Rất cao,Dài hạn
8425,26,Lord Huron,The Night We Met,15,25,105,19666856,False,-1,Rất cao,Dài hạn
8426,27,"Travis Scott, Playboi Carti",FE!N (feat. Playboi Carti),5,24,58,18708898,False,-3,Rất cao,Dài hạn
8427,28,Hozier,Too Sweet,2,22,31,18684715,False,-6,Rất cao,Dài hạn
8428,29,Arctic Monkeys,I Wanna Be Yours,15,27,120,18651253,False,-2,Rất cao,Dài hạn
8429,30,"The Weeknd, JENNIE, Lily-Rose Depp","One Of The Girls (with JENNIE, Lily Rose Depp)",3,23,55,18458971,False,-7,Rất cao,Dài hạn
8430,31,Morgan Wallen,Love Somebody,31,-1,1,17574685,True,-32,Rất cao,Ngắn hạn
8431,32,"Tyler, The Creator, Kali Uchis",See You Again (feat. Kali Uchis),16,48,87,17381866,False,16,Rất cao,Dài hạn
8432,33,Linkin Park,The Emptiness Machine,6,28,7,17229054,False,-5,Rất cao,Trung hạn
8433,34,"Peso Pluma, Neton Vega",LA PATRULLA,33,33,18,17180541,False,-1,Rất cao,Dài hạn
8434,35,"Tito Double P, Peso Pluma",DOS DÍAS,35,38,8,17126484,False,3,Rất cao,Trung hạn
8435,36,Ndotz,Embrace It,28,29,6,16676833,False,-7,Rất cao,Trung hạn
8436,37,Addison Rae,Diet Pepsi,32,32,8,16611779,False,-5,Rất cao,Trung hạn
8437,38,"Post Malone, Morgan Wallen",I Had Some Help (Feat. Morgan Wallen),3,31,24,16583348,False,-7,Rất cao,Dài hạn
8438,39,"Tito Double P, Chino Pacas",ESCAPATE,39,42,7,16275712,False,3,Rất cao,Trung hạn
8439,40,"FloyyMenor, Cris Mj",Gata Only,3,35,37,16156836,False,-5,Rất cao,Dài hạn
8440,41,Ariana Grande,we can't be friends (wait for your love),1,34,33,15824430,False,-7,Rất cao,Dài hạn
8441,42,Djo,End of Beginning,3,37,36,15765210,False,-5,Rất cao,Dài hạn
8442,43,"Charli xcx, Billie Eilish",Guess featuring billie eilish,5,30,12,15733555,False,-13,Rất cao,Trung hạn
8443,44,Vance Joy,Riptide,30,45,193,15666056,False,1,Rất cao,Dài hạn
8444,45,Chappell Roan,HOT TO GO!,22,36,19,15411633,False,-9,Rất cao,Dài hạn
8445,46,Taylor Swift,Cruel Summer,2,47,90,15277773,False,1,Rất cao,Dài hạn
8446,47,Artemas,i like the way you kiss me,1,41,31,15228017,False,-6,Rất cao,Dài hạn
8447,48,Shakira,Soltera,40,40,4,15200036,False,-8,Rất cao,Ngắn hạn
8448,49,Tommy Richman,MILLION DOLLAR BABY,1,39,26,15089791,False,-10,Rất cao,Dài hạn
8449,50,FloyyMenor,PELIGROSA,26,43,11,15062660,False,-7,Rất cao,Trung hạn
8450,51,The Kid LAROI,NIGHTS LIKE THIS,42,52,18,14954926,False,1,Cao,Dài hạn
8451,52,"Jung Kook, Latto",Seven (feat. Latto) (Explicit Ver.),1,44,67,14708168,False,-8,Cao,Dài hạn
8452,53,One Direction,Perfect,53,-1,1,14619062,True,-54,Cao,Ngắn hạn
8453,54,Fuerza Regida,NEL,54,71,11,14587712,False,17,Cao,Trung hạn
8454,55,Gracie Abrams,That’s So True,55,-1,1,14456697,True,-56,Cao,Ngắn hạn
8455,56,"Cris Mj, FloyyMenor, LOUKI",Después De La 1,34,46,6,14358335,False,-10,Cao,Trung hạn
8456,57,Myles Smith,Stargazing,16,51,24,14274877,False,-6,Cao,Dài hạn
8457,58,The Goo Goo Dolls,Iris,40,54,60,14068137,False,-4,Cao,Dài hạn
8458,59,Kendrick Lamar,Not Like Us,2,49,25,13906264,False,-10,Cao,Dài hạn
8459,60,One Direction,What Makes You Beautiful,60,-1,3,13858802,True,-61,Cao,Ngắn hạn
8460,61,Coldplay,Viva La Vida,31,53,113,13777870,False,-8,Cao,Dài hạn
8461,62,SZA,Kill Bill,1,59,98,13741326,False,-3,Cao,Dài hạn
8462,63,Mitski,My Love Mine All Mine,3,55,57,13675166,False,-8,Cao,Dài hạn
8463,64,"Feid, ATL Jacob",LUNA,9,56,46,13202917,False,-8,Cao,Dài hạn
8464,65,Benson Boone,Slow It Down,27,60,31,13178246,False,-5,Cao,Dài hạn
8465,66,Kapo,UWAIE,19,58,10,13157658,False,-8,Cao,Trung hạn
8466,67,Dasha,Austin (Boots Stop Workin'),20,67,33,13155883,False,0,Cao,Dài hạn
8467,68,The Walters,I Love You So,21,78,128,13134465,False,10,Cao,Dài hạn
8468,69,Anuv Jain,Jo Tum Mere Ho,69,76,6,13103778,False,7,Cao,Trung hạn
8469,70,Tom Odell,Another Love,15,69,185,13047226,False,-1,Cao,Dài hạn
8470,71,Bruno Mars,It Will Rain,71,75,4,12959266,False,4,Cao,Ngắn hạn
8471,72,Linkin Park,In the End,22,61,63,12916614,False,-11,Cao,Dài hạn
8472,73,"The Weeknd, Daft Punk",Starboy,1,64,212,12841480,False,-9,Cao,Dài hạn
8473,74,*NSYNC,Bye Bye Bye - From Deadpool and Wolverine Soundtrack,10,65,13,12820816,False,-9,Cao,Dài hạn
8474,75,Bruno Mars,When I Was Your Man,38,72,104,12648387,False,-3,Cao,Dài hạn
8475,76,Linkin Park,Numb,24,62,34,12639534,False,-14,Cao,Dài hạn
8476,77,Bruno Mars,Locked out of Heaven,32,83,124,12600251,False,6,Cao,Dài hạn
8477,78,KATSEYE,Touch,78,94,8,12599970,False,16,Cao,Trung hạn
8478,79,"Sevdaliza, Pabllo Vittar, Yseult",Alibi (with Pabllo Vittar & Yseult),12,63,17,12481420,False,-16,Cao,Dài hạn
8479,80,Sabrina Carpenter,Juno,23,66,9,12473525,False,-14,Cao,Trung hạn
8480,81,The Weeknd,Blinding Lights,1,80,256,12465570,False,-1,Cao,Dài hạn
8481,82,Cigarettes After Sex,Apocalypse,68,68,119,12289370,False,-14,Cao,Dài hạn
8482,83,Billie Eilish,CHIHIRO,5,70,23,12275096,False,-13,Cao,Dài hạn
8483,84,Bruno Mars,Just the Way You Are,39,81,94,12167594,False,-3,Cao,Dài hạn
8484,85,Harry Styles,As It Was,1,103,134,12138496,False,18,Cao,Dài hạn
8485,86,"Rvssian, Rauw Alejandro, Ayra Starr",Santa,14,89,27,12136990,False,3,Cao,Dài hạn
8486,87,Noah Kahan,Stick Season,6,77,55,12000809,False,-10,Cao,Dài hạn
8487,88,Junior H,Y LLORO,55,113,33,11998486,False,25,Cao,Dài hạn
8488,89,Arctic Monkeys,505,43,99,146,11833523,False,10,Cao,Dài hạn
8489,90,Miley Cyrus,Flowers,1,87,93,11652509,False,-3,Cao,Dài hạn
8490,91,Coldplay,Yellow,19,79,201,11616844,False,-12,Cao,Dài hạn
8491,92,"Luis R Conriquez, Neton Vega",Si No Quieres No,28,82,28,11597191,False,-10,Cao,Dài hạn
8492,93,The Weeknd,Die For You,12,97,141,11595271,False,4,Cao,Dài hạn
8493,94,"Adam Port, Stryv, Keinemusik, Orso, Malachiii",Move,19,74,19,11540008,False,-20,Cao,Dài hạn
8494,95,One Direction,Steal My Girl,95,-1,1,11453605,True,-96,Cao,Ngắn hạn
8495,96,Frank Ocean,Pink + White,67,93,75,11440442,False,-3,Cao,Dài hạn
8496,97,Hotel Ugly,Shut up My Moms Calling,78,106,94,11425113,False,9,Cao,Dài hạn
8497,98,girl in red,we fell in love in october,51,86,21,11399328,False,-12,Cao,Dài hạn
8498,99,V,Love Me Again,11,112,63,11394223,False,13,Cao,Dài hạn
8499,100,"The Chainsmokers, Coldplay",Something Just Like This,2,91,230,11319681,False,-9,Cao,Dài hạn
8500,101,Eminem,Without Me,31,85,161,11237080,False,-16,Trung bình,Dài hạn
8501,102,Sabrina Carpenter,Nonsense,17,100,92,11138899,False,-2,Trung bình,Dài hạn
8502,103,"Blessd, Ovy On The Drums",Mírame,38,109,17,11032524,False,6,Trung bình,Dài hạn
8503,104,Linkin Park,Heavy Is the Crown,15,73,5,10938239,False,-31,Trung bình,Trung hạn
8504,105,Eminem,Mockingbird,24,84,94,10931639,False,-21,Trung bình,Dài hạn
8505,106,SZA,Snooze,27,102,87,10900031,False,-4,Trung bình,Dài hạn
8506,107,"Tito Double P, Grupo Frontera",AY MAMÁ,107,121,2,10846406,False,14,Trung bình,Ngắn hạn
8507,108,Billie Eilish,LUNCH,1,92,23,10815734,False,-16,Trung bình,Dài hạn
8508,109,Lewis Capaldi,Someone You Loved,4,105,302,10773978,False,-4,Trung bình,Dài hạn
8509,110,Chappell Roan,Pink Pony Club,64,101,17,10772874,False,-9,Trung bình,Dài hạn
8510,111,Journey,Don't Stop Believin' (2022 Remaster),89,107,34,10743990,False,-4,Trung bình,Dài hạn
8511,112,"Billie Eilish, Khalid",lovely (with Khalid),24,115,340,10739706,False,3,Trung bình,Dài hạn
8512,113,Don Toliver,NEW DROP,113,120,4,10689925,False,7,Trung bình,Ngắn hạn
8513,114,"Tyler, The Creator",Noid,114,-1,1,10683923,True,-115,Trung bình,Ngắn hạn
8514,115,Teddy Swims,The Door,115,135,9,10623467,False,20,Trung bình,Trung hạn
8515,116,The Police,Every Breath You Take,77,95,150,10604925,False,-21,Trung bình,Dài hạn
8516,117,Coldplay,Sparks,90,90,20,10584150,False,-27,Trung bình,Dài hạn
8517,118,Travis Scott,goosebumps,13,88,263,10538159,False,-30,Trung bình,Dài hạn
8518,119,Radiohead,Creep,110,119,48,10505166,False,0,Trung bình,Dài hạn
8519,120,Jung Kook,Standing Next to You,1,129,50,10497312,False,9,Trung bình,Dài hạn
8520,121,Ed Sheeran,Shape of You,1,114,337,10491344,False,-7,Trung bình,Dài hạn
8521,122,Gunna,one of wun,56,136,19,10488077,False,14,Trung bình,Dài hạn
8522,123,"Hanumankind, Kalmi",Big Dawgs,7,98,13,10451293,False,-25,Trung bình,Dài hạn
8523,124,Mark Ambor,Belong Together,19,110,30,10411236,False,-14,Trung bình,Dài hạn
8524,125,Jordan Adetunji,KEHLANI,36,117,18,10371946,False,-8,Trung bình,Dài hạn
8525,126,Cris Mj,SI NO ES CONTIGO,33,118,22,10360047,False,-8,Trung bình,Dài hạn
8526,127,Hozier,Take Me To Church,108,127,164,10329407,False,0,Trung bình,Dài hạn
8527,128,Sabrina Carpenter,Good Graces,11,96,9,10308502,False,-32,Trung bình,Trung hạn
8528,129,Junior H,PIÉNSALO,129,185,2,10260992,False,56,Trung bình,Ngắn hạn
8529,130,Tate McRae,greedy,1,111,58,10194592,False,-19,Trung bình,Dài hạn
8530,131,"Charlie Puth, Selena Gomez",We Don't Talk Anymore (feat. Selena Gomez),39,144,55,10174625,False,13,Trung bình,Dài hạn
8531,132,Bruno Mars,That's What I Like,6,148,115,10164528,False,16,Trung bình,Dài hạn
8532,133,Ed Sheeran,Perfect,4,122,369,10103088,False,-11,Trung bình,Dài hạn
8533,134,"The Kid LAROI, Justin Bieber",STAY (with Justin Bieber),1,125,163,10102853,False,-9,Trung bình,Dài hạn
8534,135,"French Montana, Swae Lee",Unforgettable,3,160,112,10079705,False,25,Trung bình,Dài hạn
8535,136,OneRepublic,Counting Stars,86,123,184,10073591,False,-13,Trung bình,Dài hạn
8536,137,Coldplay,A Sky Full of Stars,83,108,22,9986307,False,-29,Trung bình,Dài hạn
8537,138,Ruth B.,Dandelions,34,139,155,9976249,False,1,Trung bình,Dài hạn
8538,139,Keane,Somewhere Only We Know,80,147,102,9970971,False,8,Trung bình,Dài hạn
8539,140,Creepy Nuts,オトノケ - Otonoke,140,141,2,9941952,False,1,Trung bình,Ngắn hạn
8540,141,SZA,Nobody Gets Me,12,132,30,9914450,False,-9,Trung bình,Dài hạn
8541,142,Travis Scott,HIGHEST IN THE ROOM,1,151,102,9863338,False,9,Trung bình,Dài hạn
8542,143,"Macklemore, Ryan Lewis, Macklemore & Ryan Lewis, Ray Dalton",Can't Hold Us (feat. Ray Dalton),86,154,137,9836457,False,11,Trung bình,Dài hạn
8543,144,Surf Curse,Disco,109,142,8,9822384,False,-2,Trung bình,Trung hạn
8544,145,"Daniel Caesar, H.E.R.",Best Part (feat. H.E.R.),110,164,21,9769952,False,19,Trung bình,Dài hạn
8545,146,Julión Álvarez y su Norteño Banda,Rey Sin Reina,57,126,6,9764719,False,-20,Trung bình,Trung hạn
8546,147,"David Guetta, OneRepublic",I Don't Wanna Wait,34,138,28,9708294,False,-9,Trung bình,Dài hạn
8547,148,Bruno Mars,Treasure,148,-1,1,9707722,True,-149,Trung bình,Ngắn hạn
8548,149,Alphaville,Forever Young,54,134,14,9690015,False,-15,Trung bình,Dài hạn
8549,150,Natasha Bedingfield,Unwritten,16,140,41,9649245,False,-10,Thấp,Dài hạn
8550,151,aespa,UP - KARINA Solo,151,-1,1,9645992,True,-152,Thấp,Ngắn hạn
8551,152,"Post Malone, Swae Lee",Sunflower - Spider-Man: Into the Spider-Verse,1,124,307,9631256,False,-28,Thấp,Dài hạn
8552,153,"Taylor Swift, Post Malone",Fortnight (feat. Post Malone),1,128,27,9620674,False,-25,Thấp,Dài hạn
8553,154,Michael Jackson,Billie Jean,140,155,5,9510028,False,1,Thấp,Trung hạn
8554,155,Imagine Dragons,Demons,111,149,100,9500548,False,-6,Thấp,Dài hạn
8555,156,"Zach Bryan, Kacey Musgraves",I Remember Everything (feat. Kacey Musgraves),20,116,61,9486200,False,-40,Thấp,Dài hạn
8556,157,"LISA, ROSALÍA",New Woman (feat. ROSALÍA),9,-1,9,9471146,True,-158,Thấp,Trung hạn
8557,158,Manuel Turizo,La Bachata,4,166,121,9463152,False,8,Thấp,Dài hạn
8558,159,Odetari,KEEP UP,75,104,6,9460592,False,-55,Thấp,Trung hạn
8559,160,"Coolio, L.V.",Gangsta's Paradise,40,153,90,9440557,False,-7,Thấp,Dài hạn
8560,161,"Maluma, Carin Leon",Según Quién,17,145,47,9433447,False,-16,Thấp,Dài hạn
8561,162,Miguel,Sure Thing,14,184,84,9432394,False,22,Thấp,Dài hạn
8562,163,"Victor Mendivil, Oscar Maydon",Mejores Jordans,163,196,2,9425643,False,33,Thấp,Ngắn hạn
8563,164,Imagine Dragons,Believer,16,146,398,9422999,False,-18,Thấp,Dài hạn
8564,165,d4vd,Romantic Homicide,17,182,103,9393736,False,17,Thấp,Dài hạn
8565,166,Billie Eilish,"What Was I Made For? [From The Motion Picture ""Barbie""]",3,130,67,9389073,False,-36,Thấp,Dài hạn
8566,167,TV Girl,Lovers Rock,100,162,70,9376308,False,-5,Thấp,Dài hạn
8567,168,Linkin Park,Faint,76,163,8,9360123,False,-5,Thấp,Trung hạn
8568,169,XXXTENTACION,Revenge,63,156,69,9358339,False,-13,Thấp,Dài hạn
8569,170,Tyla,Water,12,-1,54,9322564,True,-171,Thấp,Dài hạn
8570,171,Zach Bryan,Pink Skies,21,165,22,9315122,False,-6,Thấp,Dài hạn
8571,172,aespa,Whiplash,172,-1,1,9314026,True,-173,Thấp,Ngắn hạn
8572,173,Zach Bryan,Something in the Orange,57,173,94,9304539,False,0,Thấp,Dài hạn
8573,174,"Calle 24, Chino Pacas, Fuerza Regida",Que Onda,16,-1,45,9254019,True,-175,Thấp,Dài hạn
8574,175,Travis Scott,BUTTERFLY EFFECT,38,178,79,9244251,False,3,Thấp,Dài hạn
8575,176,"Drake, Wizkid, Kyla",One Dance,12,157,217,9225654,False,-19,Thấp,Dài hạn
8576,177,Capital Cities,Safe and Sound,177,-1,1,9203834,True,-178,Thấp,Ngắn hạn
8577,178,"Myke Towers, benny blanco",DEGENERE 👑 (feat. benny blanco),178,-1,1,9171805,True,-179,Thấp,Ngắn hạn
8578,179,Kapo,Ohnana,39,168,14,9141497,False,-11,Thấp,Dài hạn
8579,180,LE SSERAFIM,CRAZY,58,183,7,9131697,False,3,Thấp,Trung hạn
8580,181,Adele,Easy On Me,1,172,100,9127684,False,-9,Thấp,Dài hạn
8581,182,Tears For Fears,Everybody Wants To Rule The World,91,175,101,9118737,False,-7,Thấp,Dài hạn
8582,183,Steve Lacy,Dark Red,66,176,123,9099181,False,-7,Thấp,Dài hạn
8583,184,"Kendrick Lamar, SZA",All The Stars (with SZA),2,159,73,9097776,False,-25,Thấp,Dài hạn
8584,185,SZA,Saturn,17,150,35,9027525,False,-35,Thấp,Dài hạn
8585,186,Sabrina Carpenter,Feather,34,170,47,9004717,False,-16,Thấp,Dài hạn
8586,187,One Direction,You & I,187,-1,1,8991878,True,-188,Thấp,Ngắn hạn
8587,188,"KAROL G, Peso Pluma",QLONA,5,143,63,8984404,False,-45,Thấp,Dài hạn
8588,189,Michael Marcagi,Scared To Start,25,190,37,8982488,False,1,Thấp,Dài hạn
8589,190,Ed Sheeran,Photograph,41,186,162,8975301,False,-4,Thấp,Dài hạn
8590,191,Henrique & Juliano,Última Saudade - Ao Vivo,189,189,2,8972471,False,-2,Thấp,Ngắn hạn
8591,192,Eminem,The Real Slim Shady,51,158,127,8961424,False,-34,Thấp,Dài hạn
8592,193,KAROL G,AMARGURA,53,169,75,8960831,False,-24,Thấp,Dài hạn
8593,194,James Arthur,Say You Won't Let Go,7,195,329,8957385,False,1,Thấp,Dài hạn
8594,195,Fleetwood Mac,Dreams - 2004 Remaster,20,191,82,8919378,False,-4,Thấp,Dài hạn
8595,196,The Killers,Mr. Brightside,94,180,147,8908595,False,-16,Thấp,Dài hạn
8596,197,Lana Del Rey,Summertime Sadness,83,171,115,8900896,False,-26,Thấp,Dài hạn
8597,198,Eminem,Houdini,2,133,21,8899265,False,-65,Thấp,Dài hạn
8598,199,Surf Curse,Freaks,55,200,63,8885043,False,1,Thấp,Dài hạn
8599,200,"Maisak, Feid",SE ME OLVIDA,35,177,9,8879565,False,-23,Thấp,Trung hạn
8600,1,"ROSÉ, Bruno Mars",APT.,1,1,2,87041494,False,0,Rất cao,Ngắn hạn
8601,2,"Lady Gaga, Bruno Mars",Die With A Smile,1,2,11,75826536,False,0,Rất cao,Trung hạn
8602,3,Billie Eilish,BIRDS OF A FEATHER,1,3,24,49542558,False,0,Rất cao,Dài hạn
8603,4,Jimin,Who,1,4,15,41262730,False,0,Rất cao,Dài hạn
8604,5,"Oscar Maydon, Fuerza Regida",Tu Boda,5,5,4,40246472,False,0,Rất cao,Ngắn hạn
8605,6,Sabrina Carpenter,Taste,3,6,10,36354336,False,0,Rất cao,Trung hạn
8606,7,Sabrina Carpenter,Espresso,1,7,29,33211508,False,0,Rất cao,Dài hạn
8607,8,Gigi Perez,Sailor Song,8,10,11,31350441,False,2,Rất cao,Trung hạn
8608,9,"Tyler, The Creator",Noid,9,114,2,29980387,False,105,Rất cao,Ngắn hạn
8609,10,"Tyler, The Creator, Daniel Caesar",St. Chroma (feat. Daniel Caesar),10,-1,1,29514831,True,-11,Rất cao,Ngắn hạn
8610,11,Chappell Roan,"Good Luck, Babe!",6,9,29,29514015,False,-2,Rất cao,Dài hạn
8611,12,KAROL G,Si Antes Te Hubiera Conocido,5,12,19,26711464,False,0,Rất cao,Dài hạn
8612,13,One Direction,Night Changes,8,8,105,26259938,False,-5,Rất cao,Dài hạn
8613,14,LISA,Moonlit Floor (Kiss Me),13,13,4,26087224,False,-1,Rất cao,Ngắn hạn
8614,15,"The Weeknd, Playboi Carti",Timeless (feat Playboi Carti),3,14,5,25367776,False,-1,Rất cao,Trung hạn
8615,16,Gracie Abrams,That’s So True,16,55,2,25329405,False,39,Rất cao,Ngắn hạn
8616,17,Billie Eilish,WILDFLOWER,13,18,24,25326531,False,1,Rất cao,Dài hạn
8617,18,Benson Boone,Beautiful Things,1,16,41,24463805,False,-2,Rất cao,Dài hạn
8618,19,Sabrina Carpenter,Please Please Please,1,15,21,24424217,False,-4,Rất cao,Dài hạn
8619,20,"Tyler, The Creator",Rah Tah Tah,20,-1,1,23213440,True,-21,Rất cao,Ngắn hạn
8620,21,JENNIE,Mantra,11,11,3,23189300,False,-10,Rất cao,Ngắn hạn
8621,22,"Tyler, The Creator, Teezo Touchdown","Darling, I (feat. Teezo Touchdown)",22,-1,1,23104931,True,-23,Rất cao,Ngắn hạn
8622,23,Teddy Swims,Lose Control,5,19,51,21306196,False,-4,Rất cao,Dài hạn
8623,24,Sabrina Carpenter,Bed Chem,9,22,10,20281656,False,-2,Rất cao,Trung hạn
8624,25,"Tyler, The Creator, GloRilla, Sexyy Red, Lil Wayne","Sticky (feat. GloRilla, Sexyy Red & Lil Wayne)",25,-1,1,20172589,True,-26,Rất cao,Ngắn hạn
8625,26,The Neighbourhood,Sweater Weather,16,23,218,20086736,False,-3,Rất cao,Dài hạn
8626,27,Jin,I'll Be There,27,-1,1,20002131,True,-28,Rất cao,Ngắn hạn
8627,28,"Tyler, The Creator, Kali Uchis",See You Again (feat. Kali Uchis),16,32,88,19956372,False,4,Rất cao,Dài hạn
8628,29,Tito Double P,EL LOKERON,21,21,9,19905993,False,-8,Rất cao,Trung hạn
8629,30,Gracie Abrams,"I Love You, I'm Sorry",19,24,13,19603853,False,-6,Rất cao,Dài hạn
8630,31,Lady Gaga,Disease,31,-1,1,19427000,True,-32,Rất cao,Ngắn hạn
8631,32,Lord Huron,The Night We Met,15,26,106,19343961,False,-6,Rất cao,Dài hạn
8632,33,Addison Rae,Diet Pepsi,32,37,9,19011679,False,4,Rất cao,Trung hạn
8633,34,"Omar Courtz, De La Rose",Q U E V A S H A C E R H O Y ?,13,20,5,18748370,False,-14,Rất cao,Trung hạn
8634,35,Shaboozey,A Bar Song (Tipsy),6,25,29,18588629,False,-10,Rất cao,Dài hạn
8635,36,Arctic Monkeys,I Wanna Be Yours,15,29,121,18580446,False,-7,Rất cao,Dài hạn
8636,37,"Travis Scott, Playboi Carti",FE!N (feat. Playboi Carti),5,27,59,18436877,False,-10,Rất cao,Dài hạn
8637,38,"The Weeknd, JENNIE, Lily-Rose Depp","One Of The Girls (with JENNIE, Lily Rose Depp)",3,30,56,17952031,False,-8,Rất cao,Dài hạn
8638,39,"MC Tuto, DJ Glenner",Barbie,39,-1,1,17869916,True,-40,Rất cao,Ngắn hạn
8639,40,Hozier,Too Sweet,2,28,32,17798742,False,-12,Rất cao,Dài hạn
8640,41,Linkin Park,The Emptiness Machine,6,33,8,17689069,False,-8,Rất cao,Trung hạn
8641,42,"Tito Double P, Peso Pluma",DOS DÍAS,35,35,9,17614232,False,-7,Rất cao,Trung hạn
8642,43,One Direction,Story of My Life,17,17,4,17550688,False,-26,Rất cao,Ngắn hạn
8643,44,"Tyler, The Creator",Hey Jane,44,-1,1,16366077,True,-45,Rất cao,Ngắn hạn
8644,45,"Tyler, The Creator, ScHoolboy Q, Santigold",Thought I Was Dead (feat. ScHoolboy Q & Santigold),45,-1,1,16270479,True,-46,Rất cao,Ngắn hạn
8645,46,"Peso Pluma, Neton Vega",LA PATRULLA,33,34,19,16244687,False,-12,Rất cao,Dài hạn
8646,47,Ndotz,Embrace It,28,36,7,15994321,False,-11,Rất cao,Trung hạn
8647,48,"Post Malone, Morgan Wallen",I Had Some Help (Feat. Morgan Wallen),3,38,25,15921992,False,-10,Rất cao,Dài hạn
8648,49,"FloyyMenor, Cris Mj",Gata Only,3,40,38,15854553,False,-9,Rất cao,Dài hạn
8649,50,Artemas,i like the way you kiss me,1,47,32,15844858,False,-3,Rất cao,Dài hạn
8650,51,"Tito Double P, Chino Pacas",ESCAPATE,39,39,8,15687610,False,-12,Rất cao,Trung hạn
8651,52,Vance Joy,Riptide,30,44,194,15430598,False,-8,Rất cao,Dài hạn
8652,53,aespa,Whiplash,53,172,2,15391890,False,119,Rất cao,Ngắn hạn
8653,54,Ariana Grande,we can't be friends (wait for your love),1,41,34,15279664,False,-13,Rất cao,Dài hạn
8654,55,Djo,End of Beginning,3,42,37,15198124,False,-13,Rất cao,Dài hạn
8655,56,"Charli xcx, Billie Eilish",Guess featuring billie eilish,5,43,13,15165179,False,-13,Rất cao,Dài hạn
8656,57,The Kid LAROI,NIGHTS LIKE THIS,42,51,19,15052377,False,-6,Cao,Dài hạn
8657,58,"Tyler, The Creator",Judge Judy,58,-1,1,15039085,True,-59,Cao,Ngắn hạn
8658,59,SZA,Kill Bill,1,62,99,14919265,False,3,Cao,Dài hạn
8659,60,FloyyMenor,PELIGROSA,26,50,12,14900982,False,-10,Cao,Trung hạn
8660,61,"Tyler, The Creator, Daniel Caesar, LaToiya Williams",Take Your Mask Off (feat. Daniel Caesar & LaToiya Williams),61,-1,1,14827604,True,-62,Cao,Ngắn hạn
8661,62,"Tyler, The Creator",I Killed You,62,-1,1,14718542,True,-63,Cao,Ngắn hạn
8662,63,Chappell Roan,HOT TO GO!,22,45,20,14700051,False,-18,Cao,Dài hạn
8663,64,"Myke Towers, benny blanco",DEGENERE 👑 (feat. benny blanco),64,178,2,14590366,False,114,Cao,Ngắn hạn
8664,65,Taylor Swift,Cruel Summer,2,46,91,14580244,False,-19,Cao,Dài hạn
8665,66,Coldplay,Viva La Vida,31,61,114,14490328,False,-5,Cao,Dài hạn
8666,67,"Gabito Ballesteros, Natanael Cano, Luis R Conriquez, Neton Vega",Presidente,67,-1,1,14485769,True,-68,Cao,Ngắn hạn
8667,68,"Tyler, The Creator, Lola Young",Like Him (feat. Lola Young),68,-1,1,14348607,True,-69,Cao,Ngắn hạn
8668,69,Morgan Wallen,Love Somebody,31,31,2,14219951,False,-38,Cao,Ngắn hạn
8669,70,"Jung Kook, Latto",Seven (feat. Latto) (Explicit Ver.),1,52,68,14156747,False,-18,Cao,Dài hạn
8670,71,The Weeknd,Blinding Lights,1,81,257,14099286,False,10,Cao,Dài hạn
8671,72,The Goo Goo Dolls,Iris,40,58,61,14025015,False,-14,Cao,Dài hạn
8672,73,Tommy Richman,MILLION DOLLAR BABY,1,49,27,14005192,False,-24,Cao,Dài hạn
8673,74,Myles Smith,Stargazing,16,57,25,13949816,False,-17,Cao,Dài hạn
8674,75,Sabrina Carpenter,Juno,23,80,10,13413905,False,5,Cao,Trung hạn
8675,76,Linkin Park,In the End,22,72,64,13309412,False,-4,Cao,Dài hạn
8676,77,Shakira,Soltera,40,48,5,13263747,False,-29,Cao,Trung hạn
8677,78,Kendrick Lamar,Not Like Us,2,59,26,13251254,False,-19,Cao,Dài hạn
8678,79,Bruno Mars,It Will Rain,71,71,5,13186517,False,-8,Cao,Trung hạn
8679,80,"Feid, ATL Jacob",LUNA,9,64,47,13075276,False,-16,Cao,Dài hạn
8680,81,"The Weeknd, Daft Punk",Starboy,1,73,213,12919398,False,-8,Cao,Dài hạn
8681,82,"Tyler, The Creator",Tomorrow,82,-1,1,12877575,True,-83,Cao,Ngắn hạn
8682,83,Anuv Jain,Jo Tum Mere Ho,69,69,7,12742602,False,-14,Cao,Trung hạn
8683,84,Mitski,My Love Mine All Mine,3,63,58,12734498,False,-21,Cao,Dài hạn
8684,85,Tom Odell,Another Love,15,70,186,12597392,False,-15,Cao,Dài hạn
8685,86,Dasha,Austin (Boots Stop Workin'),20,67,34,12566929,False,-19,Cao,Dài hạn
8686,87,Benson Boone,Slow It Down,27,65,32,12560604,False,-22,Cao,Dài hạn
8687,88,The Walters,I Love You So,21,68,129,12493438,False,-20,Cao,Dài hạn
8688,89,"Cris Mj, FloyyMenor, LOUKI",Después De La 1,34,56,7,12436962,False,-33,Cao,Trung hạn
8689,90,Kapo,UWAIE,19,66,11,12397714,False,-24,Cao,Trung hạn
8690,91,Linkin Park,Numb,24,76,35,12362781,False,-15,Cao,Dài hạn
8691,92,*NSYNC,Bye Bye Bye - From Deadpool and Wolverine Soundtrack,10,74,14,12278989,False,-18,Cao,Dài hạn
8692,93,Junior H,Y LLORO,55,88,34,12227373,False,-5,Cao,Dài hạn
8693,94,Bruno Mars,When I Was Your Man,38,75,105,12169749,False,-19,Cao,Dài hạn
8694,95,Cigarettes After Sex,Apocalypse,68,82,120,12125511,False,-13,Cao,Dài hạn
8695,96,"Sevdaliza, Pabllo Vittar, Yseult",Alibi (with Pabllo Vittar & Yseult),12,79,18,12082407,False,-17,Cao,Dài hạn
8696,97,Bruno Mars,Just the Way You Are,39,84,95,12065369,False,-13,Cao,Dài hạn
8697,98,The Weeknd,Die For You,12,93,142,12062407,False,-5,Cao,Dài hạn
8698,99,Arctic Monkeys,505,43,89,147,12018454,False,-10,Cao,Dài hạn
8699,100,"Tyler, The Creator, Doechii",Balloon (feat. Doechii),100,-1,1,12014542,True,-101,Cao,Ngắn hạn
8700,101,Bruno Mars,Locked out of Heaven,32,77,125,11989764,False,-24,Cao,Dài hạn
8701,102,Miley Cyrus,Flowers,1,90,94,11860535,False,-12,Cao,Dài hạn
8702,103,Billie Eilish,CHIHIRO,5,83,24,11733475,False,-20,Cao,Dài hạn
8703,104,"Rvssian, Rauw Alejandro, Ayra Starr",Santa,14,86,28,11724629,False,-18,Cao,Dài hạn
8704,105,"Luis R Conriquez, Neton Vega",Si No Quieres No,28,92,29,11656200,False,-13,Cao,Dài hạn
8705,106,Ray Parker Jr.,Ghostbusters,106,-1,3,11655453,True,-107,Cao,Ngắn hạn
8706,107,V,Love Me Again,11,99,64,11629507,False,-8,Cao,Dài hạn
8707,108,Coldplay,Yellow,19,91,202,11475763,False,-17,Cao,Dài hạn
8708,109,Harry Styles,As It Was,1,85,135,11423308,False,-24,Cao,Dài hạn
8709,110,Don Toliver,NEW DROP,110,113,5,11417363,False,3,Cao,Trung hạn
8710,111,KATSEYE,Touch,78,78,9,11350986,False,-33,Cao,Trung hạn
8711,112,"Blessd, Ovy On The Drums",Mírame,38,103,18,11319766,False,-9,Cao,Dài hạn
8712,113,Fuerza Regida,NEL,54,54,12,11305296,False,-59,Cao,Trung hạn
8713,114,Frank Ocean,Pink + White,67,96,76,11209667,False,-18,Trung bình,Dài hạn
8714,115,girl in red,we fell in love in october,51,98,22,11206355,False,-17,Trung bình,Dài hạn
8715,116,Jung Kook,Standing Next to You,1,120,51,11200741,False,4,Trung bình,Dài hạn
8716,117,"Adam Port, Stryv, Keinemusik, Orso, Malachiii",Move,19,94,20,11138628,False,-23,Trung bình,Dài hạn
8717,118,Linkin Park,Heavy Is the Crown,15,104,6,11047654,False,-14,Trung bình,Trung hạn
8718,119,Noah Kahan,Stick Season,6,87,56,10988870,False,-32,Trung bình,Dài hạn
8719,120,"The Chainsmokers, Coldplay",Something Just Like This,2,100,231,10968208,False,-20,Trung bình,Dài hạn
8720,121,SZA,Snooze,27,106,88,10956629,False,-15,Trung bình,Dài hạn
8721,122,Bruno Mars,Treasure,122,148,2,10893288,False,26,Trung bình,Ngắn hạn
8722,123,Eminem,Without Me,31,101,162,10890486,False,-22,Trung bình,Dài hạn
8723,124,Sabrina Carpenter,Nonsense,17,102,93,10884529,False,-22,Trung bình,Dài hạn
8724,125,"Tito Double P, Grupo Frontera",AY MAMÁ,107,107,3,10786393,False,-18,Trung bình,Ngắn hạn
8725,126,Hotel Ugly,Shut up My Moms Calling,78,97,95,10749602,False,-29,Trung bình,Dài hạn
8726,127,Journey,Don't Stop Believin' (2022 Remaster),89,111,35,10698919,False,-16,Trung bình,Dài hạn
8727,128,Eminem,Mockingbird,24,105,95,10698095,False,-23,Trung bình,Dài hạn
8728,129,Travis Scott,goosebumps,13,118,264,10669823,False,-11,Trung bình,Dài hạn
8729,130,Radiohead,Creep,110,119,49,10652738,False,-11,Trung bình,Dài hạn
8730,131,Michael Jackson,Thriller,90,-1,7,10597355,True,-132,Trung bình,Trung hạn
8731,132,Lewis Capaldi,Someone You Loved,4,109,303,10584404,False,-23,Trung bình,Dài hạn
8732,133,Mark Ambor,Belong Together,19,124,31,10564090,False,-9,Trung bình,Dài hạn
8733,134,The Police,Every Breath You Take,77,116,151,10454910,False,-18,Trung bình,Dài hạn
8734,135,One Direction,Perfect,53,53,2,10423027,False,-82,Trung bình,Ngắn hạn
8735,136,"Tyler, The Creator",I Hope You Find Your Way Home,136,-1,1,10391924,True,-137,Trung bình,Ngắn hạn
8736,137,Coldplay,Sparks,90,117,21,10383630,False,-20,Trung bình,Dài hạn
8737,138,"Bobby ""Boris"" Pickett, The Crypt-Kickers",Monster Mash,138,-1,2,10375285,True,-139,Trung bình,Ngắn hạn
8738,139,Ed Sheeran,Shape of You,1,121,338,10299784,False,-18,Trung bình,Dài hạn
8739,140,Teddy Swims,The Door,115,115,10,10295794,False,-25,Trung bình,Trung hạn
8740,141,Ed Sheeran,Perfect,4,133,370,10287082,False,-8,Trung bình,Dài hạn
8741,142,Ruth B.,Dandelions,34,138,156,10209315,False,-4,Trung bình,Dài hạn
8742,143,"Billie Eilish, Khalid",lovely (with Khalid),24,112,341,10178459,False,-31,Trung bình,Dài hạn
8743,144,Sabrina Carpenter,Good Graces,11,128,10,10149225,False,-16,Trung bình,Trung hạn
8744,145,"Charlie Puth, Selena Gomez",We Don't Talk Anymore (feat. Selena Gomez),39,131,56,10126618,False,-14,Trung bình,Dài hạn
8745,146,Gunna,one of wun,56,122,20,10030407,False,-24,Trung bình,Dài hạn
8746,147,"W Sound, Blessd, Ovy On The Drums",Soltera - W Sound 01,147,-1,1,10000148,True,-148,Trung bình,Ngắn hạn
8747,148,OneRepublic,Counting Stars,86,136,185,9967163,False,-12,Trung bình,Dài hạn
8748,149,Hozier,Take Me To Church,108,127,165,9965953,False,-22,Trung bình,Dài hạn
8749,150,Julión Álvarez y su Norteño Banda,Rey Sin Reina,57,146,7,9953337,False,-4,Trung bình,Trung hạn
8750,151,Chappell Roan,Pink Pony Club,64,110,18,9921161,False,-41,Trung bình,Dài hạn
8751,152,Tate McRae,greedy,1,130,59,9920010,False,-22,Trung bình,Dài hạn
8752,153,Jordan Adetunji,KEHLANI,36,125,19,9894527,False,-28,Trung bình,Dài hạn
8753,154,Cris Mj,SI NO ES CONTIGO,33,126,23,9858186,False,-28,Trung bình,Dài hạn
8754,155,The Citizens of Halloween,This Is Halloween,119,-1,3,9823051,True,-156,Trung bình,Ngắn hạn
8755,156,"The Kid LAROI, Justin Bieber",STAY (with Justin Bieber),1,134,164,9816114,False,-22,Trung bình,Dài hạn
8756,157,Coldplay,A Sky Full of Stars,83,137,23,9798156,False,-20,Trung bình,Dài hạn
8757,158,Bruno Mars,That's What I Like,6,132,116,9789800,False,-26,Trung bình,Dài hạn
8758,159,Michael Jackson,Billie Jean,140,154,6,9731284,False,-5,Trung bình,Trung hạn
8759,160,"Maluma, Carin Leon",Según Quién,17,161,48,9706818,False,1,Trung bình,Dài hạn
8760,161,SZA,Nobody Gets Me,12,141,31,9700588,False,-20,Trung bình,Dài hạn
8761,162,Travis Scott,HIGHEST IN THE ROOM,1,142,103,9697065,False,-20,Trung bình,Dài hạn
8762,163,Creepy Nuts,オトノケ - Otonoke,140,140,3,9672799,False,-23,Trung bình,Ngắn hạn
8763,164,"Post Malone, Swae Lee",Sunflower - Spider-Man: Into the Spider-Verse,1,152,308,9670699,False,-12,Thấp,Dài hạn
8764,165,Keane,Somewhere Only We Know,80,139,103,9652272,False,-26,Thấp,Dài hạn
8765,166,Billie Eilish,LUNCH,1,108,24,9638831,False,-58,Thấp,Dài hạn
8766,167,"Hanumankind, Kalmi",Big Dawgs,7,123,14,9637202,False,-44,Thấp,Dài hạn
8767,168,Junior H,PIÉNSALO,129,129,3,9629960,False,-39,Thấp,Ngắn hạn
8768,169,Imagine Dragons,Believer,16,164,399,9615210,False,-5,Thấp,Dài hạn
8769,170,Manuel Turizo,La Bachata,4,158,122,9545737,False,-12,Thấp,Dài hạn
8770,171,Travis Scott,BUTTERFLY EFFECT,38,175,80,9534163,False,4,Thấp,Dài hạn
8771,172,TV Girl,Lovers Rock,100,167,71,9517235,False,-5,Thấp,Dài hạn
8772,173,Linkin Park,Faint,76,168,9,9512488,False,-5,Thấp,Trung hạn
8773,174,Alphaville,Forever Young,54,149,15,9499103,False,-25,Thấp,Dài hạn
8774,175,"Drake, Wizkid, Kyla",One Dance,12,176,218,9485578,False,1,Thấp,Dài hạn
8775,176,"Taylor Swift, Post Malone",Fortnight (feat. Post Malone),1,153,28,9473168,False,-23,Thấp,Dài hạn
8776,177,"Daniel Caesar, H.E.R.",Best Part (feat. H.E.R.),110,145,22,9439928,False,-32,Thấp,Dài hạn
8777,178,"Zach Bryan, Kacey Musgraves",I Remember Everything (feat. Kacey Musgraves),20,156,62,9409167,False,-22,Thấp,Dài hạn
8778,179,"Macklemore, Ryan Lewis, Macklemore & Ryan Lewis, Ray Dalton",Can't Hold Us (feat. Ray Dalton),86,143,138,9373217,False,-36,Thấp,Dài hạn
8779,180,Adele,Easy On Me,1,181,101,9372026,False,1,Thấp,Dài hạn
8780,181,One Direction,What Makes You Beautiful,60,60,4,9234204,False,-121,Thấp,Ngắn hạn
8781,182,Natasha Bedingfield,Unwritten,16,150,42,9230173,False,-32,Thấp,Dài hạn
8782,183,"French Montana, Swae Lee",Unforgettable,3,135,113,9212114,False,-48,Thấp,Dài hạn
8783,184,"Tyler, The Creator",BEST INTEREST,184,-1,1,9197638,True,-185,Thấp,Ngắn hạn
8784,185,"Coolio, L.V.",Gangsta's Paradise,40,160,91,9172773,False,-25,Thấp,Dài hạn
8785,186,Coldplay,The Scientist,122,-1,37,9172617,True,-187,Thấp,Dài hạn
8786,187,AC/DC,Highway to Hell,149,-1,21,9166878,True,-188,Thấp,Dài hạn
8787,188,Alec Benjamin,Let Me Down Slowly,27,-1,81,9079380,True,-189,Thấp,Dài hạn
8788,189,"David Guetta, Bebe Rexha",I'm Good (Blue),2,-1,113,9064505,True,-190,Thấp,Dài hạn
8789,190,XXXTENTACION,Revenge,63,169,70,9051057,False,-21,Thấp,Dài hạn
8790,191,Miguel,Sure Thing,14,162,85,9046248,False,-29,Thấp,Dài hạn
8791,192,d4vd,Romantic Homicide,17,165,104,9037164,False,-27,Thấp,Dài hạn
8792,193,Capital Cities,Safe and Sound,177,177,2,9032914,False,-16,Thấp,Ngắn hạn
8793,194,"David Guetta, OneRepublic",I Don't Wanna Wait,34,147,29,9026276,False,-47,Thấp,Dài hạn
8794,195,Britney Spears,Toxic,195,-1,1,9023039,True,-196,Thấp,Ngắn hạn
8795,196,Ed Sheeran,Photograph,41,190,163,9014012,False,-6,Thấp,Dài hạn
8796,197,Surf Curse,Disco,109,144,9,9009117,False,-53,Thấp,Trung hạn
8797,198,The Outfield,Your Love,134,-1,25,9004426,True,-199,Thấp,Dài hạn
8798,199,"Calle 24, Chino Pacas, Fuerza Regida",Que Onda,16,174,46,8995512,False,-25,Thấp,Dài hạn
8799,200,Lana Del Rey,Summertime Sadness,83,197,116,8907027,False,-3,Thấp,Dài hạn
8800,1,"Lady Gaga, Bruno Mars",Die With A Smile,1,2,12,72120205,False,1,Rất cao,Trung hạn
8801,2,"ROSÉ, Bruno Mars",APT.,1,1,3,70266435,False,-1,Rất cao,Ngắn hạn
8802,3,Billie Eilish,BIRDS OF A FEATHER,1,3,25,47221820,False,0,Rất cao,Dài hạn
8803,4,Jimin,Who,1,4,16,39989340,False,0,Rất cao,Dài hạn
8804,5,"Oscar Maydon, Fuerza Regida",Tu Boda,5,5,5,36996607,False,0,Rất cao,Trung hạn
8805,6,Sabrina Carpenter,Taste,3,6,11,33315300,False,0,Rất cao,Trung hạn
8806,7,Gracie Abrams,That’s So True,7,16,3,32502042,False,9,Rất cao,Ngắn hạn
8807,8,Gigi Perez,Sailor Song,8,8,12,30756602,False,0,Rất cao,Trung hạn
8808,9,Sabrina Carpenter,Espresso,1,7,30,30202647,False,-2,Rất cao,Dài hạn
8809,10,Chappell Roan,"Good Luck, Babe!",6,11,30,27322436,False,1,Rất cao,Dài hạn
8810,11,"Tyler, The Creator, Daniel Caesar",St. Chroma (feat. Daniel Caesar),10,10,2,26793580,False,-1,Rất cao,Ngắn hạn
8811,12,Billie Eilish,WILDFLOWER,12,17,25,25718137,False,5,Rất cao,Dài hạn
8812,13,"The Weeknd, Anitta",São Paulo (feat. Anitta),13,-1,1,25712767,True,-14,Rất cao,Ngắn hạn
8813,14,KAROL G,Si Antes Te Hubiera Conocido,5,12,20,24659645,False,-2,Rất cao,Dài hạn
8814,15,"The Weeknd, Playboi Carti",Timeless (feat Playboi Carti),3,15,6,23745262,False,0,Rất cao,Trung hạn
8815,16,Benson Boone,Beautiful Things,1,18,42,23453414,False,2,Rất cao,Dài hạn
8816,17,Sabrina Carpenter,Please Please Please,1,19,22,22508756,False,2,Rất cao,Dài hạn
8817,18,LISA,Moonlit Floor (Kiss Me),13,14,5,20965853,False,-4,Rất cao,Trung hạn
8818,19,The Neighbourhood,Sweater Weather,16,26,219,20236117,False,7,Rất cao,Dài hạn
8819,20,"Tyler, The Creator, GloRilla, Sexyy Red, Lil Wayne","Sticky (feat. GloRilla, Sexyy Red & Lil Wayne)",20,25,2,20086016,False,5,Rất cao,Ngắn hạn
8820,21,Lord Huron,The Night We Met,15,32,107,19955558,False,11,Rất cao,Dài hạn
8821,22,Teddy Swims,Lose Control,5,23,52,19645897,False,1,Rất cao,Dài hạn
8822,23,One Direction,Night Changes,8,13,106,19484779,False,-10,Rất cao,Dài hạn
8823,24,Gracie Abrams,"I Love You, I'm Sorry",19,30,14,19090379,False,6,Rất cao,Dài hạn
8824,25,"Tyler, The Creator, Teezo Touchdown","Darling, I (feat. Teezo Touchdown)",22,22,2,19074724,False,-3,Rất cao,Ngắn hạn
8825,26,Arctic Monkeys,I Wanna Be Yours,15,36,122,18941238,False,10,Rất cao,Dài hạn
8826,27,Bruno Mars,Locked out of Heaven,27,101,126,18851393,False,74,Rất cao,Dài hạn
8827,28,Tito Double P,EL LOKERON,21,29,10,18720997,False,1,Rất cao,Trung hạn
8828,29,"Tyler, The Creator, Kali Uchis",See You Again (feat. Kali Uchis),16,28,89,18584413,False,-1,Rất cao,Dài hạn
8829,30,Sabrina Carpenter,Bed Chem,9,24,11,18408498,False,-6,Rất cao,Trung hạn
8830,31,JENNIE,Mantra,11,21,4,18275475,False,-10,Rất cao,Ngắn hạn
8831,32,Coldplay,Yellow,19,108,203,17946301,False,76,Rất cao,Dài hạn
8832,33,"Tito Double P, Peso Pluma",DOS DÍAS,33,42,10,17655057,False,9,Rất cao,Trung hạn
8833,34,"The Weeknd, JENNIE, Lily-Rose Depp","One Of The Girls (with JENNIE, Lily Rose Depp)",3,38,57,17538634,False,4,Rất cao,Dài hạn
8834,35,Bruno Mars,That's What I Like,6,158,117,17481667,False,123,Rất cao,Dài hạn
8835,36,"Tyler, The Creator",Rah Tah Tah,20,20,2,17394389,False,-16,Rất cao,Ngắn hạn
8836,37,Shaboozey,A Bar Song (Tipsy),6,35,30,17347503,False,-2,Rất cao,Dài hạn
8837,38,Bruno Mars,Just the Way You Are,38,97,96,17073636,False,59,Rất cao,Dài hạn
8838,39,Hozier,Too Sweet,2,40,33,16657289,False,1,Rất cao,Dài hạn
8839,40,Linkin Park,The Emptiness Machine,6,41,9,16611328,False,1,Rất cao,Trung hạn
8840,41,"MC Tuto, DJ Glenner",Barbie,39,39,2,16547228,False,-2,Rất cao,Ngắn hạn
8841,42,"Tyler, The Creator, Lola Young",Like Him (feat. Lola Young),42,68,2,16476447,False,26,Rất cao,Ngắn hạn
8842,43,"Travis Scott, Playboi Carti",FE!N (feat. Playboi Carti),5,37,60,16362291,False,-6,Rất cao,Dài hạn
8843,44,"Omar Courtz, De La Rose",Q U E V A S H A C E R H O Y ?,13,34,6,16327493,False,-10,Rất cao,Trung hạn
8844,45,"Tyler, The Creator",Noid,9,9,3,16001979,False,-36,Rất cao,Ngắn hạn
8845,46,"Myke Towers, benny blanco",DEGENERE 👑 (feat. benny blanco),46,64,3,15547493,False,18,Rất cao,Ngắn hạn
8846,47,"Gabito Ballesteros, Natanael Cano, Luis R Conriquez, Neton Vega",Presidente,47,67,2,15327577,False,20,Rất cao,Ngắn hạn
8847,48,Djo,End of Beginning,3,55,38,15192852,False,7,Rất cao,Dài hạn
8848,49,Lady Gaga,Disease,31,31,2,14866876,False,-18,Cao,Ngắn hạn
8849,50,"Peso Pluma, Neton Vega",LA PATRULLA,33,46,20,14666356,False,-4,Cao,Dài hạn
8850,51,Ariana Grande,we can't be friends (wait for your love),1,54,35,14664337,False,3,Cao,Dài hạn
8851,52,Artemas,i like the way you kiss me,1,50,33,14618230,False,-2,Cao,Dài hạn
8852,53,"Tito Double P, Chino Pacas",ESCAPATE,39,51,9,14589267,False,-2,Cao,Trung hạn
8853,54,Vance Joy,Riptide,30,52,195,14554144,False,-2,Cao,Dài hạn
8854,55,"Post Malone, Morgan Wallen",I Had Some Help (Feat. Morgan Wallen),3,48,26,14513076,False,-7,Cao,Dài hạn
8855,56,The Kid LAROI,NIGHTS LIKE THIS,42,57,20,14472051,False,1,Cao,Dài hạn
8856,57,"FloyyMenor, Cris Mj",Gata Only,3,49,39,14442715,False,-8,Cao,Dài hạn
8857,58,Taylor Swift,Cruel Summer,2,65,92,14185019,False,7,Cao,Dài hạn
8858,59,The Goo Goo Dolls,Iris,40,72,62,14022946,False,13,Cao,Dài hạn
8859,60,Addison Rae,Diet Pepsi,32,33,10,13866023,False,-27,Cao,Trung hạn
8860,61,SZA,Kill Bill,1,59,100,13759016,False,-2,Cao,Dài hạn
8861,62,Chappell Roan,HOT TO GO!,22,63,21,13755203,False,1,Cao,Dài hạn
8862,63,Ndotz,Embrace It,28,47,8,13748775,False,-16,Cao,Trung hạn
8863,64,"Tyler, The Creator, ScHoolboy Q, Santigold",Thought I Was Dead (feat. ScHoolboy Q & Santigold),45,45,2,13588714,False,-19,Cao,Ngắn hạn
8864,65,"Jung Kook, Latto",Seven (feat. Latto) (Explicit Ver.),1,70,69,13365213,False,5,Cao,Dài hạn
8865,66,FloyyMenor,PELIGROSA,26,60,13,13314081,False,-6,Cao,Dài hạn
8866,67,Myles Smith,Stargazing,16,74,26,13292349,False,7,Cao,Dài hạn
8867,68,Linkin Park,In the End,22,76,65,13273230,False,8,Cao,Dài hạn
8868,69,aespa,Whiplash,53,53,3,13089636,False,-16,Cao,Ngắn hạn
8869,70,The Weeknd,Blinding Lights,1,71,258,13082554,False,1,Cao,Dài hạn
8870,71,Jin,I'll Be There,27,27,2,12953830,False,-44,Cao,Ngắn hạn
8871,72,Tom Odell,Another Love,15,85,187,12944247,False,13,Cao,Dài hạn
8872,73,Mitski,My Love Mine All Mine,3,84,59,12915598,False,11,Cao,Dài hạn
8873,74,"The Weeknd, Daft Punk",Starboy,1,81,214,12889383,False,7,Cao,Dài hạn
8874,75,Tommy Richman,MILLION DOLLAR BABY,1,73,28,12777948,False,-2,Cao,Dài hạn
8875,76,Linkin Park,Numb,24,91,36,12639218,False,15,Cao,Dài hạn
8876,77,Cigarettes After Sex,Apocalypse,68,95,121,12583524,False,18,Cao,Dài hạn
8877,78,One Direction,Story of My Life,17,43,5,12579633,False,-35,Cao,Trung hạn
8878,79,"Feid, ATL Jacob",LUNA,9,80,48,12501082,False,1,Cao,Dài hạn
8879,80,Arctic Monkeys,505,43,99,148,12470383,False,19,Cao,Dài hạn
8880,81,Sabrina Carpenter,Juno,23,75,11,12465112,False,-6,Cao,Trung hạn
8881,82,"Charli xcx, Billie Eilish",Guess featuring billie eilish,5,56,14,12340395,False,-26,Cao,Dài hạn
8882,83,The Walters,I Love You So,21,88,130,12088944,False,5,Cao,Dài hạn
8883,84,Kendrick Lamar,Not Like Us,2,78,27,12021949,False,-6,Cao,Dài hạn
8884,85,V,Love Me Again,11,107,65,11788134,False,22,Cao,Dài hạn
8885,86,Billie Eilish,CHIHIRO,5,103,25,11776215,False,17,Cao,Dài hạn
8886,87,Benson Boone,Slow It Down,27,87,33,11755020,False,0,Cao,Dài hạn
8887,88,Anuv Jain,Jo Tum Mere Ho,69,83,8,11728205,False,-5,Cao,Trung hạn
8888,89,Dasha,Austin (Boots Stop Workin'),20,86,35,11609312,False,-3,Cao,Dài hạn
8889,90,Bruno Mars,When I Was Your Man,38,94,106,11588887,False,4,Cao,Dài hạn
8890,91,The Weeknd,Die For You,12,98,143,11582397,False,7,Cao,Dài hạn
8891,92,*NSYNC,Bye Bye Bye - From Deadpool and Wolverine Soundtrack,10,92,15,11507205,False,0,Cao,Dài hạn
8892,93,Frank Ocean,Pink + White,67,114,77,11424109,False,21,Cao,Dài hạn
8893,94,Junior H,Y LLORO,55,93,35,11414492,False,-1,Cao,Dài hạn
8894,95,Don Toliver,NEW DROP,95,110,6,11400347,False,15,Cao,Trung hạn
8895,96,Shakira,Soltera,40,77,6,11350504,False,-19,Cao,Trung hạn
8896,97,Miley Cyrus,Flowers,1,102,95,11296449,False,5,Cao,Dài hạn
8897,98,Kapo,UWAIE,19,90,12,11288470,False,-8,Cao,Trung hạn
8898,99,"The Chainsmokers, Coldplay",Something Just Like This,2,120,232,11288116,False,21,Cao,Dài hạn
8899,100,Mariah Carey,All I Want for Christmas Is You,1,-1,58,11279139,True,-101,Cao,Dài hạn
8900,101,"Rvssian, Rauw Alejandro, Ayra Starr",Santa,14,104,29,11222743,False,3,Trung bình,Dài hạn
8901,102,Linkin Park,Heavy Is the Crown,15,118,7,11133581,False,16,Trung bình,Trung hạn
8902,103,"Sevdaliza, Pabllo Vittar, Yseult",Alibi (with Pabllo Vittar & Yseult),12,96,19,11099205,False,-7,Trung bình,Dài hạn
8903,104,Fuerza Regida,NEL,54,113,13,11060489,False,9,Trung bình,Dài hạn
8904,105,Morgan Wallen,Love Somebody,31,69,3,11043718,False,-36,Trung bình,Ngắn hạn
8905,106,"Cris Mj, FloyyMenor, LOUKI",Después De La 1,34,89,8,11017105,False,-17,Trung bình,Trung hạn
8906,107,"Tito Double P, Grupo Frontera",AY MAMÁ,107,125,4,10969388,False,18,Trung bình,Ngắn hạn
8907,108,"Duki, Myke Towers",Nueva Era,108,-1,1,10834706,True,-109,Trung bình,Ngắn hạn
8908,109,"Luis R Conriquez, Neton Vega",Si No Quieres No,28,105,30,10726597,False,-4,Trung bình,Dài hạn
8909,110,Harry Styles,As It Was,1,109,136,10704411,False,-1,Trung bình,Dài hạn
8910,111,Noah Kahan,Stick Season,6,119,57,10688337,False,8,Trung bình,Dài hạn
8911,112,Coldplay,Viva La Vida,31,66,115,10665491,False,-46,Trung bình,Dài hạn
8912,113,One Direction,What Makes You Beautiful,60,181,5,10644250,False,68,Trung bình,Trung hạn
8913,114,Radiohead,Creep,110,130,50,10631967,False,16,Trung bình,Dài hạn
8914,115,Eminem,Without Me,31,123,163,10577842,False,8,Trung bình,Dài hạn
8915,116,SZA,Snooze,27,121,89,10560463,False,5,Trung bình,Dài hạn
8916,117,Jung Kook,Standing Next to You,1,116,52,10559661,False,-1,Trung bình,Dài hạn
8917,118,Ed Sheeran,Perfect,4,141,371,10492815,False,23,Trung bình,Dài hạn
8918,119,Hotel Ugly,Shut up My Moms Calling,78,126,96,10469331,False,7,Trung bình,Dài hạn
8919,120,Ed Sheeran,Shape of You,1,139,339,10419942,False,19,Trung bình,Dài hạn
8920,121,"Blessd, Ovy On The Drums",Mírame,38,112,19,10413120,False,-9,Trung bình,Dài hạn
8921,122,Mark Ambor,Belong Together,19,133,32,10324699,False,11,Trung bình,Dài hạn
8922,123,The Police,Every Breath You Take,77,134,152,10309429,False,11,Trung bình,Dài hạn
8923,124,Journey,Don't Stop Believin' (2022 Remaster),89,127,36,10287780,False,3,Trung bình,Dài hạn
8924,125,"Tyler, The Creator, Daniel Caesar, LaToiya Williams",Take Your Mask Off (feat. Daniel Caesar & LaToiya Williams),61,61,2,10208400,False,-64,Trung bình,Ngắn hạn
8925,126,Travis Scott,goosebumps,13,129,265,10202326,False,3,Trung bình,Dài hạn
8926,127,girl in red,we fell in love in october,51,115,23,10126342,False,-12,Trung bình,Dài hạn
8927,128,Lewis Capaldi,Someone You Loved,4,132,304,10122837,False,4,Trung bình,Dài hạn
8928,129,KATSEYE,Touch,78,111,10,10102755,False,-18,Trung bình,Trung hạn
8929,130,Sabrina Carpenter,Nonsense,17,124,94,10098679,False,-6,Trung bình,Dài hạn
8930,131,Michael Jackson,Billie Jean,131,159,7,10066664,False,28,Trung bình,Trung hạn
8931,132,Eminem,Mockingbird,24,128,96,10030428,False,-4,Trung bình,Dài hạn
8932,133,Keane,Somewhere Only We Know,80,165,104,10024394,False,32,Trung bình,Dài hạn
8933,134,"The Kid LAROI, Justin Bieber",STAY (with Justin Bieber),1,156,165,9998329,False,22,Trung bình,Dài hạn
8934,135,"Billie Eilish, Khalid",lovely (with Khalid),24,143,342,9996159,False,8,Trung bình,Dài hạn
8935,136,Wham!,Last Christmas - Single Version,2,-1,52,9923635,True,-137,Trung bình,Dài hạn
8936,137,"Adam Port, Stryv, Keinemusik, Orso, Malachiii",Move,19,117,21,9914068,False,-20,Trung bình,Dài hạn
8937,138,"Tyler, The Creator",Hey Jane,44,44,2,9899240,False,-94,Trung bình,Ngắn hạn
8938,139,OneRepublic,Counting Stars,86,148,186,9876484,False,9,Trung bình,Dài hạn
8939,140,"Tyler, The Creator",Judge Judy,58,58,2,9873439,False,-82,Trung bình,Ngắn hạn
8940,141,Chappell Roan,Pink Pony Club,64,151,19,9854330,False,10,Trung bình,Dài hạn
8941,142,Ruth B.,Dandelions,34,142,157,9823177,False,0,Trung bình,Dài hạn
8942,143,Hozier,Take Me To Church,108,149,166,9760070,False,6,Trung bình,Dài hạn
8943,144,"Tyler, The Creator, Doechii",Balloon (feat. Doechii),100,100,2,9593916,False,-44,Thấp,Ngắn hạn
8944,145,Teddy Swims,The Door,115,140,11,9543300,False,-5,Thấp,Trung hạn
8945,146,Travis Scott,HIGHEST IN THE ROOM,1,162,104,9479937,False,16,Thấp,Dài hạn
8946,147,TV Girl,Lovers Rock,100,172,72,9441645,False,25,Thấp,Dài hạn
8947,148,"Daniel Caesar, H.E.R.",Best Part (feat. H.E.R.),110,177,23,9410785,False,29,Thấp,Dài hạn
8948,149,BABYMONSTER,DRIP,149,-1,1,9359733,True,-150,Thấp,Ngắn hạn
8949,150,Junior H,PIÉNSALO,129,168,4,9329921,False,18,Thấp,Ngắn hạn
8950,151,"Macklemore, Ryan Lewis, Macklemore & Ryan Lewis, Ray Dalton",Can't Hold Us (feat. Ray Dalton),86,179,139,9282021,False,28,Thấp,Dài hạn
8951,152,Tate McRae,greedy,1,152,60,9281989,False,0,Thấp,Dài hạn
8952,153,Teddy Swims,Bad Dreams,153,-1,1,9276735,True,-154,Thấp,Ngắn hạn
8953,154,Bruno Mars,Grenade,154,-1,1,9240867,True,-155,Thấp,Ngắn hạn
8954,155,Creepy Nuts,オトノケ - Otonoke,140,163,4,9218786,False,8,Thấp,Ngắn hạn
8955,156,Natasha Bedingfield,Unwritten,16,182,43,9217831,False,26,Thấp,Dài hạn
8956,157,SZA,Nobody Gets Me,12,161,32,9203631,False,4,Thấp,Dài hạn
8957,158,AC/DC,Highway to Hell,149,187,22,9168182,False,29,Thấp,Dài hạn
8958,159,Alphaville,Forever Young,54,174,16,9162657,False,15,Thấp,Dài hạn
8959,160,"Zach Bryan, Kacey Musgraves",I Remember Everything (feat. Kacey Musgraves),20,178,63,9137156,False,18,Thấp,Dài hạn
8960,161,Sabrina Carpenter,Good Graces,11,144,11,9131315,False,-17,Thấp,Trung hạn
8961,162,"Natanael Cano, Oscar Maydon",Madonna,18,-1,30,9127998,True,-163,Thấp,Dài hạn
8962,163,"Post Malone, Swae Lee",Sunflower - Spider-Man: Into the Spider-Verse,1,164,309,9118879,False,1,Thấp,Dài hạn
8963,164,Imagine Dragons,Believer,16,169,400,9115040,False,5,Thấp,Dài hạn
8964,165,Ed Sheeran,Photograph,41,196,164,9068829,False,31,Thấp,Dài hạn
8965,166,"W Sound, Blessd, Ovy On The Drums",Soltera - W Sound 01,147,147,2,9064081,False,-19,Thấp,Ngắn hạn
8966,167,Billie Eilish,"What Was I Made For? [From The Motion Picture ""Barbie""]",3,-1,68,9038855,True,-168,Thấp,Dài hạn
8967,168,Julión Álvarez y su Norteño Banda,Rey Sin Reina,57,150,8,9019241,False,-18,Thấp,Trung hạn
8968,169,Billie Eilish,LUNCH,1,166,25,8996362,False,-3,Thấp,Dài hạn
8969,170,Adele,Easy On Me,1,180,102,8969827,False,10,Thấp,Dài hạn
8970,171,Cigarettes After Sex,Cry,171,-1,1,8966145,True,-172,Thấp,Ngắn hạn
8971,172,"Tyler, The Creator",I Killed You,62,62,2,8939298,False,-110,Thấp,Ngắn hạn
8972,173,"Coolio, L.V.",Gangsta's Paradise,40,185,92,8934050,False,12,Thấp,Dài hạn
8973,174,Miguel,Sure Thing,14,191,86,8932970,False,17,Thấp,Dài hạn
8974,175,Steve Lacy,Dark Red,66,-1,124,8922865,True,-176,Thấp,Dài hạn
8975,176,Linkin Park,Faint,76,173,10,8914745,False,-3,Thấp,Trung hạn
8976,177,James Arthur,Say You Won't Let Go,7,-1,330,8890415,True,-178,Thấp,Dài hạn
8977,178,d4vd,Romantic Homicide,17,192,105,8888949,False,14,Thấp,Dài hạn
8978,179,"French Montana, Swae Lee",Unforgettable,3,183,114,8877789,False,4,Thấp,Dài hạn
8979,180,"Drake, Wizkid, Kyla",One Dance,12,175,219,8856257,False,-5,Thấp,Dài hạn
8980,181,"Taylor Swift, Post Malone",Fortnight (feat. Post Malone),1,176,29,8830338,False,-5,Thấp,Dài hạn
8981,182,XXXTENTACION,Revenge,63,190,71,8820281,False,8,Thấp,Dài hạn
8982,183,Richy Mitch & The Coal Miners,Evergreen,40,-1,39,8777924,True,-184,Thấp,Dài hạn
8983,184,"Maluma, Carin Leon",Según Quién,17,160,49,8769497,False,-24,Thấp,Dài hạn
8984,185,Gunna,one of wun,56,146,21,8749278,False,-39,Thấp,Dài hạn
8985,186,"David Guetta, Bebe Rexha",I'm Good (Blue),2,189,114,8739013,False,3,Thấp,Dài hạn
8986,187,Surf Curse,Freaks,55,-1,64,8700375,True,-188,Thấp,Dài hạn
8987,188,Tears For Fears,Everybody Wants To Rule The World,91,-1,102,8698338,True,-189,Thấp,Dài hạn
8988,189,Imagine Dragons,Demons,111,-1,101,8676859,True,-190,Thấp,Dài hạn
8989,190,Cris Mj,SI NO ES CONTIGO,33,154,24,8646226,False,-36,Thấp,Dài hạn
8990,191,Adele,Set Fire to the Rain,61,-1,79,8556546,True,-192,Thấp,Dài hạn
8991,192,Gracie Abrams,"I miss you, I’m sorry",192,-1,1,8534847,True,-193,Thấp,Ngắn hạn
8992,193,Fleetwood Mac,Dreams - 2004 Remaster,20,-1,83,8530114,True,-194,Thấp,Dài hạn
8993,194,The Killers,Mr. Brightside,94,-1,148,8528912,True,-195,Thấp,Dài hạn
8994,195,Lana Del Rey,Summertime Sadness,83,200,117,8502490,False,5,Thấp,Dài hạn
8995,196,Arctic Monkeys,Why'd You Only Call Me When You're High?,95,-1,124,8495556,True,-197,Thấp,Dài hạn
8996,197,"Hanumankind, Kalmi",Big Dawgs,7,167,15,8494162,False,-30,Thấp,Dài hạn
8997,198,"Kendrick Lamar, SZA",All The Stars (with SZA),2,-1,74,8436355,True,-199,Thấp,Dài hạn
8998,199,Adele,Skyfall,152,-1,10,8420283,True,-200,Thấp,Trung hạn
8999,200,"The Chainsmokers, Halsey",Closer,2,-1,181,8418007,True,-201,Thấp,Dài hạn
9000,1,"Lady Gaga, Bruno Mars",Die With A Smile,1,1,13,73477197,False,0,Rất cao,Dài hạn
9001,2,"ROSÉ, Bruno Mars",APT.,1,2,4,65943960,False,0,Rất cao,Ngắn hạn
9002,3,Billie Eilish,BIRDS OF A FEATHER,1,3,26,47864739,False,0,Rất cao,Dài hạn
9003,4,Jimin,Who,1,4,17,42991877,False,0,Rất cao,Dài hạn
9004,5,Gracie Abrams,That’s So True,5,7,4,42803359,False,2,Rất cao,Ngắn hạn
9005,6,"Oscar Maydon, Fuerza Regida",Tu Boda,5,5,6,36506683,False,-1,Rất cao,Trung hạn
9006,7,Gigi Perez,Sailor Song,7,8,13,32953798,False,1,Rất cao,Dài hạn
9007,8,Sabrina Carpenter,Taste,3,6,12,32909746,False,-2,Rất cao,Trung hạn
9008,9,Sabrina Carpenter,Espresso,1,9,31,30208859,False,0,Rất cao,Dài hạn
9009,10,Billie Eilish,WILDFLOWER,10,12,26,28980233,False,2,Rất cao,Dài hạn
9010,11,Chappell Roan,"Good Luck, Babe!",6,10,31,27438425,False,-1,Rất cao,Dài hạn
9011,12,KAROL G,Si Antes Te Hubiera Conocido,5,14,21,25075659,False,2,Rất cao,Dài hạn
9012,13,"The Weeknd, Playboi Carti",Timeless (feat Playboi Carti),3,15,7,24768997,False,2,Rất cao,Trung hạn
9013,14,Benson Boone,Beautiful Things,1,16,43,24097358,False,2,Rất cao,Dài hạn
9014,15,Sabrina Carpenter,Please Please Please,1,17,23,22035591,False,2,Rất cao,Dài hạn
9015,16,Gracie Abrams,"I Love You, I'm Sorry",16,24,15,20789740,False,8,Rất cao,Dài hạn
9016,17,Teddy Swims,Lose Control,5,22,53,20510667,False,5,Rất cao,Dài hạn
9017,18,Bruno Mars,That's What I Like,6,35,118,20048449,False,17,Rất cao,Dài hạn
9018,19,The Neighbourhood,Sweater Weather,16,19,220,19952743,False,0,Rất cao,Dài hạn
9019,20,Arctic Monkeys,I Wanna Be Yours,15,26,123,19501915,False,6,Rất cao,Dài hạn
9020,21,"KAROL G, Feid, DFZM, Ovy On The Drums, J Balvin, Maluma, Ryan Castro, Blessd",+57,21,-1,1,19407399,True,-22,Rất cao,Ngắn hạn
9021,22,"Tyler, The Creator, Daniel Caesar",St. Chroma (feat. Daniel Caesar),10,11,3,19108960,False,-11,Rất cao,Ngắn hạn
9022,23,Bruno Mars,Locked out of Heaven,23,27,127,19098304,False,4,Rất cao,Dài hạn
9023,24,Lord Huron,The Night We Met,15,21,108,18885262,False,-3,Rất cao,Dài hạn
9024,25,Coldplay,Yellow,19,32,204,18351707,False,7,Rất cao,Dài hạn
9025,26,Tito Double P,EL LOKERON,21,28,11,18045807,False,2,Rất cao,Trung hạn
9026,27,Shaboozey,A Bar Song (Tipsy),6,37,31,17868383,False,10,Rất cao,Dài hạn
9027,28,LISA,Moonlit Floor (Kiss Me),13,18,6,17852771,False,-10,Rất cao,Trung hạn
9028,29,"Tyler, The Creator, Kali Uchis",See You Again (feat. Kali Uchis),16,29,90,17801235,False,0,Rất cao,Dài hạn
9029,30,"The Weeknd, JENNIE, Lily-Rose Depp","One Of The Girls (with JENNIE, Lily Rose Depp)",3,34,58,17786439,False,4,Rất cao,Dài hạn
9030,31,"Tito Double P, Peso Pluma",DOS DÍAS,31,33,11,17782086,False,2,Rất cao,Trung hạn
9031,32,Sabrina Carpenter,Bed Chem,9,30,12,17759455,False,-2,Rất cao,Trung hạn
9032,33,Linkin Park,The Emptiness Machine,6,40,10,17489641,False,7,Rất cao,Trung hạn
9033,34,Bruno Mars,Just the Way You Are,34,38,97,17193802,False,4,Rất cao,Dài hạn
9034,35,"Omar Courtz, De La Rose",Q U E V A S H A C E R H O Y ?,13,44,7,17005833,False,9,Rất cao,Trung hạn
9035,36,"The Weeknd, Anitta",São Paulo (feat. Anitta),13,13,2,16795161,False,-23,Rất cao,Ngắn hạn
9036,37,Hozier,Too Sweet,2,39,34,16794902,False,2,Rất cao,Dài hạn
9037,38,"Myke Towers, benny blanco",DEGENERE 👑 (feat. benny blanco),38,46,4,16427399,False,8,Rất cao,Ngắn hạn
9038,39,JENNIE,Mantra,11,31,5,16154911,False,-8,Rất cao,Trung hạn
9039,40,One Direction,Night Changes,8,23,107,16123904,False,-17,Rất cao,Dài hạn
9040,41,Ariana Grande,we can't be friends (wait for your love),1,51,36,15699467,False,10,Rất cao,Dài hạn
9041,42,Djo,End of Beginning,3,48,39,15558527,False,6,Rất cao,Dài hạn
9042,43,"Travis Scott, Playboi Carti",FE!N (feat. Playboi Carti),5,43,61,15547486,False,0,Rất cao,Dài hạn
9043,44,"Gabito Ballesteros, Natanael Cano, Luis R Conriquez, Neton Vega",Presidente,44,47,3,15490068,False,3,Rất cao,Ngắn hạn
9044,45,The Goo Goo Dolls,Iris,40,59,63,15458028,False,14,Rất cao,Dài hạn
9045,46,"MC Tuto, DJ Glenner",Barbie,39,41,3,15358047,False,-5,Rất cao,Ngắn hạn
9046,47,"Tyler, The Creator, GloRilla, Sexyy Red, Lil Wayne","Sticky (feat. GloRilla, Sexyy Red & Lil Wayne)",20,20,3,15038213,False,-27,Cao,Ngắn hạn
9047,48,Mariah Carey,All I Want for Christmas Is You,1,100,59,14796703,False,52,Cao,Dài hạn
9048,49,Artemas,i like the way you kiss me,1,52,34,14631200,False,3,Cao,Dài hạn
9049,50,The Kid LAROI,NIGHTS LIKE THIS,42,56,21,14587489,False,6,Cao,Dài hạn
9050,51,Vance Joy,Riptide,30,54,196,14479014,False,3,Cao,Dài hạn
9051,52,Fuerza Regida,NEL,52,104,14,14471257,False,52,Cao,Dài hạn
9052,53,"Post Malone, Morgan Wallen",I Had Some Help (Feat. Morgan Wallen),3,55,27,14469684,False,2,Cao,Dài hạn
9053,54,Linkin Park,In the End,22,68,66,14457470,False,14,Cao,Dài hạn
9054,55,"FloyyMenor, Cris Mj",Gata Only,3,57,40,14274818,False,2,Cao,Dài hạn
9055,56,Mitski,My Love Mine All Mine,3,73,60,14083475,False,17,Cao,Dài hạn
9056,57,Chappell Roan,HOT TO GO!,22,62,22,13963138,False,5,Cao,Dài hạn
9057,58,Taylor Swift,Cruel Summer,2,58,93,13877373,False,0,Cao,Dài hạn
9058,59,Wham!,Last Christmas - Single Version,2,136,53,13711333,False,77,Cao,Dài hạn
9059,60,"Feid, ATL Jacob",LUNA,9,79,49,13574441,False,19,Cao,Dài hạn
9060,61,Myles Smith,Stargazing,16,67,27,13469567,False,6,Cao,Dài hạn
9061,62,Cigarettes After Sex,Apocalypse,62,77,122,13385982,False,15,Cao,Dài hạn
9062,63,Ndotz,Embrace It,28,63,9,13324894,False,0,Cao,Trung hạn
9063,64,Billie Eilish,CHIHIRO,5,86,26,13291615,False,22,Cao,Dài hạn
9064,65,V,Love Me Again,11,85,66,13211991,False,20,Cao,Dài hạn
9065,66,Tom Odell,Another Love,15,72,188,13208735,False,6,Cao,Dài hạn
9066,67,"Tito Double P, Chino Pacas",ESCAPATE,39,53,10,13103317,False,-14,Cao,Trung hạn
9067,68,"Tyler, The Creator, Teezo Touchdown","Darling, I (feat. Teezo Touchdown)",22,25,3,13082611,False,-43,Cao,Ngắn hạn
9068,69,"Tyler, The Creator, Lola Young",Like Him (feat. Lola Young),42,42,3,13030980,False,-27,Cao,Ngắn hạn
9069,70,"Peso Pluma, Neton Vega",LA PATRULLA,33,50,21,12828108,False,-20,Cao,Dài hạn
9070,71,SZA,Kill Bill,1,61,101,12758880,False,-10,Cao,Dài hạn
9071,72,Arctic Monkeys,505,43,80,149,12711585,False,8,Cao,Dài hạn
9072,73,Addison Rae,Diet Pepsi,32,60,11,12709606,False,-13,Cao,Trung hạn
9073,74,"The Weeknd, Daft Punk",Starboy,1,74,215,12659380,False,0,Cao,Dài hạn
9074,75,"Jung Kook, Latto",Seven (feat. Latto) (Explicit Ver.),1,65,70,12617756,False,-10,Cao,Dài hạn
9075,76,Tommy Richman,MILLION DOLLAR BABY,1,75,29,12529119,False,-1,Cao,Dài hạn
9076,77,"Charli xcx, Billie Eilish",Guess featuring billie eilish,5,82,15,12410361,False,5,Cao,Dài hạn
9077,78,Sabrina Carpenter,Juno,23,81,12,12234495,False,3,Cao,Trung hạn
9078,79,Linkin Park,Numb,24,76,37,12034364,False,-3,Cao,Dài hạn
9079,80,Frank Ocean,Pink + White,67,93,78,12011921,False,13,Cao,Dài hạn
9080,81,FloyyMenor,PELIGROSA,26,66,14,11987066,False,-15,Cao,Dài hạn
9081,82,Kendrick Lamar,Not Like Us,2,84,28,11940083,False,2,Cao,Dài hạn
9082,83,Dasha,Austin (Boots Stop Workin'),20,89,36,11878139,False,6,Cao,Dài hạn
9083,84,aespa,Whiplash,53,69,4,11740620,False,-15,Cao,Ngắn hạn
9084,85,Linkin Park,Heavy Is the Crown,15,102,8,11737727,False,17,Cao,Trung hạn
9085,86,Bruno Mars,When I Was Your Man,38,90,107,11690581,False,4,Cao,Dài hạn
9086,87,Anuv Jain,Jo Tum Mere Ho,69,88,9,11666215,False,1,Cao,Trung hạn
9087,88,Miley Cyrus,Flowers,1,97,96,11657360,False,9,Cao,Dài hạn
9088,89,"The Chainsmokers, Coldplay",Something Just Like This,2,99,233,11642253,False,10,Cao,Dài hạn
9089,90,Noah Kahan,Stick Season,6,111,58,11553247,False,21,Cao,Dài hạn
9090,91,"Tyler, The Creator",Rah Tah Tah,20,36,3,11542759,False,-55,Cao,Ngắn hạn
9091,92,Shakira,Soltera,40,96,7,11532549,False,4,Cao,Trung hạn
9092,93,The Weeknd,Blinding Lights,1,70,259,11500866,False,-23,Cao,Dài hạn
9093,94,Teddy Swims,Bad Dreams,94,153,2,11397382,False,59,Cao,Ngắn hạn
9094,95,Benson Boone,Slow It Down,27,87,34,11375064,False,-8,Cao,Dài hạn
9095,96,Ed Sheeran,Shape of You,1,120,340,11327815,False,24,Cao,Dài hạn
9096,97,The Weeknd,Die For You,12,91,144,11291320,False,-6,Cao,Dài hạn
9097,98,Kapo,UWAIE,19,98,13,11272932,False,0,Cao,Dài hạn
9098,99,"Cris Mj, FloyyMenor, LOUKI",Después De La 1,34,106,9,11233990,False,7,Trung bình,Trung hạn
9099,100,*NSYNC,Bye Bye Bye - From Deadpool and Wolverine Soundtrack,10,92,16,11231167,False,-8,Trung bình,Dài hạn
9100,101,Jin,I'll Be There,27,71,3,11198722,False,-30,Trung bình,Ngắn hạn
9101,102,Lady Gaga,Disease,31,49,3,11116815,False,-53,Trung bình,Ngắn hạn
9102,103,Eminem,Without Me,31,115,164,11039977,False,12,Trung bình,Dài hạn
9103,104,Don Toliver,NEW DROP,95,95,7,11035867,False,-9,Trung bình,Trung hạn
9104,105,Morgan Wallen,Love Somebody,31,105,4,10967715,False,0,Trung bình,Ngắn hạn
9105,106,Harry Styles,As It Was,1,110,137,10955377,False,4,Trung bình,Dài hạn
9106,107,"Sevdaliza, Pabllo Vittar, Yseult",Alibi (with Pabllo Vittar & Yseult),12,103,20,10954733,False,-4,Trung bình,Dài hạn
9107,108,One Direction,Story of My Life,17,78,6,10915771,False,-30,Trung bình,Trung hạn
9108,109,Ed Sheeran,Perfect,4,118,372,10880754,False,9,Trung bình,Dài hạn
9109,110,Radiohead,Creep,110,114,51,10768775,False,4,Trung bình,Dài hạn
9110,111,Coldplay,Viva La Vida,31,112,116,10702998,False,1,Trung bình,Dài hạn
9111,112,"Billie Eilish, Khalid",lovely (with Khalid),24,135,343,10700182,False,23,Trung bình,Dài hạn
9112,113,Chappell Roan,Pink Pony Club,64,141,20,10674283,False,28,Trung bình,Dài hạn
9113,114,Hozier,Take Me To Church,108,143,167,10612754,False,29,Trung bình,Dài hạn
9114,115,Lewis Capaldi,Someone You Loved,4,128,305,10608323,False,13,Trung bình,Dài hạn
9115,116,"Duki, Myke Towers",Nueva Era,108,108,2,10520503,False,-8,Trung bình,Ngắn hạn
9116,117,The Police,Every Breath You Take,77,123,153,10498105,False,6,Trung bình,Dài hạn
9117,118,"Ryan Castro, Peso Pluma, SOG",QUEMA,118,-1,10,10468655,True,-119,Trung bình,Trung hạn
9118,119,"Rvssian, Rauw Alejandro, Ayra Starr",Santa,14,101,30,10419736,False,-18,Trung bình,Dài hạn
9119,120,OneRepublic,Counting Stars,86,139,187,10411917,False,19,Trung bình,Dài hạn
9120,121,"Tito Double P, Grupo Frontera",AY MAMÁ,107,107,5,10360450,False,-14,Trung bình,Trung hạn
9121,122,Teddy Swims,The Door,115,145,12,10321085,False,23,Trung bình,Trung hạn
9122,123,Keane,Somewhere Only We Know,80,133,105,10282948,False,10,Trung bình,Dài hạn
9123,124,Travis Scott,goosebumps,13,126,266,10261988,False,2,Trung bình,Dài hạn
9124,125,James Arthur,Say You Won't Let Go,7,177,331,10222683,False,52,Trung bình,Dài hạn
9125,126,Eminem,Mockingbird,24,132,97,10222438,False,6,Trung bình,Dài hạn
9126,127,BABYMONSTER,DRIP,127,149,2,10201566,False,22,Trung bình,Ngắn hạn
9127,128,SZA,Snooze,27,116,90,10191908,False,-12,Trung bình,Dài hạn
9128,129,Hotel Ugly,Shut up My Moms Calling,78,119,97,10151941,False,-10,Trung bình,Dài hạn
9129,130,Sabrina Carpenter,Nonsense,17,130,95,10136915,False,0,Trung bình,Dài hạn
9130,131,The Walters,I Love You So,21,83,131,10134553,False,-48,Trung bình,Dài hạn
9131,132,"Post Malone, Swae Lee",Sunflower - Spider-Man: Into the Spider-Verse,1,163,310,10097129,False,31,Trung bình,Dài hạn
9132,133,Mark Ambor,Belong Together,19,122,33,10065049,False,-11,Trung bình,Dài hạn
9133,134,"The Kid LAROI, Justin Bieber",STAY (with Justin Bieber),1,134,166,9974767,False,0,Trung bình,Dài hạn
9134,135,Tate McRae,greedy,1,152,61,9953641,False,17,Trung bình,Dài hạn
9135,136,Imagine Dragons,Believer,16,164,401,9860370,False,28,Trung bình,Dài hạn
9136,137,"Adam Port, Stryv, Keinemusik, Orso, Malachiii",Move,19,137,22,9763399,False,0,Trung bình,Dài hạn
9137,138,Creepy Nuts,オトノケ - Otonoke,138,155,5,9732230,False,17,Trung bình,Trung hạn
9138,139,One Direction,What Makes You Beautiful,60,113,6,9717229,False,-26,Trung bình,Trung hạn
9139,140,Arctic Monkeys,No. 1 Party Anthem,140,-1,1,9685715,True,-141,Trung bình,Ngắn hạn
9140,141,TV Girl,Lovers Rock,100,147,73,9655468,False,6,Thấp,Dài hạn
9141,142,Cigarettes After Sex,Cry,142,171,2,9648438,False,29,Thấp,Ngắn hạn
9142,143,Bruno Mars,Grenade,143,154,2,9634353,False,11,Thấp,Ngắn hạn
9143,144,Ed Sheeran,Photograph,41,165,165,9608066,False,21,Thấp,Dài hạn
9144,145,"Zach Bryan, Kacey Musgraves",I Remember Everything (feat. Kacey Musgraves),20,160,64,9602691,False,15,Thấp,Dài hạn
9145,146,Journey,Don't Stop Believin' (2022 Remaster),89,124,37,9601783,False,-22,Thấp,Dài hạn
9146,147,Travis Scott,HIGHEST IN THE ROOM,1,146,105,9566711,False,-1,Thấp,Dài hạn
9147,148,Brenda Lee,Rockin' Around The Christmas Tree,3,-1,45,9561847,True,-149,Thấp,Dài hạn
9148,149,"Macklemore, Ryan Lewis, Macklemore & Ryan Lewis, Ray Dalton",Can't Hold Us (feat. Ray Dalton),86,151,140,9551928,False,2,Thấp,Dài hạn
9149,150,Steve Lacy,Dark Red,66,175,125,9517514,False,25,Thấp,Dài hạn
9150,151,Gorillaz,Feel Good Inc.,151,-1,3,9471478,True,-152,Thấp,Ngắn hạn
9151,152,KATSEYE,Touch,78,129,11,9459353,False,-23,Thấp,Trung hạn
9152,153,The Marías,No One Noticed,153,-1,1,9441505,True,-154,Thấp,Ngắn hạn
9153,154,"Drake, Wizkid, Kyla",One Dance,12,180,220,9434747,False,26,Thấp,Dài hạn
9154,155,"Natanael Cano, Oscar Maydon",Madonna,18,162,31,9404631,False,7,Thấp,Dài hạn
9155,156,Ruth B.,Dandelions,34,142,158,9397277,False,-14,Thấp,Dài hạn
9156,157,"Coolio, L.V.",Gangsta's Paradise,40,173,93,9364172,False,16,Thấp,Dài hạn
9157,158,Alphaville,Forever Young,54,159,17,9348208,False,1,Thấp,Dài hạn
9158,159,Billie Eilish,LUNCH,1,169,26,9318716,False,10,Thấp,Dài hạn
9159,160,Billie Eilish,"What Was I Made For? [From The Motion Picture ""Barbie""]",3,167,69,9316455,False,7,Thấp,Dài hạn
9160,161,Michael Jackson,Billie Jean,131,131,8,9315060,False,-30,Thấp,Trung hạn
9161,162,Julión Álvarez y su Norteño Banda,Rey Sin Reina,57,168,9,9273306,False,6,Thấp,Trung hạn
9162,163,Adele,Easy On Me,1,170,103,9232687,False,7,Thấp,Dài hạn
9163,164,d4vd,Romantic Homicide,17,178,106,9173557,False,14,Thấp,Dài hạn
9164,165,"Tyler, The Creator",Noid,9,45,4,9155088,False,-120,Thấp,Ngắn hạn
9165,166,"Taylor Swift, Post Malone",Fortnight (feat. Post Malone),1,181,30,9075575,False,15,Thấp,Dài hạn
9166,167,"Kendrick Lamar, SZA",All The Stars (with SZA),2,198,75,9059903,False,31,Thấp,Dài hạn
9167,168,"Tyler, The Creator, ScHoolboy Q, Santigold",Thought I Was Dead (feat. ScHoolboy Q & Santigold),45,64,3,9047484,False,-104,Thấp,Ngắn hạn
9168,169,Natasha Bedingfield,Unwritten,16,156,44,9038799,False,-13,Thấp,Dài hạn
9169,170,Gracie Abrams,Close To You,60,-1,6,8985718,True,-171,Thấp,Trung hạn
9170,171,"The Chainsmokers, Halsey",Closer,2,200,182,8953466,False,29,Thấp,Dài hạn
9171,172,girl in red,we fell in love in october,51,127,24,8939370,False,-45,Thấp,Dài hạn
9172,173,"Daniel Caesar, H.E.R.",Best Part (feat. H.E.R.),110,148,24,8902393,False,-25,Thấp,Dài hạn
9173,174,"Grupo Frontera, Grupo Firme",EL AMOR DE SU VIDA,47,-1,35,8877153,True,-175,Thấp,Dài hạn
9174,175,Don Toliver,No Pole,175,-1,1,8869990,True,-176,Thấp,Ngắn hạn
9175,176,Gracie Abrams,"I miss you, I’m sorry",176,192,2,8866258,False,16,Thấp,Ngắn hạn
9176,177,Tears For Fears,Everybody Wants To Rule The World,91,188,103,8852753,False,11,Thấp,Dài hạn
9177,178,Cris Mj,SI NO ES CONTIGO,33,190,25,8845894,False,12,Thấp,Dài hạn
9178,179,Richy Mitch & The Coal Miners,Evergreen,40,183,40,8837597,False,4,Thấp,Dài hạn
9179,180,"David Guetta, Bebe Rexha",I'm Good (Blue),2,186,115,8806123,False,6,Thấp,Dài hạn
9180,181,Gunna,on one tonight,181,-1,1,8776175,True,-182,Thấp,Ngắn hạn
9181,182,Sabrina Carpenter,Good Graces,11,161,12,8765034,False,-21,Thấp,Trung hạn
9182,183,Zach Bryan,Something in the Orange,57,-1,95,8756223,True,-184,Thấp,Dài hạn
9183,184,AC/DC,Highway to Hell,149,158,23,8754067,False,-26,Thấp,Dài hạn
9184,185,Miguel,Sure Thing,14,174,87,8748800,False,-11,Thấp,Dài hạn
9185,186,Lil Tecca,Ransom,3,-1,61,8747350,True,-187,Thấp,Dài hạn
9186,187,Zach Bryan,Pink Skies,21,-1,23,8725950,True,-188,Thấp,Dài hạn
9187,188,Lana Del Rey,Summertime Sadness,83,195,118,8725670,False,7,Thấp,Dài hạn
9188,189,Bobby Helms,Jingle Bell Rock,4,-1,44,8712411,True,-190,Thấp,Dài hạn
9189,190,Tyla,Water,12,-1,55,8699739,True,-191,Thấp,Dài hạn
9190,191,"Blessd, Ovy On The Drums",Mírame,38,121,20,8693161,False,-70,Thấp,Dài hạn
9191,192,"Maroon 5, Wiz Khalifa",Payphone,70,-1,52,8678285,True,-193,Thấp,Dài hạn
9192,193,Ariana Grande,Santa Tell Me,3,-1,45,8672931,True,-194,Thấp,Dài hạn
9193,194,Junior H,PIÉNSALO,129,150,5,8667309,False,-44,Thấp,Trung hạn
9194,195,Billie Eilish,ocean eyes,101,-1,75,8664105,True,-196,Thấp,Dài hạn
9195,196,Jung Kook,Standing Next to You,1,117,53,8661350,False,-79,Thấp,Dài hạn
9196,197,Adele,Set Fire to the Rain,61,191,80,8652501,False,-6,Thấp,Dài hạn
9197,198,Fleetwood Mac,Dreams - 2004 Remaster,20,193,84,8641907,False,-5,Thấp,Dài hạn
9198,199,Imagine Dragons,Demons,111,189,102,8627148,False,-10,Thấp,Dài hạn
9199,200,Eminem,The Real Slim Shady,51,-1,128,8594112,True,-201,Thấp,Dài hạn
9200,1,"Lady Gaga, Bruno Mars",Die With A Smile,1,1,14,65902590,False,0,Rất cao,Dài hạn
9201,2,"ROSÉ, Bruno Mars",APT.,1,2,5,60465463,False,0,Rất cao,Trung hạn
9202,3,Billie Eilish,BIRDS OF A FEATHER,1,3,27,46417128,False,0,Rất cao,Dài hạn
9203,4,Gracie Abrams,That’s So True,4,5,5,43012178,False,1,Rất cao,Trung hạn
9204,5,Jimin,Who,1,4,18,36829835,False,-1,Rất cao,Dài hạn
9205,6,"Oscar Maydon, Fuerza Regida",Tu Boda,5,6,7,32754759,False,0,Rất cao,Trung hạn
9206,7,Gigi Perez,Sailor Song,7,7,14,32369051,False,0,Rất cao,Dài hạn
9207,8,Sabrina Carpenter,Taste,3,8,13,31899267,False,0,Rất cao,Dài hạn
9208,9,Billie Eilish,WILDFLOWER,9,10,27,29628804,False,1,Rất cao,Dài hạn
9209,10,Jin,Running Wild,10,-1,1,28837721,True,-11,Rất cao,Ngắn hạn
9210,11,Sabrina Carpenter,Espresso,1,9,32,28276638,False,-2,Rất cao,Dài hạn
9211,12,Chappell Roan,"Good Luck, Babe!",6,11,32,25931646,False,-1,Rất cao,Dài hạn
9212,13,"The Weeknd, Playboi Carti",Timeless (feat Playboi Carti),3,13,8,25006928,False,0,Rất cao,Trung hạn
9213,14,Linkin Park,The Emptiness Machine,6,33,11,24986833,False,19,Rất cao,Trung hạn
9214,15,KAROL G,Si Antes Te Hubiera Conocido,5,12,22,23990650,False,-3,Rất cao,Dài hạn
9215,16,Benson Boone,Beautiful Things,1,14,44,23354657,False,-2,Rất cao,Dài hạn
9216,17,"Rauw Alejandro, Bad Bunny",Qué Pasaría...,17,-1,1,22853613,True,-18,Rất cao,Ngắn hạn
9217,18,Sabrina Carpenter,Please Please Please,1,15,24,21416198,False,-3,Rất cao,Dài hạn
9218,19,Gracie Abrams,"I Love You, I'm Sorry",16,16,16,21365195,False,-3,Rất cao,Dài hạn
9219,20,Mariah Carey,All I Want for Christmas Is You,1,48,60,21363813,False,28,Rất cao,Dài hạn
9220,21,Lord Huron,The Night We Met,15,24,109,20956562,False,3,Rất cao,Dài hạn
9221,22,Teddy Swims,Lose Control,5,17,54,20097253,False,-5,Rất cao,Dài hạn
9222,23,The Neighbourhood,Sweater Weather,16,19,221,20047394,False,-4,Rất cao,Dài hạn
9223,24,"Tyler, The Creator, Kali Uchis",See You Again (feat. Kali Uchis),16,29,91,19833638,False,5,Rất cao,Dài hạn
9224,25,Arctic Monkeys,I Wanna Be Yours,15,20,124,19712499,False,-5,Rất cao,Dài hạn
9225,26,Wham!,Last Christmas - Single Version,2,59,54,19555376,False,33,Rất cao,Dài hạn
9226,27,Bruno Mars,That's What I Like,6,18,119,19464144,False,-9,Rất cao,Dài hạn
9227,28,Linkin Park,Heavy Is the Crown,15,85,9,19043538,False,57,Rất cao,Trung hạn
9228,29,Bruno Mars,Locked out of Heaven,23,23,128,18212349,False,-6,Rất cao,Dài hạn
9229,30,Coldplay,Yellow,19,25,205,17784927,False,-5,Rất cao,Dài hạn
9230,31,Sabrina Carpenter,Bed Chem,9,32,13,17622802,False,1,Rất cao,Dài hạn
9231,32,"The Weeknd, JENNIE, Lily-Rose Depp","One Of The Girls (with JENNIE, Lily Rose Depp)",3,30,59,17378480,False,-2,Rất cao,Dài hạn
9232,33,One Direction,Night Changes,8,40,108,17314794,False,7,Rất cao,Dài hạn
9233,34,Bruno Mars,Just the Way You Are,34,34,98,17162239,False,0,Rất cao,Dài hạn
9234,35,"Tyler, The Creator, GloRilla, Sexyy Red, Lil Wayne","Sticky (feat. GloRilla, Sexyy Red & Lil Wayne)",20,47,4,17029813,False,12,Rất cao,Ngắn hạn
9235,36,Shaboozey,A Bar Song (Tipsy),6,27,32,16983157,False,-9,Rất cao,Dài hạn
9236,37,Linkin Park,Two Faced,37,-1,1,16819222,True,-38,Rất cao,Ngắn hạn
9237,38,Tito Double P,EL LOKERON,21,26,12,16678479,False,-12,Rất cao,Trung hạn
9238,39,"Tito Double P, Peso Pluma",DOS DÍAS,31,31,12,16595523,False,-8,Rất cao,Trung hạn
9239,40,"KAROL G, Feid, DFZM, Ovy On The Drums, J Balvin, Maluma, Ryan Castro, Blessd",+57,21,21,2,16341250,False,-19,Rất cao,Ngắn hạn
9240,41,The Kid LAROI,NIGHTS LIKE THIS,41,50,22,16263546,False,9,Rất cao,Dài hạn
9241,42,"Rauw Alejandro, Romeo Santos",Khé?,42,-1,1,16186837,True,-43,Rất cao,Ngắn hạn
9242,43,Jin,I’ll Be There,27,101,4,16073621,False,58,Rất cao,Ngắn hạn
9243,44,Hozier,Too Sweet,2,37,35,15675029,False,-7,Rất cao,Dài hạn
9244,45,Vance Joy,Riptide,30,51,197,15541896,False,6,Rất cao,Dài hạn
9245,46,Linkin Park,In the End,22,54,67,15373140,False,8,Rất cao,Dài hạn
9246,47,"Omar Courtz, De La Rose",Q U E V A S H A C E R H O Y ?,13,35,8,15368177,False,-12,Rất cao,Trung hạn
9247,48,Ariana Grande,we can't be friends (wait for your love),1,41,37,15332143,False,-7,Rất cao,Dài hạn
9248,49,"Tyler, The Creator, Daniel Caesar",St. Chroma (feat. Daniel Caesar),10,22,4,15304418,False,-27,Rất cao,Ngắn hạn
9249,50,The Goo Goo Dolls,Iris,40,45,64,15284044,False,-5,Rất cao,Dài hạn
9250,51,"Gabito Ballesteros, Natanael Cano, Luis R Conriquez, Neton Vega",Presidente,44,44,4,15156207,False,-7,Rất cao,Ngắn hạn
9251,52,Djo,End of Beginning,3,42,40,15139427,False,-10,Rất cao,Dài hạn
9252,53,"Tyler, The Creator, Lola Young",Like Him (feat. Lola Young),42,69,4,15050263,False,16,Cao,Ngắn hạn
9253,54,LISA,Moonlit Floor (Kiss Me),13,28,7,15036657,False,-26,Cao,Trung hạn
9254,55,"Myke Towers, benny blanco",DEGENERE 👑 (feat. benny blanco),38,38,5,15008463,False,-17,Cao,Trung hạn
9255,56,Brenda Lee,Rockin' Around The Christmas Tree,3,148,46,14591689,False,92,Cao,Dài hạn
9256,57,"Travis Scott, Playboi Carti",FE!N (feat. Playboi Carti),5,43,62,14477779,False,-14,Cao,Dài hạn
9257,58,Tate McRae,2 hands,58,-1,1,14361904,True,-59,Cao,Ngắn hạn
9258,59,Taylor Swift,Cruel Summer,2,58,94,14039276,False,-1,Cao,Dài hạn
9259,60,"Rauw Alejandro, Laura Pausini",Se Fue,60,-1,1,13993042,True,-61,Cao,Ngắn hạn
9260,61,Linkin Park,Numb,24,79,38,13969997,False,18,Cao,Dài hạn
9261,62,"Post Malone, Morgan Wallen",I Had Some Help (Feat. Morgan Wallen),3,53,28,13923454,False,-9,Cao,Dài hạn
9262,63,Artemas,i like the way you kiss me,1,49,35,13903138,False,-14,Cao,Dài hạn
9263,64,SZA,Kill Bill,1,71,102,13794373,False,7,Cao,Dài hạn
9264,65,JENNIE,Mantra,11,39,6,13689597,False,-26,Cao,Trung hạn
9265,66,"MC Tuto, DJ Glenner",Barbie,39,46,4,13581283,False,-20,Cao,Ngắn hạn
9266,67,"FloyyMenor, Cris Mj",Gata Only,3,55,41,13532800,False,-12,Cao,Dài hạn
9267,68,Mitski,My Love Mine All Mine,3,56,61,13510655,False,-12,Cao,Dài hạn
9268,69,Sabrina Carpenter,Juno,23,78,13,13371634,False,9,Cao,Dài hạn
9269,70,Cigarettes After Sex,Apocalypse,62,62,123,13241065,False,-8,Cao,Dài hạn
9270,71,"Feid, ATL Jacob",LUNA,9,60,50,13230656,False,-11,Cao,Dài hạn
9271,72,Billie Eilish,CHIHIRO,5,64,27,13188825,False,-8,Cao,Dài hạn
9272,73,"The Weeknd, Anitta",São Paulo (feat. Anitta),13,36,3,13096764,False,-37,Cao,Ngắn hạn
9273,74,Bobby Helms,Jingle Bell Rock,4,189,45,13038832,False,115,Cao,Dài hạn
9274,75,Ariana Grande,Santa Tell Me,3,193,46,12932270,False,118,Cao,Dài hạn
9275,76,Chappell Roan,HOT TO GO!,22,57,23,12923148,False,-19,Cao,Dài hạn
9276,77,Tom Odell,Another Love,15,66,189,12765759,False,-11,Cao,Dài hạn
9277,78,"Tito Double P, Chino Pacas",ESCAPATE,39,67,11,12698520,False,-11,Cao,Trung hạn
9278,79,Arctic Monkeys,505,43,72,150,12658037,False,-7,Cao,Dài hạn
9279,80,"The Weeknd, Daft Punk",Starboy,1,74,216,12647469,False,-6,Cao,Dài hạn
9280,81,"Peso Pluma, Neton Vega",LA PATRULLA,33,70,22,12608117,False,-11,Cao,Dài hạn
9281,82,Linkin Park,Over Each Other,82,-1,1,12550313,True,-83,Cao,Ngắn hạn
9282,83,Teddy Swims,Bad Dreams,83,94,3,12409510,False,11,Cao,Ngắn hạn
9283,84,Tommy Richman,MILLION DOLLAR BABY,1,76,30,12299776,False,-8,Cao,Dài hạn
9284,85,Myles Smith,Stargazing,16,61,28,12274573,False,-24,Cao,Dài hạn
9285,86,V,Love Me Again,11,65,67,12269220,False,-21,Cao,Dài hạn
9286,87,Hotel Ugly,Shut up My Moms Calling,78,129,98,12221474,False,42,Cao,Dài hạn
9287,88,"Jung Kook, Latto",Seven (feat. Latto) (Explicit Ver.),1,75,71,12091637,False,-13,Cao,Dài hạn
9288,89,Rauw Alejandro,Tú Con Él,89,-1,1,12071097,True,-90,Cao,Ngắn hạn
9289,90,Ndotz,Embrace It,28,63,10,12019796,False,-27,Cao,Trung hạn
9290,91,Addison Rae,Diet Pepsi,32,73,12,12000380,False,-18,Cao,Trung hạn
9291,92,Linkin Park,Cut the Bridge,92,-1,1,11895601,True,-93,Cao,Ngắn hạn
9292,93,Frank Ocean,Pink + White,67,80,79,11830134,False,-13,Cao,Dài hạn
9293,94,"Charli xcx, Billie Eilish",Guess featuring billie eilish,5,77,16,11739431,False,-17,Cao,Dài hạn
9294,95,Sia,Snowman,9,-1,34,11679782,True,-96,Cao,Dài hạn
9295,96,FloyyMenor,PELIGROSA,26,81,15,11656671,False,-15,Cao,Dài hạn
9296,97,Benson Boone,Slow It Down,27,95,35,11592292,False,-2,Cao,Dài hạn
9297,98,Kendrick Lamar,Not Like Us,2,82,29,11481635,False,-16,Cao,Dài hạn
9298,99,Dasha,Austin (Boots Stop Workin'),20,83,37,11466180,False,-16,Cao,Dài hạn
9299,100,The Weeknd,Blinding Lights,1,93,260,11461678,False,-7,Cao,Dài hạn
9300,101,"The Chainsmokers, Coldplay",Something Just Like This,2,89,234,11423109,False,-12,Cao,Dài hạn
9301,102,The Walters,I Love You So,21,131,132,11383999,False,29,Cao,Dài hạn
9302,103,"Rvssian, Rauw Alejandro, Ayra Starr",Santa,14,119,31,11308250,False,16,Cao,Dài hạn
9303,104,Miley Cyrus,Flowers,1,88,97,11256174,False,-16,Trung bình,Dài hạn
9304,105,Ed Sheeran,Perfect,4,109,373,11158874,False,4,Trung bình,Dài hạn
9305,106,Noah Kahan,Stick Season,6,90,59,11151518,False,-16,Trung bình,Dài hạn
9306,107,Anuv Jain,Jo Tum Mere Ho,69,87,10,11146040,False,-20,Trung bình,Trung hạn
9307,108,Ed Sheeran,Shape of You,1,96,341,11121999,False,-12,Trung bình,Dài hạn
9308,109,"Billie Eilish, Khalid",lovely (with Khalid),24,112,344,11116169,False,3,Trung bình,Dài hạn
9309,110,Harry Styles,As It Was,1,106,138,11032019,False,-4,Trung bình,Dài hạn
9310,111,Don Toliver,NEW DROP,95,104,8,11016840,False,-7,Trung bình,Trung hạn
9311,112,*NSYNC,Bye Bye Bye - From Deadpool and Wolverine Soundtrack,10,100,17,10965154,False,-12,Trung bình,Dài hạn
9312,113,The Weeknd,Die For You,12,97,145,10963634,False,-16,Trung bình,Dài hạn
9313,114,The Marías,No One Noticed,114,153,2,10777756,False,39,Trung bình,Ngắn hạn
9314,115,Arctic Monkeys,No. 1 Party Anthem,115,140,2,10747752,False,25,Trung bình,Ngắn hạn
9315,116,Eminem,Without Me,31,103,165,10735541,False,-13,Trung bình,Dài hạn
9316,117,The Police,Every Breath You Take,77,117,154,10650446,False,0,Trung bình,Dài hạn
9317,118,Radiohead,Creep,110,110,52,10646617,False,-8,Trung bình,Dài hạn
9318,119,Dean Martin,Let It Snow! Let It Snow! Let It Snow!,6,-1,32,10613652,True,-120,Trung bình,Dài hạn
9319,120,Bruno Mars,When I Was Your Man,38,86,108,10543304,False,-34,Trung bình,Dài hạn
9320,121,Tate McRae,greedy,1,135,62,10534673,False,14,Trung bình,Dài hạn
9321,122,Hozier,Take Me To Church,108,114,168,10509264,False,-8,Trung bình,Dài hạn
9322,123,Lewis Capaldi,Someone You Loved,4,115,306,10498642,False,-8,Trung bình,Dài hạn
9323,124,"Tyler, The Creator, Teezo Touchdown","Darling, I (feat. Teezo Touchdown)",22,68,4,10467273,False,-56,Trung bình,Ngắn hạn
9324,125,SZA,Snooze,27,128,91,10457841,False,3,Trung bình,Dài hạn
9325,126,OneRepublic,Counting Stars,86,120,188,10450691,False,-6,Trung bình,Dài hạn
9326,127,"Cris Mj, FloyyMenor, LOUKI",Después De La 1,34,99,10,10372384,False,-28,Trung bình,Trung hạn
9327,128,Tate McRae,It's ok I'm ok,30,-1,6,10360159,True,-129,Trung bình,Trung hạn
9328,129,Sabrina Carpenter,Nonsense,17,130,96,10347223,False,1,Trung bình,Dài hạn
9329,130,Teddy Swims,The Door,115,122,13,10309111,False,-8,Trung bình,Dài hạn
9330,131,Linkin Park,Stained,131,-1,1,10254320,True,-132,Trung bình,Ngắn hạn
9331,132,Ruth B.,Dandelions,34,156,159,10182139,False,24,Trung bình,Dài hạn
9332,133,"Calle 24, Chino Pacas, Fuerza Regida",Que Onda,16,-1,47,10171257,True,-134,Trung bình,Dài hạn
9333,134,aespa,Whiplash,53,84,5,10163827,False,-50,Trung bình,Trung hạn
9334,135,Coldplay,Viva La Vida,31,111,117,10135790,False,-24,Trung bình,Dài hạn
9335,136,Shakira,Soltera,40,92,8,10119711,False,-44,Trung bình,Trung hạn
9336,137,Keane,Somewhere Only We Know,80,123,106,10074814,False,-14,Trung bình,Dài hạn
9337,138,Travis Scott,goosebumps,13,124,267,10066681,False,-14,Trung bình,Dài hạn
9338,139,James Arthur,Say You Won't Let Go,7,125,332,10042012,False,-14,Trung bình,Dài hạn
9339,140,"Tito Double P, Grupo Frontera",AY MAMÁ,107,121,6,10010982,False,-19,Trung bình,Trung hạn
9340,141,"The Kid LAROI, Justin Bieber",STAY (with Justin Bieber),1,134,167,9973245,False,-7,Trung bình,Dài hạn
9341,142,TV Girl,Lovers Rock,100,141,74,9970536,False,-1,Trung bình,Dài hạn
9342,143,Michael Bublé,It's Beginning to Look a Lot like Christmas,6,-1,43,9941240,True,-144,Trung bình,Dài hạn
9343,144,Lady Gaga,Disease,31,102,4,9936425,False,-42,Trung bình,Ngắn hạn
9344,145,Eminem,Mockingbird,24,126,98,9889452,False,-19,Trung bình,Dài hạn
9345,146,Gracie Abrams,"I miss you, I’m sorry",146,176,3,9830211,False,30,Trung bình,Ngắn hạn
9346,147,One Direction,Story of My Life,17,108,7,9773284,False,-39,Trung bình,Trung hạn
9347,148,Creepy Nuts,オトノケ - Otonoke,138,138,6,9755217,False,-10,Trung bình,Trung hạn
9348,149,"Post Malone, Swae Lee",Sunflower - Spider-Man: Into the Spider-Verse,1,132,311,9740275,False,-17,Trung bình,Dài hạn
9349,150,Linkin Park,Casualty,150,-1,1,9714010,True,-151,Trung bình,Ngắn hạn
9350,151,Chappell Roan,Pink Pony Club,64,113,21,9712966,False,-38,Trung bình,Dài hạn
9351,152,"Sevdaliza, Pabllo Vittar, Yseult",Alibi (with Pabllo Vittar & Yseult),12,107,21,9693519,False,-45,Trung bình,Dài hạn
9352,153,Linkin Park,Overflow,153,-1,1,9691463,True,-154,Trung bình,Ngắn hạn
9353,154,Julión Álvarez y su Norteño Banda,Rey Sin Reina,57,162,10,9683855,False,8,Trung bình,Trung hạn
9354,155,Linkin Park,Good Things Go,155,-1,1,9665691,True,-156,Thấp,Ngắn hạn
9355,156,Bruno Mars,Grenade,143,143,3,9640270,False,-13,Thấp,Ngắn hạn
9356,157,Cigarettes After Sex,Cry,142,142,3,9632519,False,-15,Thấp,Ngắn hạn
9357,158,"Macklemore, Ryan Lewis, Macklemore & Ryan Lewis, Ray Dalton",Can't Hold Us (feat. Ray Dalton),86,149,141,9625789,False,-9,Thấp,Dài hạn
9358,159,"Rauw Alejandro, Feid",Revolú,159,-1,1,9593765,True,-160,Thấp,Ngắn hạn
9359,160,Andy Williams,It's the Most Wonderful Time of the Year,7,-1,42,9589780,True,-161,Thấp,Dài hạn
9360,161,Miguel,Sure Thing,14,185,88,9570948,False,24,Thấp,Dài hạn
9361,162,Richy Mitch & The Coal Miners,Evergreen,40,179,41,9559307,False,17,Thấp,Dài hạn
9362,163,Travis Scott,HIGHEST IN THE ROOM,1,147,106,9540103,False,-16,Thấp,Dài hạn
9363,164,"Ryan Castro, Peso Pluma, SOG",QUEMA,118,118,11,9511735,False,-46,Thấp,Trung hạn
9364,165,Fuerza Regida,NEL,52,52,15,9507508,False,-113,Thấp,Dài hạn
9365,166,Kapo,UWAIE,19,98,14,9495062,False,-68,Thấp,Dài hạn
9366,167,Mark Ambor,Belong Together,19,133,34,9494636,False,-34,Thấp,Dài hạn
9367,168,Morgan Wallen,Love Somebody,31,105,5,9488939,False,-63,Thấp,Trung hạn
9368,169,Chezile,Beanie,169,-1,1,9488588,True,-170,Thấp,Ngắn hạn
9369,170,"Drake, Wizkid, Kyla",One Dance,12,154,221,9409638,False,-16,Thấp,Dài hạn
9370,171,Kelly Clarkson,Underneath the Tree,9,-1,34,9392348,True,-172,Thấp,Dài hạn
9371,172,Journey,Don't Stop Believin' (2022 Remaster),89,146,38,9376828,False,-26,Thấp,Dài hạn
9372,173,Ed Sheeran,Photograph,41,144,166,9376540,False,-29,Thấp,Dài hạn
9373,174,Alphaville,Forever Young,54,158,18,9296174,False,-16,Thấp,Dài hạn
9374,175,Adele,Easy On Me,1,163,104,9282992,False,-12,Thấp,Dài hạn
9375,176,Don Toliver,No Pole,175,175,2,9269091,False,-1,Thấp,Ngắn hạn
9376,177,"Daniel Caesar, H.E.R.",Best Part (feat. H.E.R.),110,173,25,9266374,False,-4,Thấp,Dài hạn
9377,178,"Adam Port, Stryv, Keinemusik, Orso, Malachiii",Move,19,137,23,9250606,False,-41,Thấp,Dài hạn
9378,179,Imagine Dragons,Believer,16,136,402,9247052,False,-43,Thấp,Dài hạn
9379,180,"Coolio, L.V.",Gangsta's Paradise,40,157,94,9234034,False,-23,Thấp,Dài hạn
9380,181,Billie Eilish,"What Was I Made For? [From The Motion Picture ""Barbie""]",3,160,70,9223095,False,-21,Thấp,Dài hạn
9381,182,SZA,Nobody Gets Me,12,-1,33,9223000,True,-183,Thấp,Dài hạn
9382,183,"A$AP Rocky, Imogen Heap, Clams Casino",I Smoked Away My Brain (I'm God x Demons Mashup) (feat. Imogen Heap & Clams Casino),183,-1,2,9168659,True,-184,Thấp,Ngắn hạn
9383,184,"MC LUUKY, DJ JB Mix",Malvadinho,184,-1,1,9153023,True,-185,Thấp,Ngắn hạn
9384,185,Linkin Park,Faint,76,-1,11,9136789,True,-186,Thấp,Trung hạn
9385,186,d4vd,Romantic Homicide,17,164,107,9086917,False,-22,Thấp,Dài hạn
9386,187,Linkin Park,IGYEIH,187,-1,1,9084628,True,-188,Thấp,Ngắn hạn
9387,188,"Natanael Cano, Oscar Maydon",Madonna,18,155,32,9084296,False,-33,Thấp,Dài hạn
9388,189,Gorillaz,Feel Good Inc.,151,151,4,9078921,False,-38,Thấp,Ngắn hạn
9389,190,"Jin, WENDY",Heart on the Window (with WENDY),190,-1,1,9074612,True,-191,Thấp,Ngắn hạn
9390,191,Lil Tecca,Ransom,3,186,62,9050696,False,-5,Thấp,Dài hạn
9391,192,Gunna,on one tonight,181,181,2,9027105,False,-11,Thấp,Ngắn hạn
9392,193,"Zach Bryan, Kacey Musgraves",I Remember Everything (feat. Kacey Musgraves),20,145,65,9019773,False,-48,Thấp,Dài hạn
9393,194,Steve Lacy,Dark Red,66,150,126,9019307,False,-44,Thấp,Dài hạn
9394,195,Surf Curse,Freaks,55,-1,65,9003352,True,-196,Thấp,Dài hạn
9395,196,"David Guetta, Bebe Rexha",I'm Good (Blue),2,180,116,8981781,False,-16,Thấp,Dài hạn
9396,197,Gracie Abrams,Close To You,60,170,7,8977475,False,-27,Thấp,Trung hạn
9397,198,One Direction,What Makes You Beautiful,60,139,7,8969920,False,-59,Thấp,Trung hạn
9398,199,Alec Benjamin,Let Me Down Slowly,27,-1,82,8962010,True,-200,Thấp,Dài hạn
9399,200,BABYMONSTER,DRIP,127,127,3,8910157,False,-73,Thấp,Ngắn hạn
9400,1,"ROSÉ, Bruno Mars",APT.,1,2,6,68689637,False,1,Rất cao,Trung hạn
9401,2,"Lady Gaga, Bruno Mars",Die With A Smile,1,1,15,66131590,False,-1,Rất cao,Dài hạn
9402,3,"Kendrick Lamar, SZA",luther (with sza),3,-1,1,47282944,True,-4,Rất cao,Ngắn hạn
9403,4,Billie Eilish,BIRDS OF A FEATHER,1,3,28,45200053,False,-1,Rất cao,Dài hạn
9404,5,Kendrick Lamar,squabble up,5,-1,1,44764851,True,-6,Rất cao,Ngắn hạn
9405,6,Gracie Abrams,That’s So True,4,4,6,42556215,False,-2,Rất cao,Trung hạn
9406,7,"Kendrick Lamar, Lefty Gunplay",tv off (feat. lefty gunplay),7,-1,1,41864595,True,-8,Rất cao,Ngắn hạn
9407,8,Jimin,Who,1,5,19,38016361,False,-3,Rất cao,Dài hạn
9408,9,Kendrick Lamar,wacced out murals,9,-1,1,33916700,True,-10,Rất cao,Ngắn hạn
9409,10,Gigi Perez,Sailor Song,7,7,15,32566917,False,-3,Rất cao,Dài hạn
9410,11,"Arcane, Stromae, Pomme",Ma Meilleure Ennemie (from the series Arcane League of Legends),11,-1,1,31345510,True,-12,Rất cao,Ngắn hạn
9411,12,"Oscar Maydon, Fuerza Regida",Tu Boda,5,6,8,30200749,False,-6,Rất cao,Trung hạn
9412,13,Jin,Running Wild,10,10,2,29796515,False,-3,Rất cao,Ngắn hạn
9413,14,Mariah Carey,All I Want for Christmas Is You,1,20,61,28988715,False,6,Rất cao,Dài hạn
9414,15,"Kendrick Lamar, Dody6",hey now (feat. dody6),15,-1,1,28656384,True,-16,Rất cao,Ngắn hạn
9415,16,Sabrina Carpenter,Espresso,1,11,33,28232101,False,-5,Rất cao,Dài hạn
9416,17,Billie Eilish,WILDFLOWER,9,9,28,28036652,False,-8,Rất cao,Dài hạn
9417,18,Sabrina Carpenter,Taste,3,8,14,27673260,False,-10,Rất cao,Dài hạn
9418,19,Kendrick Lamar,reincarnated,19,-1,1,27579127,True,-20,Rất cao,Ngắn hạn
9419,20,Wham!,Last Christmas - Single Version,2,26,55,26812906,False,6,Rất cao,Dài hạn
9420,21,Kendrick Lamar,man at the garden,21,-1,1,26772273,True,-22,Rất cao,Ngắn hạn
9421,22,"The Weeknd, Playboi Carti",Timeless (feat Playboi Carti),3,13,9,26282826,False,-9,Rất cao,Trung hạn
9422,23,"Rauw Alejandro, Bad Bunny",Qué Pasaría...,17,17,2,25752550,False,-6,Rất cao,Ngắn hạn
9423,24,"Kendrick Lamar, Wallie the Sensei, Siete7x, Roddy Ricch","dodger blue (feat. wallie the sensei, siete7x, roddy ricch)",24,-1,1,24658182,True,-25,Rất cao,Ngắn hạn
9424,25,Chappell Roan,"Good Luck, Babe!",6,12,33,24366899,False,-13,Rất cao,Dài hạn
9425,26,Kendrick Lamar,heart pt. 6,26,-1,1,23315962,True,-27,Rất cao,Ngắn hạn
9426,27,Benson Boone,Beautiful Things,1,16,45,23242371,False,-11,Rất cao,Dài hạn
9427,28,KAROL G,Si Antes Te Hubiera Conocido,5,15,23,22815134,False,-13,Rất cao,Dài hạn
9428,29,"Rauw Alejandro, Romeo Santos",Khé?,29,42,2,22228911,False,13,Rất cao,Ngắn hạn
9429,30,"Kendrick Lamar, AZ Chike",peekaboo (feat. azchike),30,-1,1,21910464,True,-31,Rất cao,Ngắn hạn
9430,31,Brenda Lee,Rockin' Around The Christmas Tree,3,56,47,21568493,False,25,Rất cao,Dài hạn
9431,32,Sabrina Carpenter,Please Please Please,1,18,25,20700182,False,-14,Rất cao,Dài hạn
9432,33,Gracie Abrams,"I Love You, I'm Sorry",16,19,17,19987566,False,-14,Rất cao,Dài hạn
9433,34,Teddy Swims,Lose Control,5,22,55,19952045,False,-12,Rất cao,Dài hạn
9434,35,"Kendrick Lamar, SZA",gloria (with sza),35,-1,1,19829153,True,-36,Rất cao,Ngắn hạn
9435,36,The Neighbourhood,Sweater Weather,16,23,222,19610873,False,-13,Rất cao,Dài hạn
9436,37,Lord Huron,The Night We Met,15,21,110,19512613,False,-16,Rất cao,Dài hạn
9437,38,Arctic Monkeys,I Wanna Be Yours,15,25,125,19418985,False,-13,Rất cao,Dài hạn
9438,39,Bruno Mars,That's What I Like,6,27,120,19386184,False,-12,Rất cao,Dài hạn
9439,40,Bobby Helms,Jingle Bell Rock,4,74,46,18729517,False,34,Rất cao,Dài hạn
9440,41,"Tyler, The Creator, GloRilla, Sexyy Red, Lil Wayne","Sticky (feat. GloRilla, Sexyy Red & Lil Wayne)",20,35,5,18594671,False,-6,Rất cao,Trung hạn
9441,42,Linkin Park,The Emptiness Machine,6,14,12,18405962,False,-28,Rất cao,Trung hạn
9442,43,Bruno Mars,Locked out of Heaven,23,29,129,18330173,False,-14,Rất cao,Dài hạn
9443,44,Ariana Grande,Santa Tell Me,3,75,47,18147498,False,31,Rất cao,Dài hạn
9444,45,"Kendrick Lamar, Hitta J3, YoungThreat, Peysoh","gnx (feat. hitta j3, youngthreat, peysoh)",45,-1,1,18030258,True,-46,Rất cao,Ngắn hạn
9445,46,ROSÉ,number one girl,46,-1,1,17738964,True,-47,Rất cao,Ngắn hạn
9446,47,"The Weeknd, JENNIE, Lily-Rose Depp","One Of The Girls (with JENNIE, Lily Rose Depp)",3,32,60,17576032,False,-15,Rất cao,Dài hạn
9447,48,"Tyler, The Creator, Kali Uchis",See You Again (feat. Kali Uchis),16,24,92,17475534,False,-24,Rất cao,Dài hạn
9448,49,Bruno Mars,Just the Way You Are,34,34,99,17397565,False,-15,Rất cao,Dài hạn
9449,50,Coldplay,Yellow,19,30,206,17225765,False,-20,Rất cao,Dài hạn
9450,51,Shaboozey,A Bar Song (Tipsy),6,36,33,16949675,False,-15,Rất cao,Dài hạn
9451,52,"Tyler, The Creator, Lola Young",Like Him (feat. Lola Young),42,53,5,16815839,False,1,Rất cao,Trung hạn
9452,53,Sia,Snowman,9,95,35,16646809,False,42,Rất cao,Dài hạn
9453,54,The Kid LAROI,NIGHTS LIKE THIS,41,41,23,16017251,False,-13,Rất cao,Dài hạn
9454,55,"Tito Double P, Peso Pluma",DOS DÍAS,31,39,13,16000624,False,-16,Rất cao,Dài hạn
9455,56,"Gabito Ballesteros, Natanael Cano, Luis R Conriquez, Neton Vega",Presidente,44,51,5,15942190,False,-5,Rất cao,Trung hạn
9456,57,Sabrina Carpenter,Bed Chem,9,31,14,15721398,False,-26,Rất cao,Dài hạn
9457,58,Dean Martin,Let It Snow! Let It Snow! Let It Snow!,6,119,33,15582351,False,61,Rất cao,Dài hạn
9458,59,Ariana Grande,we can't be friends (wait for your love),1,48,38,15567720,False,-11,Rất cao,Dài hạn
9459,60,One Direction,Night Changes,8,33,109,15519590,False,-27,Rất cao,Dài hạn
9460,61,Tito Double P,EL LOKERON,21,38,13,15508309,False,-23,Rất cao,Dài hạn
9461,62,Hozier,Too Sweet,2,44,36,15408620,False,-18,Rất cao,Dài hạn
9462,63,The Goo Goo Dolls,Iris,40,50,65,15148980,False,-13,Rất cao,Dài hạn
9463,64,Djo,End of Beginning,3,52,41,15117199,False,-12,Rất cao,Dài hạn
9464,65,Linkin Park,In the End,22,46,68,14873112,False,-19,Cao,Dài hạn
9465,66,Tito Double P,NADIE,66,-1,1,14644235,True,-67,Cao,Ngắn hạn
9466,67,LISA,Moonlit Floor (Kiss Me),13,54,8,14604705,False,-13,Cao,Trung hạn
9467,68,Vance Joy,Riptide,30,45,198,14368037,False,-23,Cao,Dài hạn
9468,69,Andy Williams,It's the Most Wonderful Time of the Year,7,160,43,14215209,False,91,Cao,Dài hạn
9469,70,Michael Bublé,It's Beginning to Look a Lot like Christmas,6,143,44,14210678,False,73,Cao,Dài hạn
9470,71,"Cynthia Erivo, Ariana Grande",Defying Gravity,71,-1,1,14041481,True,-72,Cao,Ngắn hạn
9471,72,"Omar Courtz, De La Rose",Q U E V A S H A C E R H O Y ?,13,47,9,14032469,False,-25,Cao,Trung hạn
9472,73,"Travis Scott, Playboi Carti",FE!N (feat. Playboi Carti),5,57,63,13833470,False,-16,Cao,Dài hạn
9473,74,Mitski,My Love Mine All Mine,3,68,62,13822774,False,-6,Cao,Dài hạn
9474,75,Kelly Clarkson,Underneath the Tree,9,171,35,13712345,False,96,Cao,Dài hạn
9475,76,SZA,Kill Bill,1,64,103,13696115,False,-12,Cao,Dài hạn
9476,77,Taylor Swift,Cruel Summer,2,59,95,13646328,False,-18,Cao,Dài hạn
9477,78,"Feid, ATL Jacob",LUNA,9,71,51,13610834,False,-7,Cao,Dài hạn
9478,79,Sabrina Carpenter,Juno,23,69,14,13609045,False,-10,Cao,Dài hạn
9479,80,Kendrick Lamar,Not Like Us,2,98,30,13407737,False,18,Cao,Dài hạn
9480,81,"KAROL G, Feid, DFZM, Ovy On The Drums, J Balvin, Maluma, Ryan Castro, Blessd",+57,21,40,3,13347025,False,-41,Cao,Ngắn hạn
9481,82,"Myke Towers, benny blanco",DEGENERE 👑 (feat. benny blanco),38,55,6,13343842,False,-27,Cao,Trung hạn
9482,83,"Post Malone, Morgan Wallen",I Had Some Help (Feat. Morgan Wallen),3,62,29,13333917,False,-21,Cao,Dài hạn
9483,84,JENNIE,Mantra,11,65,7,13197616,False,-19,Cao,Trung hạn
9484,85,"FloyyMenor, Cris Mj",Gata Only,3,67,42,13073092,False,-18,Cao,Dài hạn
9485,86,Artemas,i like the way you kiss me,1,63,36,12955274,False,-23,Cao,Dài hạn
9486,87,Linkin Park,Numb,24,61,39,12886177,False,-26,Cao,Dài hạn
9487,88,Teddy Swims,Bad Dreams,83,83,4,12883685,False,-5,Cao,Ngắn hạn
9488,89,"Tyler, The Creator, Daniel Caesar",St. Chroma (feat. Daniel Caesar),10,49,5,12834062,False,-40,Cao,Trung hạn
9489,90,Linkin Park,Heavy Is the Crown,15,28,10,12773618,False,-62,Cao,Trung hạn
9490,91,Cigarettes After Sex,Apocalypse,62,70,124,12625105,False,-21,Cao,Dài hạn
9491,92,Arctic Monkeys,505,43,79,151,12426108,False,-13,Cao,Dài hạn
9492,93,Tom Odell,Another Love,15,77,190,12306433,False,-16,Cao,Dài hạn
9493,94,Billie Eilish,CHIHIRO,5,72,28,12296362,False,-22,Cao,Dài hạn
9494,95,Tommy Richman,MILLION DOLLAR BABY,1,84,31,12269624,False,-11,Cao,Dài hạn
9495,96,"The Weeknd, Daft Punk",Starboy,1,80,217,12197850,False,-16,Cao,Dài hạn
9496,97,V,Love Me Again,11,86,68,12108629,False,-11,Cao,Dài hạn
9497,98,"Jung Kook, Latto",Seven (feat. Latto) (Explicit Ver.),1,88,72,12104289,False,-10,Cao,Dài hạn
9498,99,"Peso Pluma, Neton Vega",LA PATRULLA,33,81,23,12097415,False,-18,Cao,Dài hạn
9499,100,"MC Tuto, DJ Glenner",Barbie,39,66,5,12076452,False,-34,Cao,Trung hạn
9500,101,Juice WRLD,All Girls Are The Same,48,-1,89,12031027,True,-102,Cao,Dài hạn
9501,102,Chappell Roan,HOT TO GO!,22,76,24,12013292,False,-26,Cao,Dài hạn
9502,103,"Tito Double P, Chino Pacas",ESCAPATE,39,78,12,11893451,False,-25,Cao,Trung hạn
9503,104,Ariana Grande,Popular,104,-1,1,11874602,True,-105,Cao,Ngắn hạn
9504,105,Myles Smith,Stargazing,16,85,29,11814725,False,-20,Cao,Dài hạn
9505,106,Jin,I’ll Be There,27,43,5,11771487,False,-63,Cao,Trung hạn
9506,107,Frank Ocean,Pink + White,67,93,80,11644536,False,-14,Cao,Dài hạn
9507,108,Juice WRLD,Lucid Dreams,3,-1,198,11585654,True,-109,Cao,Dài hạn
9508,109,Michael Bublé,Holly Jolly Christmas,12,-1,37,11536786,True,-110,Cao,Dài hạn
9509,110,Miley Cyrus,Flowers,1,104,98,11454589,False,-6,Cao,Dài hạn
9510,111,The Walters,I Love You So,21,102,133,11368649,False,-9,Cao,Dài hạn
9511,112,The Weeknd,Blinding Lights,1,100,261,11352523,False,-12,Cao,Dài hạn
9512,113,José Feliciano,Feliz Navidad,8,-1,35,11302691,True,-114,Cao,Dài hạn
9513,114,FloyyMenor,PELIGROSA,26,96,16,11229006,False,-18,Trung bình,Dài hạn
9514,115,"Charli xcx, Billie Eilish",Guess featuring billie eilish,5,94,17,11188672,False,-21,Trung bình,Dài hạn
9515,116,Tate McRae,2 hands,58,58,2,11175692,False,-58,Trung bình,Ngắn hạn
9516,117,Dasha,Austin (Boots Stop Workin'),20,99,38,11152215,False,-18,Trung bình,Dài hạn
9517,118,Arctic Monkeys,No. 1 Party Anthem,115,115,3,11143019,False,-3,Trung bình,Ngắn hạn
9518,119,Addison Rae,Diet Pepsi,32,91,13,11092157,False,-28,Trung bình,Dài hạn
9519,120,SZA,Snooze,27,125,92,11085423,False,5,Trung bình,Dài hạn
9520,121,"Rvssian, Rauw Alejandro, Ayra Starr",Santa,14,103,32,11081913,False,-18,Trung bình,Dài hạn
9521,122,"The Chainsmokers, Coldplay",Something Just Like This,2,101,235,11041137,False,-21,Trung bình,Dài hạn
9522,123,The Weeknd,Die For You,12,113,146,11031577,False,-10,Trung bình,Dài hạn
9523,124,Ed Sheeran,Shape of You,1,108,342,10973738,False,-16,Trung bình,Dài hạn
9524,125,Noah Kahan,Stick Season,6,106,60,10966523,False,-19,Trung bình,Dài hạn
9525,126,"Rauw Alejandro, Laura Pausini",Se Fue,60,60,2,10921255,False,-66,Trung bình,Ngắn hạn
9526,127,"Billie Eilish, Khalid",lovely (with Khalid),24,109,345,10906170,False,-18,Trung bình,Dài hạn
9527,128,"Twenty One Pilots, Arcane, League of Legends",The Line (from the series Arcane League of Legends),128,-1,1,10884238,True,-129,Trung bình,Ngắn hạn
9528,129,Ed Sheeran,Perfect,4,105,374,10778490,False,-24,Trung bình,Dài hạn
9529,130,Harry Styles,As It Was,1,110,139,10775785,False,-20,Trung bình,Dài hạn
9530,131,James Arthur,Say You Won't Let Go,7,139,333,10767604,False,8,Trung bình,Dài hạn
9531,132,"GloRilla, Sexyy Red",WHATCHU KNO ABOUT ME (feat. Sexyy Red),132,-1,1,10761410,True,-133,Trung bình,Ngắn hạn
9532,133,Sabrina Carpenter,Nonsense,17,129,97,10705650,False,-4,Trung bình,Dài hạn
9533,134,*NSYNC,Bye Bye Bye - From Deadpool and Wolverine Soundtrack,10,112,18,10693576,False,-22,Trung bình,Dài hạn
9534,135,OneRepublic,Counting Stars,86,126,189,10664797,False,-9,Trung bình,Dài hạn
9535,136,The Police,Every Breath You Take,77,117,155,10634358,False,-19,Trung bình,Dài hạn
9536,137,Bruno Mars,When I Was Your Man,38,120,109,10622860,False,-17,Trung bình,Dài hạn
9537,138,Don Toliver,NEW DROP,95,111,9,10609840,False,-27,Trung bình,Trung hạn
9538,139,Eminem,Without Me,31,116,166,10548015,False,-23,Trung bình,Dài hạn
9539,140,Lewis Capaldi,Someone You Loved,4,123,307,10500652,False,-17,Trung bình,Dài hạn
9540,141,Keane,Somewhere Only We Know,80,137,107,10477443,False,-4,Trung bình,Dài hạn
9541,142,"The Weeknd, Anitta",São Paulo (feat. Anitta),13,73,4,10423009,False,-69,Trung bình,Ngắn hạn
9542,143,Benson Boone,Slow It Down,27,97,36,10378385,False,-46,Trung bình,Dài hạn
9543,144,Hotel Ugly,Shut up My Moms Calling,78,87,99,10360342,False,-57,Trung bình,Dài hạn
9544,145,Ndotz,Embrace It,28,90,11,10356686,False,-55,Trung bình,Trung hạn
9545,146,"Arcane, Woodkid",To Ashes and Blood (from the series Arcane League of Legends),146,-1,1,10345673,True,-147,Trung bình,Ngắn hạn
9546,147,Lil Tecca,Ransom,3,191,63,10309442,False,44,Trung bình,Dài hạn
9547,148,"Kendrick Lamar, SZA",All The Stars (with SZA),2,-1,76,10248457,True,-149,Trung bình,Dài hạn
9548,149,aespa,Whiplash,53,134,6,10227910,False,-15,Trung bình,Trung hạn
9549,150,Chino Pacas,Morena Canela,150,-1,1,10179677,True,-151,Trung bình,Ngắn hạn
9550,151,Radiohead,Creep,110,118,53,10147094,False,-33,Trung bình,Dài hạn
9551,152,Tate McRae,greedy,1,121,63,10134611,False,-31,Trung bình,Dài hạn
9552,153,d4vd,Romantic Homicide,17,186,108,10058720,False,33,Trung bình,Dài hạn
9553,154,Hozier,Take Me To Church,108,122,169,10043801,False,-32,Trung bình,Dài hạn
9554,155,Rauw Alejandro,Tú Con Él,89,89,2,10038359,False,-66,Trung bình,Ngắn hạn
9555,156,"Cris Mj, FloyyMenor, LOUKI",Después De La 1,34,127,11,10020061,False,-29,Trung bình,Trung hạn
9556,157,The Marías,No One Noticed,114,114,3,9986524,False,-43,Trung bình,Ngắn hạn
9557,158,"MC LUUKY, DJ JB Mix",Malvadinho,158,184,2,9924254,False,26,Trung bình,Ngắn hạn
9558,159,Anuv Jain,Jo Tum Mere Ho,69,107,11,9899665,False,-52,Trung bình,Trung hạn
9559,160,Coldplay,Viva La Vida,31,135,118,9867528,False,-25,Trung bình,Dài hạn
9560,161,Teddy Swims,The Door,115,130,14,9860903,False,-31,Trung bình,Dài hạn
9561,162,Chezile,Beanie,162,169,2,9854292,False,7,Trung bình,Ngắn hạn
9562,163,The Ronettes,Sleigh Ride,12,-1,32,9829074,True,-164,Trung bình,Dài hạn
9563,164,One Direction,Story of My Life,17,147,8,9815739,False,-17,Trung bình,Trung hạn
9564,165,Travis Scott,goosebumps,13,138,268,9811164,False,-27,Trung bình,Dài hạn
9565,166,Ruth B.,Dandelions,34,132,160,9810388,False,-34,Trung bình,Dài hạn
9566,167,"Post Malone, Swae Lee",Sunflower - Spider-Man: Into the Spider-Verse,1,149,312,9763266,False,-18,Trung bình,Dài hạn
9567,168,Shakira,Soltera,40,136,9,9747202,False,-32,Trung bình,Trung hạn
9568,169,"The Kid LAROI, Justin Bieber",STAY (with Justin Bieber),1,141,168,9699932,False,-28,Trung bình,Dài hạn
9569,170,TV Girl,Lovers Rock,100,142,75,9647868,False,-28,Thấp,Dài hạn
9570,171,"Drake, Wizkid, Kyla",One Dance,12,170,222,9609753,False,-1,Thấp,Dài hạn
9571,172,Don Toliver,No Pole,172,176,3,9602203,False,4,Thấp,Ngắn hạn
9572,173,"Ariana Grande, Cynthia Erivo",What Is This Feeling?,173,-1,1,9597858,True,-174,Thấp,Ngắn hạn
9573,174,Maluma,Cosas Pendientes,174,-1,1,9554841,True,-175,Thấp,Ngắn hạn
9574,175,Eminem,Mockingbird,24,145,99,9536451,False,-30,Thấp,Dài hạn
9575,176,John Williams,"Carol of the Bells (From ""Home Alone"" Soundtrack)",104,-1,12,9525393,True,-177,Thấp,Trung hạn
9576,177,Cigarettes After Sex,Cry,142,157,4,9446800,False,-20,Thấp,Ngắn hạn
9577,178,"Tito Double P, Grupo Frontera",AY MAMÁ,107,140,7,9421337,False,-38,Thấp,Trung hạn
9578,179,"Sevdaliza, Pabllo Vittar, Yseult",Alibi (with Pabllo Vittar & Yseult),12,152,22,9401031,False,-27,Thấp,Dài hạn
9579,180,Linkin Park,Two Faced,37,37,2,9381643,False,-143,Thấp,Ngắn hạn
9580,181,Gorillaz,Feel Good Inc.,151,189,5,9341796,False,8,Thấp,Trung hạn
9581,182,Alphaville,Forever Young,54,174,19,9330452,False,-8,Thấp,Dài hạn
9582,183,Mark Ambor,Belong Together,19,167,35,9323523,False,-16,Thấp,Dài hạn
9583,184,Ed Sheeran,Photograph,41,173,167,9311281,False,-11,Thấp,Dài hạn
9584,185,Journey,Don't Stop Believin' (2022 Remaster),89,172,39,9310489,False,-13,Thấp,Dài hạn
9585,186,Creepy Nuts,オトノケ - Otonoke,138,148,7,9306546,False,-38,Thấp,Trung hạn
9586,187,Steve Lacy,Dark Red,66,194,127,9258889,False,7,Thấp,Dài hạn
9587,188,SZA,Nobody Gets Me,12,182,34,9253579,False,-6,Thấp,Dài hạn
9588,189,Imagine Dragons,Believer,16,179,403,9242809,False,-10,Thấp,Dài hạn
9589,190,Bruno Mars,Grenade,143,156,4,9220715,False,-34,Thấp,Ngắn hạn
9590,191,"Ryan Castro, Peso Pluma, SOG",QUEMA,118,164,12,9190368,False,-27,Thấp,Trung hạn
9591,192,"Ashnikko, Arcane, League of Legends",Paint The Town Blue (from the series Arcane League of Legends),192,-1,1,9174378,True,-193,Thấp,Ngắn hạn
9592,193,Travis Scott,HIGHEST IN THE ROOM,1,163,107,9146986,False,-30,Thấp,Dài hạn
9593,194,Miguel,Sure Thing,14,161,89,9142880,False,-33,Thấp,Dài hạn
9594,195,"Perry Como, The Fontane Sisters, Mitchell Ayres & His Orchestra",It's Beginning to Look a Lot Like Christmas (with Mitchell Ayres & His Orchestra),29,-1,31,9142244,True,-196,Thấp,Dài hạn
9595,196,"Macklemore, Ryan Lewis, Macklemore & Ryan Lewis, Ray Dalton",Can't Hold Us (feat. Ray Dalton),86,158,142,9125961,False,-38,Thấp,Dài hạn
9596,197,One Direction,What Makes You Beautiful,60,198,8,9125246,False,1,Thấp,Trung hạn
9597,198,Julión Álvarez y su Norteño Banda,Rey Sin Reina,57,154,11,9062459,False,-44,Thấp,Trung hạn
9598,199,Imagine Dragons,Demons,111,-1,103,9060035,True,-200,Thấp,Dài hạn
9599,200,Kapo,UWAIE,19,166,15,9059262,False,-34,Thấp,Dài hạn
9600,1,"Lady Gaga, Bruno Mars",Die With A Smile,1,2,16,66000852,False,1,Rất cao,Dài hạn
9601,2,"ROSÉ, Bruno Mars",APT.,1,1,7,65279637,False,-1,Rất cao,Trung hạn
9602,3,Billie Eilish,BIRDS OF A FEATHER,1,4,29,45038197,False,1,Rất cao,Dài hạn
9603,4,Mariah Carey,All I Want for Christmas Is You,1,14,62,44056478,False,10,Rất cao,Dài hạn
9604,5,Wham!,Last Christmas,2,20,56,43542785,False,15,Rất cao,Dài hạn
9605,6,"Arcane, Stromae, Pomme",Ma Meilleure Ennemie (from the series Arcane League of Legends),6,11,2,43451774,False,5,Rất cao,Ngắn hạn
9606,7,"Kendrick Lamar, SZA",luther (with sza),3,3,2,43140412,False,-4,Rất cao,Ngắn hạn
9607,8,Gracie Abrams,That’s So True,4,6,7,40325474,False,-2,Rất cao,Trung hạn
9608,9,Jimin,Who,1,8,20,37112281,False,-1,Rất cao,Dài hạn
9609,10,Brenda Lee,Rockin' Around The Christmas Tree,3,31,48,36240442,False,21,Rất cao,Dài hạn
9610,11,"Kendrick Lamar, Lefty Gunplay",tv off (feat. lefty gunplay),7,7,2,33344837,False,-4,Rất cao,Ngắn hạn
9611,12,Bobby Helms,Jingle Bell Rock,4,40,47,30821472,False,28,Rất cao,Dài hạn
9612,13,Gigi Perez,Sailor Song,7,10,16,30621299,False,-3,Rất cao,Dài hạn
9613,14,Kendrick Lamar,squabble up,5,5,2,30149296,False,-9,Rất cao,Ngắn hạn
9614,15,Sabrina Carpenter,Espresso,1,16,34,29370321,False,1,Rất cao,Dài hạn
9615,16,Ariana Grande,Santa Tell Me,3,44,48,28953248,False,28,Rất cao,Dài hạn
9616,17,"Oscar Maydon, Fuerza Regida",Tu Boda,5,12,9,27226376,False,-5,Rất cao,Trung hạn
9617,18,Billie Eilish,WILDFLOWER,9,17,29,27058877,False,-1,Rất cao,Dài hạn
9618,19,"The Weeknd, Playboi Carti",Timeless (feat Playboi Carti),3,22,10,26587692,False,3,Rất cao,Trung hạn
9619,20,Jin,Running Wild,10,13,3,25524612,False,-7,Rất cao,Ngắn hạn
9620,21,Sia,Snowman,9,53,36,25497283,False,32,Rất cao,Dài hạn
9621,22,Dean Martin,Let It Snow! Let It Snow! Let It Snow!,6,58,34,25175735,False,36,Rất cao,Dài hạn
9622,23,Sabrina Carpenter,Taste,3,18,15,24767074,False,-5,Rất cao,Dài hạn
9623,24,Chappell Roan,"Good Luck, Babe!",6,25,34,24502370,False,1,Rất cao,Dài hạn
9624,25,Andy Williams,It's the Most Wonderful Time of the Year,7,69,44,23873212,False,44,Rất cao,Dài hạn
9625,26,"Rauw Alejandro, Bad Bunny",Qué Pasaría...,17,23,3,23464655,False,-3,Rất cao,Ngắn hạn
9626,27,Kelly Clarkson,Underneath the Tree,9,75,36,23030428,False,48,Rất cao,Dài hạn
9627,28,Benson Boone,Beautiful Things,1,27,46,22902834,False,-1,Rất cao,Dài hạn
9628,29,"V, Park Hyo Shin",Winter Ahead (with PARK HYO SHIN),29,-1,1,22715931,True,-30,Rất cao,Ngắn hạn
9629,30,KAROL G,Si Antes Te Hubiera Conocido,5,28,24,22565106,False,-2,Rất cao,Dài hạn
9630,31,Michael Bublé,It's Beginning to Look a Lot like Christmas,6,70,45,22538475,False,39,Rất cao,Dài hạn
9631,32,"Rauw Alejandro, Romeo Santos",Khé?,29,29,3,21501823,False,-3,Rất cao,Ngắn hạn
9632,33,Lord Huron,The Night We Met,15,37,111,20452964,False,4,Rất cao,Dài hạn
9633,34,Sabrina Carpenter,Please Please Please,1,32,26,20071713,False,-2,Rất cao,Dài hạn
9634,35,Arctic Monkeys,I Wanna Be Yours,15,38,126,20042682,False,3,Rất cao,Dài hạn
9635,36,José Feliciano,Feliz Navidad,8,113,36,19452273,False,77,Rất cao,Dài hạn
9636,37,Tito Double P,NADIE,37,66,2,19314618,False,29,Rất cao,Ngắn hạn
9637,38,Teddy Swims,Lose Control,5,34,56,19231339,False,-4,Rất cao,Dài hạn
9638,39,Michael Bublé,Holly Jolly Christmas,12,109,38,19090386,False,70,Rất cao,Dài hạn
9639,40,"Tyler, The Creator, Kali Uchis",See You Again (feat. Kali Uchis),16,48,93,18930929,False,8,Rất cao,Dài hạn
9640,41,The Neighbourhood,Sweater Weather,16,36,223,18766517,False,-5,Rất cao,Dài hạn
9641,42,"The Weeknd, JENNIE, Lily-Rose Depp","One Of The Girls (with JENNIE, Lily Rose Depp)",3,47,61,18528737,False,5,Rất cao,Dài hạn
9642,43,Gracie Abrams,"I Love You, I'm Sorry",16,33,18,17968884,False,-10,Rất cao,Dài hạn
9643,44,Bruno Mars,That's What I Like,6,39,121,17516428,False,-5,Rất cao,Dài hạn
9644,45,Bruno Mars,Locked out of Heaven,23,43,130,17319258,False,-2,Rất cao,Dài hạn
9645,46,Ariana Grande,we can't be friends (wait for your love),1,59,39,17076510,False,13,Rất cao,Dài hạn
9646,47,The Ronettes,Sleigh Ride,12,163,33,16928992,False,116,Rất cao,Dài hạn
9647,48,Linkin Park,The Emptiness Machine,6,42,13,16779079,False,-6,Rất cao,Dài hạn
9648,49,Shaboozey,A Bar Song (Tipsy),6,51,34,16603665,False,2,Rất cao,Dài hạn
9649,50,Djo,End of Beginning,3,64,42,16248463,False,14,Rất cao,Dài hạn
9650,51,Hozier,Too Sweet,2,62,37,16134224,False,11,Rất cao,Dài hạn
9651,52,"Perry Como, The Fontane Sisters, Mitchell Ayres & His Orchestra",It's Beginning to Look a Lot Like Christmas (with Mitchell Ayres & His Orchestra),29,195,32,16024656,False,143,Rất cao,Dài hạn
9652,53,Bruno Mars,Just the Way You Are,34,49,100,16014001,False,-4,Rất cao,Dài hạn
9653,54,"Tyler, The Creator, GloRilla, Sexyy Red, Lil Wayne","Sticky (feat. GloRilla, Sexyy Red & Lil Wayne)",20,41,6,15821067,False,-13,Rất cao,Trung hạn
9654,55,Coldplay,Yellow,19,50,207,15780853,False,-5,Rất cao,Dài hạn
9655,56,"Myke Towers, benny blanco",DEGENERE 👑 (feat. benny blanco),38,82,7,15633409,False,26,Rất cao,Trung hạn
9656,57,"Tito Double P, Peso Pluma",DOS DÍAS,31,55,14,15602698,False,-2,Rất cao,Dài hạn
9657,58,Kendrick Lamar,wacced out murals,9,9,2,15541459,False,-49,Rất cao,Ngắn hạn
9658,59,"Gabito Ballesteros, Natanael Cano, Luis R Conriquez, Neton Vega",Presidente,44,56,6,15496797,False,-3,Rất cao,Trung hạn
9659,60,"Tyler, The Creator, Lola Young",Like Him (feat. Lola Young),42,52,6,15495664,False,-8,Rất cao,Trung hạn
9660,61,"Cynthia Erivo, Ariana Grande",Defying Gravity,61,71,2,15483743,False,10,Rất cao,Ngắn hạn
9661,62,Justin Bieber,Mistletoe,15,-1,40,15256913,True,-63,Rất cao,Dài hạn
9662,63,One Direction,Night Changes,8,60,110,15127720,False,-3,Rất cao,Dài hạn
9663,64,Vance Joy,Riptide,30,68,199,15099949,False,4,Rất cao,Dài hạn
9664,65,The Kid LAROI,NIGHTS LIKE THIS,41,54,24,15015871,False,-11,Cao,Dài hạn
9665,66,Nat King Cole,The Christmas Song (Merry Christmas To You),24,-1,34,14993728,True,-67,Cao,Dài hạn
9666,67,Tito Double P,EL LOKERON,21,61,14,14627874,False,-6,Cao,Dài hạn
9667,68,John Williams,"Carol of the Bells (From ""Home Alone"" Soundtrack)",68,176,13,14605587,False,108,Cao,Dài hạn
9668,69,Mitski,My Love Mine All Mine,3,74,63,14587948,False,5,Cao,Dài hạn
9669,70,"Kendrick Lamar, Dody6",hey now (feat. dody6),15,15,2,14573561,False,-55,Cao,Ngắn hạn
9670,71,Taylor Swift,Cruel Summer,2,77,96,14403117,False,6,Cao,Dài hạn
9671,72,The Goo Goo Dolls,Iris,40,63,66,14326749,False,-9,Cao,Dài hạn
9672,73,Kendrick Lamar,reincarnated,19,19,2,14298156,False,-54,Cao,Ngắn hạn
9673,74,"Kendrick Lamar, Wallie the Sensei, Siete7x, Roddy Ricch","dodger blue (feat. wallie the sensei, siete7x, roddy ricch)",24,24,2,14248414,False,-50,Cao,Ngắn hạn
9674,75,"Feid, ATL Jacob",LUNA,9,78,52,14136002,False,3,Cao,Dài hạn
9675,76,SZA,Kill Bill,1,76,104,14098898,False,0,Cao,Dài hạn
9676,77,ROSÉ,number one girl,46,46,2,14060965,False,-31,Cao,Ngắn hạn
9677,78,Sabrina Carpenter,Bed Chem,9,57,15,14029817,False,-21,Cao,Dài hạn
9678,79,"Travis Scott, Playboi Carti",FE!N (feat. Playboi Carti),5,73,64,13918060,False,-6,Cao,Dài hạn
9679,80,Kendrick Lamar,Not Like Us,2,80,31,13915385,False,0,Cao,Dài hạn
9680,81,"FloyyMenor, Cris Mj",Gata Only,3,85,43,13663960,False,4,Cao,Dài hạn
9681,82,Linkin Park,In the End,22,65,69,13615841,False,-17,Cao,Dài hạn
9682,83,Ariana Grande,Popular,83,104,2,13496835,False,21,Cao,Ngắn hạn
9683,84,Juice WRLD,Lucid Dreams,3,108,199,13494142,False,24,Cao,Dài hạn
9684,85,"Omar Courtz, De La Rose",Q U E V A S H A C E R H O Y ?,13,72,10,13122783,False,-13,Cao,Trung hạn
9685,86,The Police,Every Breath You Take,77,136,156,13070884,False,50,Cao,Dài hạn
9686,87,"Post Malone, Morgan Wallen",I Had Some Help (Feat. Morgan Wallen),3,83,30,12988691,False,-4,Cao,Dài hạn
9687,88,Juice WRLD,All Girls Are The Same,48,101,90,12987745,False,13,Cao,Dài hạn
9688,89,"Jung Kook, Latto",Seven (feat. Latto) (Explicit Ver.),1,98,73,12982301,False,9,Cao,Dài hạn
9689,90,Artemas,i like the way you kiss me,1,86,37,12919694,False,-4,Cao,Dài hạn
9690,91,Conan Gray,Heather,12,-1,155,12848665,True,-92,Cao,Dài hạn
9691,92,Coldplay,Viva La Vida,31,160,119,12818794,False,68,Cao,Dài hạn
9692,93,Teddy Swims,Bad Dreams,83,88,5,12722254,False,-5,Cao,Trung hạn
9693,94,Juice WRLD,Empty Out Your Pockets,94,-1,1,12676970,True,-95,Cao,Ngắn hạn
9694,95,"John Lennon, Yoko Ono",Happy Xmas (War Is Over) - Remastered 2010,13,-1,35,12673251,True,-96,Cao,Dài hạn
9695,96,Cigarettes After Sex,Apocalypse,62,91,125,12617851,False,-5,Cao,Dài hạn
9696,97,Billie Eilish,CHIHIRO,5,94,29,12591477,False,-3,Cao,Dài hạn
9697,98,Arctic Monkeys,505,43,92,152,12415590,False,-6,Cao,Dài hạn
9698,99,Tommy Richman,MILLION DOLLAR BABY,1,95,32,12334674,False,-4,Cao,Dài hạn
9699,100,"Arcane, Twenty One Pilots",The Line (from the series Arcane League of Legends),100,128,2,12283773,False,28,Cao,Ngắn hạn
9700,101,"Bing Crosby, Ken Darby Singers, John Scott Trotter & His Orchestra",White Christmas - 1947 Version,26,-1,35,12251187,True,-102,Cao,Dài hạn
9701,102,Don Toliver,No Pole,102,172,4,12246567,False,70,Cao,Ngắn hạn
9702,103,"The Weeknd, Daft Punk",Starboy,1,96,218,12209058,False,-7,Cao,Dài hạn
9703,104,Kendrick Lamar,heart pt. 6,26,26,2,12192388,False,-78,Cao,Ngắn hạn
9704,105,Shakin' Stevens,Merry Christmas Everyone,26,-1,34,12150530,True,-106,Cao,Dài hạn
9705,106,JENNIE,Mantra,11,84,8,12113836,False,-22,Cao,Trung hạn
9706,107,"Ariana Grande, Cynthia Erivo",What Is This Feeling?,107,173,2,12108341,False,66,Cao,Ngắn hạn
9707,108,Linkin Park,Numb,24,87,40,12021134,False,-21,Cao,Dài hạn
9708,109,Hotel Ugly,Shut up My Moms Calling,78,144,100,12011599,False,35,Cao,Dài hạn
9709,110,Tom Odell,Another Love,15,93,191,12010080,False,-17,Cao,Dài hạn
9710,111,"Peso Pluma, Neton Vega",LA PATRULLA,33,99,24,11996484,False,-12,Cao,Dài hạn
9711,112,V,Love Me Again,11,97,69,11926941,False,-15,Cao,Dài hạn
9712,113,SZA,Snooze,27,120,93,11906039,False,7,Cao,Dài hạn
9713,114,Arctic Monkeys,No. 1 Party Anthem,114,118,4,11817086,False,4,Cao,Ngắn hạn
9714,115,Frank Ocean,Pink + White,67,107,81,11772352,False,-8,Cao,Dài hạn
9715,116,Sabrina Carpenter,Juno,23,79,15,11754851,False,-37,Cao,Dài hạn
9716,117,Paul McCartney,Wonderful Christmastime - Edited Version / Remastered 2011,15,-1,36,11741539,True,-118,Cao,Dài hạn
9717,118,"Charli xcx, Billie Eilish",Guess featuring billie eilish,5,115,18,11733694,False,-3,Cao,Dài hạn
9718,119,"MC LUUKY, DJ JB Mix",Malvadinho,119,158,3,11648927,False,39,Cao,Ngắn hạn
9719,120,Kendrick Lamar,man at the garden,21,21,2,11628878,False,-99,Cao,Ngắn hạn
9720,121,The Weeknd,Blinding Lights,1,112,262,11538503,False,-9,Cao,Dài hạn
9721,122,The Walters,I Love You So,21,111,134,11394095,False,-11,Cao,Dài hạn
9722,123,Chappell Roan,HOT TO GO!,22,102,25,11325176,False,-21,Cao,Dài hạn
9723,124,Frank Sinatra,Let It Snow! Let It Snow! Let It Snow!,19,-1,37,11320306,True,-125,Cao,Dài hạn
9724,125,Noah Kahan,Stick Season,6,125,61,11312950,False,0,Cao,Dài hạn
9725,126,"Kendrick Lamar, SZA",gloria (with sza),35,35,2,11282973,False,-91,Cao,Ngắn hạn
9726,127,"Kendrick Lamar, AZ Chike",peekaboo (feat. azchike),30,30,2,11170238,False,-97,Trung bình,Ngắn hạn
9727,128,Linkin Park,Heavy Is the Crown,15,90,11,11113353,False,-38,Trung bình,Trung hạn
9728,129,"Tito Double P, Chino Pacas",ESCAPATE,39,103,13,11098183,False,-26,Trung bình,Dài hạn
9729,130,Nat King Cole,Deck The Hall,55,-1,8,11097919,True,-131,Trung bình,Trung hạn
9730,131,Darlene Love,Christmas (Baby Please Come Home),33,-1,21,11093546,True,-132,Trung bình,Dài hạn
9731,132,FloyyMenor,PELIGROSA,26,114,17,11058799,False,-18,Trung bình,Dài hạn
9732,133,The Weeknd,Die For You,12,123,147,10999060,False,-10,Trung bình,Dài hạn
9733,134,LISA,Moonlit Floor (Kiss Me),13,67,9,10988888,False,-67,Trung bình,Trung hạn
9734,135,Myles Smith,Stargazing,16,105,30,10964370,False,-30,Trung bình,Dài hạn
9735,136,Dasha,Austin (Boots Stop Workin'),20,117,39,10947842,False,-19,Trung bình,Dài hạn
9736,137,"MC Tuto, DJ Glenner",Barbie,39,100,6,10854575,False,-37,Trung bình,Trung hạn
9737,138,Miley Cyrus,Flowers,1,110,99,10772845,False,-28,Trung bình,Dài hạn
9738,139,Ed Sheeran,Shape of You,1,124,343,10772639,False,-15,Trung bình,Dài hạn
9739,140,Eminem,Without Me,31,139,167,10757094,False,-1,Trung bình,Dài hạn
9740,141,Chezile,Beanie,141,162,3,10739112,False,21,Trung bình,Ngắn hạn
9741,142,Chase Atlantic,Swim,108,-1,9,10674554,True,-143,Trung bình,Trung hạn
9742,143,"Billie Eilish, Khalid",lovely (with Khalid),24,127,346,10665865,False,-16,Trung bình,Dài hạn
9743,144,Harry Styles,As It Was,1,130,140,10637398,False,-14,Trung bình,Dài hạn
9744,145,"KAROL G, Feid, DFZM, Ovy On The Drums, J Balvin, Maluma, Ryan Castro, Blessd",+57,21,81,4,10537504,False,-64,Trung bình,Ngắn hạn
9745,146,"The Chainsmokers, Coldplay",Something Just Like This,2,122,236,10469421,False,-24,Trung bình,Dài hạn
9746,147,yung kai,blue,147,-1,1,10416485,True,-148,Trung bình,Ngắn hạn
9747,148,Chino Pacas,Morena Canela,148,150,2,10412679,False,2,Trung bình,Ngắn hạn
9748,149,"Kendrick Lamar, SZA",All The Stars (with SZA),2,148,77,10320738,False,-1,Trung bình,Dài hạn
9749,150,Jin,I’ll Be There,27,106,6,10302182,False,-44,Trung bình,Trung hạn
9750,151,Sabrina Carpenter,Nonsense,17,133,98,10298621,False,-18,Trung bình,Dài hạn
9751,152,Radiohead,Creep,110,151,54,10267453,False,-1,Trung bình,Dài hạn
9752,153,The Marías,No One Noticed,114,157,4,10266024,False,4,Trung bình,Ngắn hạn
9753,154,SZA,Nobody Gets Me,12,188,35,10219183,False,34,Trung bình,Dài hạn
9754,155,Ed Sheeran,Perfect,4,129,375,10211723,False,-26,Trung bình,Dài hạn
9755,156,Chuck Berry,Run Rudolph Run,52,-1,22,10204924,True,-157,Trung bình,Dài hạn
9756,157,aespa,Whiplash,53,149,7,10187606,False,-8,Trung bình,Trung hạn
9757,158,James Arthur,Say You Won't Let Go,7,131,334,10182563,False,-27,Trung bình,Dài hạn
9758,159,Tate McRae,greedy,1,152,64,10181052,False,-7,Trung bình,Dài hạn
9759,160,Laufey,Winter Wonderland - Spotify Singles Holiday,87,-1,3,10153857,True,-161,Trung bình,Ngắn hạn
9760,161,Lewis Capaldi,Someone You Loved,4,140,308,10142986,False,-21,Trung bình,Dài hạn
9761,162,"Ed Sheeran, Elton John",Merry Christmas,23,-1,13,10131128,True,-163,Trung bình,Dài hạn
9762,163,Lil Tecca,Ransom,3,147,64,10126157,False,-16,Trung bình,Dài hạn
9763,164,OneRepublic,Counting Stars,86,135,190,10122615,False,-29,Trung bình,Dài hạn
9764,165,"Tyler, The Creator, Daniel Caesar",St. Chroma (feat. Daniel Caesar),10,89,6,10105645,False,-76,Trung bình,Trung hạn
9765,166,Bruno Mars,When I Was Your Man,38,137,110,10085097,False,-29,Trung bình,Dài hạn
9766,167,Elvis Presley,Blue Christmas,34,-1,30,10061810,True,-168,Trung bình,Dài hạn
9767,168,Chris Rea,Driving Home for Christmas - 2019 Remaster,21,-1,33,10022511,True,-169,Trung bình,Dài hạn
9768,169,Gunna,on one tonight,169,-1,3,10018077,True,-170,Trung bình,Ngắn hạn
9769,170,Frank Sinatra,Jingle Bells - Remastered 1999,38,-1,14,10014280,True,-171,Trung bình,Dài hạn
9770,171,*NSYNC,Bye Bye Bye - From Deadpool and Wolverine Soundtrack,10,134,19,9966942,False,-37,Trung bình,Dài hạn
9771,172,"The Kid LAROI, Justin Bieber",STAY (with Justin Bieber),1,169,169,9957825,False,-3,Trung bình,Dài hạn
9772,173,Juice WRLD,Misfit,173,-1,1,9919209,True,-174,Trung bình,Ngắn hạn
9773,174,"Post Malone, Swae Lee",Sunflower - Spider-Man: Into the Spider-Verse,1,167,313,9905807,False,-7,Trung bình,Dài hạn
9774,175,Addison Rae,Diet Pepsi,32,119,14,9818359,False,-56,Trung bình,Dài hạn
9775,176,"GloRilla, Sexyy Red",WHATCHU KNO ABOUT ME (feat. Sexyy Red),132,132,2,9817675,False,-44,Trung bình,Ngắn hạn
9776,177,Maluma,Cosas Pendientes,174,174,2,9785202,False,-3,Trung bình,Ngắn hạn
9777,178,Don Toliver,NEW DROP,95,138,10,9699093,False,-40,Trung bình,Trung hạn
9778,179,Pentatonix,Hallelujah,70,-1,13,9684834,True,-180,Trung bình,Dài hạn
9779,180,Ruth B.,Dandelions,34,166,161,9592813,False,-14,Thấp,Dài hạn
9780,181,Teddy Swims,The Door,115,161,15,9587055,False,-20,Thấp,Dài hạn
9781,182,Rauw Alejandro,Tú Con Él,89,155,3,9570979,False,-27,Thấp,Ngắn hạn
9782,183,Keane,Somewhere Only We Know,80,141,108,9551930,False,-42,Thấp,Dài hạn
9783,184,"Rvssian, Rauw Alejandro, Ayra Starr",Santa,14,121,33,9546583,False,-63,Thấp,Dài hạn
9784,185,"Arcane, Ashnikko",Paint The Town Blue (from the series Arcane League of Legends),185,192,2,9534296,False,7,Thấp,Ngắn hạn
9785,186,Cigarettes After Sex,Cry,142,177,5,9519638,False,-9,Thấp,Trung hạn
9786,187,Travis Scott,goosebumps,13,165,269,9515363,False,-22,Thấp,Dài hạn
9787,188,TV Girl,Lovers Rock,100,170,76,9497914,False,-18,Thấp,Dài hạn
9788,189,Anuv Jain,Jo Tum Mere Ho,69,159,12,9482283,False,-30,Thấp,Trung hạn
9789,190,Frank Sinatra,Have Yourself A Merry Little Christmas - Remastered 1999,96,-1,4,9450374,True,-191,Thấp,Ngắn hạn
9790,191,"Taylor Swift, Post Malone",Fortnight (feat. Post Malone),1,-1,31,9435524,True,-192,Thấp,Dài hạn
9791,192,"Cris Mj, FloyyMenor, LOUKI",Después De La 1,34,156,12,9429600,False,-36,Thấp,Trung hạn
9792,193,Steve Lacy,Dark Red,66,187,128,9363152,False,-6,Thấp,Dài hạn
9793,194,Coldplay,Sparks,90,-1,22,9361419,True,-195,Thấp,Dài hạn
9794,195,"Eartha Kitt, Henri René and His Orchestra",Santa Baby (with Henri René & His Orchestra),48,-1,16,9347526,True,-196,Thấp,Dài hạn
9795,196,XXXTENTACION,Revenge,63,-1,72,9339848,True,-197,Thấp,Dài hạn
9796,197,Elton John,Step Into Christmas - Remastered 1995,36,-1,21,9338239,True,-198,Thấp,Dài hạn
9797,198,Richy Mitch & The Coal Miners,Evergreen,40,-1,42,9331342,True,-199,Thấp,Dài hạn
9798,199,"Tito Double P, Grupo Frontera",AY MAMÁ,107,178,8,9321811,False,-21,Thấp,Trung hạn
9799,200,"Arcane, d4vd",Remember Me (from the series Arcane League of Legends),200,-1,1,9283657,True,-201,Thấp,Ngắn hạn
9800,1,"Lady Gaga, Bruno Mars",Die With A Smile,1,1,17,67113128,False,0,Rất cao,Dài hạn
9801,2,"ROSÉ, Bruno Mars",APT.,1,2,8,65463651,False,0,Rất cao,Trung hạn
9802,3,Mariah Carey,All I Want for Christmas Is You,1,4,63,47514211,False,1,Rất cao,Dài hạn
9803,4,Wham!,Last Christmas,2,5,57,46992149,False,1,Rất cao,Dài hạn
9804,5,Billie Eilish,BIRDS OF A FEATHER,1,3,30,46095572,False,-2,Rất cao,Dài hạn
9805,6,Brenda Lee,Rockin' Around The Christmas Tree,3,10,49,40460504,False,4,Rất cao,Dài hạn
9806,7,Gracie Abrams,That’s So True,4,8,8,40045248,False,1,Rất cao,Trung hạn
9807,8,"Kendrick Lamar, SZA",luther (with sza),3,7,3,38270262,False,-1,Rất cao,Ngắn hạn
9808,9,Bobby Helms,Jingle Bell Rock,4,12,48,36801037,False,3,Rất cao,Dài hạn
9809,10,Jimin,Who,1,9,21,35898868,False,-1,Rất cao,Dài hạn
9810,11,Ariana Grande,Santa Tell Me,3,16,49,31559275,False,5,Rất cao,Dài hạn
9811,12,Sabrina Carpenter,Espresso,1,15,35,31181720,False,3,Rất cao,Dài hạn
9812,13,Gigi Perez,Sailor Song,7,13,17,30203100,False,0,Rất cao,Dài hạn
9813,14,Dean Martin,Let It Snow! Let It Snow! Let It Snow!,6,22,35,28134094,False,8,Rất cao,Dài hạn
9814,15,"Arcane, Stromae, Pomme",Ma Meilleure Ennemie (from the series Arcane League of Legends),6,6,3,27668582,False,-9,Rất cao,Ngắn hạn
9815,16,Sia,Snowman,9,21,37,27458578,False,5,Rất cao,Dài hạn
9816,17,Billie Eilish,WILDFLOWER,9,18,30,27098013,False,1,Rất cao,Dài hạn
9817,18,Andy Williams,It's the Most Wonderful Time of the Year,7,25,45,26796590,False,7,Rất cao,Dài hạn
9818,19,"The Weeknd, Playboi Carti",Timeless (feat Playboi Carti),3,19,11,26719332,False,0,Rất cao,Trung hạn
9819,20,"Kendrick Lamar, Lefty Gunplay",tv off (feat. lefty gunplay),7,11,3,25955853,False,-9,Rất cao,Ngắn hạn
9820,21,Kelly Clarkson,Underneath the Tree,9,27,37,25915495,False,6,Rất cao,Dài hạn
9821,22,"Oscar Maydon, Fuerza Regida",Tu Boda,5,17,10,25515308,False,-5,Rất cao,Trung hạn
9822,23,Chappell Roan,"Good Luck, Babe!",6,24,35,25024252,False,1,Rất cao,Dài hạn
9823,24,Michael Bublé,It's Beginning to Look a Lot like Christmas,6,31,46,24073016,False,7,Rất cao,Dài hạn
9824,25,Sabrina Carpenter,Taste,3,23,16,24070330,False,-2,Rất cao,Dài hạn
9825,26,Benson Boone,Beautiful Things,1,28,47,23812306,False,2,Rất cao,Dài hạn
9826,27,"Rauw Alejandro, Bad Bunny",Qué Pasaría...,17,26,4,23443661,False,-1,Rất cao,Ngắn hạn
9827,28,KAROL G,Si Antes Te Hubiera Conocido,5,30,25,23431171,False,2,Rất cao,Dài hạn
9828,29,ROSÉ,toxic till the end,29,-1,1,22405419,True,-30,Rất cao,Ngắn hạn
9829,30,José Feliciano,Feliz Navidad,8,36,37,21780383,False,6,Rất cao,Dài hạn
9830,31,"Rauw Alejandro, Romeo Santos",Khé?,29,32,4,21642535,False,1,Rất cao,Ngắn hạn
9831,32,Kendrick Lamar,squabble up,5,14,3,21388420,False,-18,Rất cao,Ngắn hạn
9832,33,Jin,Running Wild,10,20,4,21214018,False,-13,Rất cao,Ngắn hạn
9833,34,Sabrina Carpenter,Please Please Please,1,34,27,20835384,False,0,Rất cao,Dài hạn
9834,35,Michael Bublé,Holly Jolly Christmas,12,39,39,20793207,False,4,Rất cao,Dài hạn
9835,36,Bad Bunny,EL CLúB,36,-1,1,20150736,True,-37,Rất cao,Ngắn hạn
9836,37,Teddy Swims,Lose Control,5,38,57,19971268,False,1,Rất cao,Dài hạn
9837,38,Lord Huron,The Night We Met,15,33,112,19702219,False,-5,Rất cao,Dài hạn
9838,39,Arctic Monkeys,I Wanna Be Yours,15,35,127,19360536,False,-4,Rất cao,Dài hạn
9839,40,The Ronettes,Sleigh Ride,12,47,34,19094747,False,7,Rất cao,Dài hạn
9840,41,"The Weeknd, JENNIE, Lily-Rose Depp","One Of The Girls (with JENNIE, Lily Rose Depp)",3,42,62,18788414,False,1,Rất cao,Dài hạn
9841,42,Djo,End of Beginning,3,50,43,18774470,False,8,Rất cao,Dài hạn
9842,43,"Myke Towers, benny blanco",DEGENERE 👑 (feat. benny blanco),38,56,8,18505869,False,13,Rất cao,Trung hạn
9843,44,Ariana Grande,we can't be friends (wait for your love),1,46,40,18439509,False,2,Rất cao,Dài hạn
9844,45,Tito Double P,NADIE,37,37,3,18347269,False,-8,Rất cao,Ngắn hạn
9845,46,Gracie Abrams,"I Love You, I'm Sorry",16,43,19,17687452,False,-3,Rất cao,Dài hạn
9846,47,Hozier,Too Sweet,2,51,38,17571366,False,4,Rất cao,Dài hạn
9847,48,"Tyler, The Creator, Kali Uchis",See You Again (feat. Kali Uchis),16,40,94,17352465,False,-8,Rất cao,Dài hạn
9848,49,"Perry Como, The Fontane Sisters, Mitchell Ayres & His Orchestra",It's Beginning to Look a Lot Like Christmas (with Mitchell Ayres & His Orchestra),29,52,33,17352450,False,3,Rất cao,Dài hạn
9849,50,Shaboozey,A Bar Song (Tipsy),6,49,35,17229164,False,-1,Rất cao,Dài hạn
9850,51,The Neighbourhood,Sweater Weather,16,41,224,17187978,False,-10,Rất cao,Dài hạn
9851,52,ROSÉ,number one girl,46,77,3,17034473,False,25,Rất cao,Ngắn hạn
9852,53,Justin Bieber,Mistletoe,15,62,41,17001315,False,9,Rất cao,Dài hạn
9853,54,"V, Park Hyo Shin",Winter Ahead (with PARK HYO SHIN),29,29,2,16777004,False,-25,Rất cao,Ngắn hạn
9854,55,"V, Bing Crosby",White Christmas (with V of BTS),55,-1,1,16747179,True,-56,Rất cao,Ngắn hạn
9855,56,Nat King Cole,The Christmas Song (Merry Christmas To You),24,66,35,16625224,False,10,Rất cao,Dài hạn
9856,57,Bruno Mars,That's What I Like,6,44,122,16108853,False,-13,Rất cao,Dài hạn
9857,58,"Feid, ATL Jacob",LUNA,9,75,53,15850139,False,17,Rất cao,Dài hạn
9858,59,Bruno Mars,Locked out of Heaven,23,45,131,15789543,False,-14,Rất cao,Dài hạn
9859,60,"Tito Double P, Peso Pluma",DOS DÍAS,31,57,15,15709777,False,-3,Rất cao,Dài hạn
9860,61,"Tyler, The Creator, Lola Young",Like Him (feat. Lola Young),42,60,7,15630376,False,-1,Rất cao,Trung hạn
9861,62,"Gabito Ballesteros, Natanael Cano, Luis R Conriquez, Neton Vega",Presidente,44,59,7,15602201,False,-3,Rất cao,Trung hạn
9862,63,John Williams,"Carol of the Bells (From ""Home Alone"" Soundtrack)",63,68,14,15548700,False,5,Rất cao,Dài hạn
9863,64,"Tyler, The Creator, GloRilla, Sexyy Red, Lil Wayne","Sticky (feat. GloRilla, Sexyy Red & Lil Wayne)",20,54,7,15395266,False,-10,Rất cao,Trung hạn
9864,65,Tito Double P,ROSONES,65,-1,1,15348951,True,-66,Rất cao,Ngắn hạn
9865,66,Mitski,My Love Mine All Mine,3,69,64,15183377,False,3,Rất cao,Dài hạn
9866,67,Bruno Mars,Just the Way You Are,34,53,101,15146489,False,-14,Rất cao,Dài hạn
9867,68,Linkin Park,The Emptiness Machine,6,48,14,14795739,False,-20,Cao,Dài hạn
9868,69,"FloyyMenor, Cris Mj",Gata Only,3,81,44,14742175,False,12,Cao,Dài hạn
9869,70,"John Lennon, Yoko Ono",Happy Xmas (War Is Over) - Remastered 2010,13,95,36,14722344,False,25,Cao,Dài hạn
9870,71,Kendrick Lamar,Not Like Us,2,80,32,14669466,False,9,Cao,Dài hạn
9871,72,Tito Double P,EL LOKERON,21,67,15,14631806,False,-5,Cao,Dài hạn
9872,73,The Kid LAROI,NIGHTS LIKE THIS,41,65,25,14580470,False,-8,Cao,Dài hạn
9873,74,Taylor Swift,Cruel Summer,2,71,97,14252652,False,-3,Cao,Dài hạn
9874,75,Artemas,i like the way you kiss me,1,90,38,14215423,False,15,Cao,Dài hạn
9875,76,"Travis Scott, Playboi Carti",FE!N (feat. Playboi Carti),5,79,65,14200578,False,3,Cao,Dài hạn
9876,77,Paul McCartney,Wonderful Christmastime - Edited Version / Remastered 2011,15,117,37,14133018,False,40,Cao,Dài hạn
9877,78,Coldplay,Yellow,19,55,208,14035475,False,-23,Cao,Dài hạn
9878,79,The Moonglows,Hey Santa Claus,26,101,36,14034198,False,22,Cao,Dài hạn
9879,80,"Post Malone, Morgan Wallen",I Had Some Help (Feat. Morgan Wallen),3,87,31,13891143,False,7,Cao,Dài hạn
9880,81,Tommy Richman,MILLION DOLLAR BABY,1,99,33,13721095,False,18,Cao,Dài hạn
9881,82,SZA,Kill Bill,1,76,105,13709745,False,-6,Cao,Dài hạn
9882,83,Shakin' Stevens,Merry Christmas Everyone,26,105,35,13708818,False,22,Cao,Dài hạn
9883,84,Sabrina Carpenter,Bed Chem,9,78,16,13708442,False,-6,Cao,Dài hạn
9884,85,The Police,Every Breath You Take,77,86,157,13669739,False,1,Cao,Dài hạn
9885,86,"Jung Kook, Latto",Seven (feat. Latto) (Explicit Ver.),1,89,74,13657071,False,3,Cao,Dài hạn
9886,87,Lola Young,Messy,87,-1,1,13602826,True,-88,Cao,Ngắn hạn
9887,88,Juice WRLD,Empty Out Your Pockets,88,94,2,13579365,False,6,Cao,Ngắn hạn
9888,89,One Direction,Night Changes,8,63,111,13492194,False,-26,Cao,Dài hạn
9889,90,The Goo Goo Dolls,Iris,40,72,67,13276026,False,-18,Cao,Dài hạn
9890,91,"Frank Sinatra, B. Swanson Quartet",Let It Snow! Let It Snow! Let It Snow! (with The B. Swanson Quartet),19,124,38,13075562,False,33,Cao,Dài hạn
9891,92,Linkin Park,In the End,22,82,70,13057597,False,-10,Cao,Dài hạn
9892,93,Sabrina Carpenter,A Nonsense Christmas,93,-1,1,13056675,True,-94,Cao,Ngắn hạn
9893,94,SZA,Snooze,27,113,94,12958397,False,19,Cao,Dài hạn
9894,95,Vance Joy,Riptide,30,64,200,12876633,False,-31,Cao,Dài hạn
9895,96,yung kai,blue,96,147,2,12786570,False,51,Cao,Ngắn hạn
9896,97,Darlene Love,Christmas (Baby Please Come Home),33,131,22,12773250,False,34,Cao,Dài hạn
9897,98,Chase Atlantic,Swim,98,142,10,12506273,False,44,Cao,Trung hạn
9898,99,Billie Eilish,CHIHIRO,5,97,30,12471149,False,-2,Cao,Dài hạn
9899,100,Cigarettes After Sex,Apocalypse,62,96,126,12426091,False,-4,Cao,Dài hạn
9900,101,"Cynthia Erivo, Ariana Grande",Defying Gravity,61,61,3,12414808,False,-40,Cao,Ngắn hạn
9901,102,Coldplay,Viva La Vida,31,92,120,12400764,False,-10,Cao,Dài hạn
9902,103,Peso Pluma,gervonta,103,-1,1,12371407,True,-104,Cao,Ngắn hạn
9903,104,"The Weeknd, Daft Punk",Starboy,1,103,219,12230728,False,-1,Cao,Dài hạn
9904,105,"Omar Courtz, De La Rose",Q U E V A S H A C E R H O Y ?,13,85,11,12226649,False,-20,Cao,Trung hạn
9905,106,Nat King Cole,Deck The Hall,55,130,9,12223598,False,24,Cao,Trung hạn
9906,107,Frank Ocean,Pink + White,67,115,82,12105777,False,8,Cao,Dài hạn
9907,108,"Ed Sheeran, Elton John",Merry Christmas,23,162,14,12044912,False,54,Cao,Dài hạn
9908,109,Noah Kahan,Stick Season,6,125,62,11985065,False,16,Cao,Dài hạn
9909,110,Chuck Berry,Run Rudolph Run,52,156,23,11972211,False,46,Cao,Dài hạn
9910,111,"Peso Pluma, Neton Vega",LA PATRULLA,33,111,25,11886693,False,0,Cao,Dài hạn
9911,112,Don Toliver,No Pole,102,102,5,11806972,False,-10,Cao,Trung hạn
9912,113,Tom Odell,Another Love,15,110,192,11804001,False,-3,Cao,Dài hạn
9913,114,Elvis Presley,Blue Christmas,34,167,31,11776550,False,53,Cao,Dài hạn
9914,115,Juice WRLD,Lucid Dreams,3,84,200,11762610,False,-31,Cao,Dài hạn
9915,116,Burl Ives,A Holly Jolly Christmas,23,-1,33,11709740,True,-117,Cao,Dài hạn
9916,117,Teddy Swims,Bad Dreams,83,93,6,11676647,False,-24,Cao,Trung hạn
9917,118,JENNIE,Mantra,11,106,9,11668018,False,-12,Cao,Trung hạn
9918,119,Chris Rea,Driving Home for Christmas - 2019 Remaster,21,168,34,11649742,False,49,Cao,Dài hạn
9919,120,Arctic Monkeys,505,43,98,153,11541032,False,-22,Cao,Dài hạn
9920,121,"Charli xcx, Billie Eilish",Guess featuring billie eilish,5,118,19,11532037,False,-3,Cao,Dài hạn
9921,122,Chappell Roan,HOT TO GO!,22,123,26,11482317,False,1,Cao,Dài hạn
9922,123,Laufey,Winter Wonderland - Spotify Singles Holiday,87,160,4,11423830,False,37,Cao,Ngắn hạn
9923,124,"Bad Bunny, Feid",PERRO NEGRO,4,-1,51,11405595,True,-125,Cao,Dài hạn
9924,125,The Weeknd,Blinding Lights,1,121,263,11329088,False,-4,Cao,Dài hạn
9925,126,Pentatonix,Hallelujah,70,179,14,11209816,False,53,Trung bình,Dài hạn
9926,127,Tate McRae,greedy,1,159,65,11162923,False,32,Trung bình,Dài hạn
9927,128,Sabrina Carpenter,Juno,23,116,16,11076959,False,-12,Trung bình,Dài hạn
9928,129,Juice WRLD,All Girls Are The Same,48,88,91,11065494,False,-41,Trung bình,Dài hạn
9929,130,Arctic Monkeys,No. 1 Party Anthem,114,114,5,11050384,False,-16,Trung bình,Trung hạn
9930,131,Dasha,Austin (Boots Stop Workin'),20,136,40,11020666,False,5,Trung bình,Dài hạn
9931,132,Chezile,Beanie,132,141,4,10968641,False,9,Trung bình,Ngắn hạn
9932,133,Frank Sinatra,Jingle Bells - Remastered 1999,38,170,15,10958208,False,37,Trung bình,Dài hạn
9933,134,Linkin Park,Numb,24,108,41,10951196,False,-26,Trung bình,Dài hạn
9934,135,FloyyMenor,PELIGROSA,26,132,18,10926880,False,-3,Trung bình,Dài hạn
9935,136,"Tito Double P, Chino Pacas",ESCAPATE,39,129,14,10843680,False,-7,Trung bình,Dài hạn
9936,137,Elton John,Step Into Christmas - Remastered 1995,36,197,22,10839179,False,60,Trung bình,Dài hạn
9937,138,"Natanael Cano, Nueva H",Amapola,138,-1,1,10809196,True,-139,Trung bình,Ngắn hạn
9938,139,Conan Gray,Heather,12,91,156,10774879,False,-48,Trung bình,Dài hạn
9939,140,The Walters,I Love You So,21,122,135,10762315,False,-18,Trung bình,Dài hạn
9940,141,The Weeknd,Die For You,12,133,148,10751541,False,-8,Trung bình,Dài hạn
9941,142,SZA,Nobody Gets Me,12,154,36,10674598,False,12,Trung bình,Dài hạn
9942,143,Band Aid,Do They Know It's Christmas? - 1984 Version,12,-1,36,10661429,True,-144,Trung bình,Dài hạn
9943,144,Sabrina Carpenter,Nonsense,17,151,99,10651585,False,7,Trung bình,Dài hạn
9944,145,Myles Smith,Stargazing,16,135,31,10648842,False,-10,Trung bình,Dài hạn
9945,146,"MC Tuto, DJ Glenner",Barbie,39,137,7,10633928,False,-9,Trung bình,Trung hạn
9946,147,Eminem,Without Me,31,140,168,10601434,False,-7,Trung bình,Dài hạn
9947,148,SZA,Saturn,17,-1,36,10588532,True,-149,Trung bình,Dài hạn
9948,149,Gunna,on one tonight,149,169,4,10587485,False,20,Trung bình,Ngắn hạn
9949,150,"Billie Eilish, Khalid",lovely (with Khalid),24,143,347,10505207,False,-7,Trung bình,Dài hạn
9950,151,XXXTENTACION,Revenge,63,196,73,10499845,False,45,Trung bình,Dài hạn
9951,152,Ariana Grande,Popular,83,83,3,10490461,False,-69,Trung bình,Ngắn hạn
9952,153,Lil Tecca,Ransom,3,163,65,10476093,False,10,Trung bình,Dài hạn
9953,154,Chino Pacas,Morena Canela,148,148,3,10449118,False,-6,Trung bình,Ngắn hạn
9954,155,"Taylor Swift, Post Malone",Fortnight (feat. Post Malone),1,191,32,10445886,False,36,Trung bình,Dài hạn
9955,156,The Marías,No One Noticed,114,153,5,10438428,False,-3,Trung bình,Trung hạn
9956,157,Frank Sinatra,Have Yourself A Merry Little Christmas - Remastered 1999,96,190,5,10423205,False,33,Trung bình,Trung hạn
9957,158,Hotel Ugly,Shut up My Moms Calling,78,109,101,10397156,False,-49,Trung bình,Dài hạn
9958,159,"Eartha Kitt, Henri René and His Orchestra",Santa Baby (with Henri René & His Orchestra),48,195,17,10387031,False,36,Trung bình,Dài hạn
9959,160,"The Pogues, Kirsty MacColl",Fairytale of New York (feat. Kirsty MacColl),47,-1,29,10386080,True,-161,Trung bình,Dài hạn
9960,161,"The Chainsmokers, Coldplay",Something Just Like This,2,146,237,10317787,False,-15,Trung bình,Dài hạn
9961,162,"Kendrick Lamar, SZA",All The Stars (with SZA),2,149,78,10263193,False,-13,Trung bình,Dài hạn
9962,163,The Beach Boys,Little Saint Nick - 1991 Remix,50,-1,13,10203756,True,-164,Trung bình,Dài hạn
9963,164,Lewis Capaldi,Someone You Loved,4,161,309,10191682,False,-3,Trung bình,Dài hạn
9964,165,Miley Cyrus,Flowers,1,138,100,10183690,False,-27,Trung bình,Dài hạn
9965,166,"Ariana Grande, Cynthia Erivo",What Is This Feeling?,107,107,3,10174966,False,-59,Trung bình,Ngắn hạn
9966,167,Kendrick Lamar,wacced out murals,9,58,3,10164231,False,-109,Trung bình,Ngắn hạn
9967,168,Ruth B.,Dandelions,34,180,162,10114516,False,12,Trung bình,Dài hạn
9968,169,"Kendrick Lamar, Dody6",hey now (feat. dody6),15,70,3,10024783,False,-99,Trung bình,Ngắn hạn
9969,170,Bruno Mars,When I Was Your Man,38,166,111,9998507,False,-4,Trung bình,Dài hạn
9970,171,"MC LUUKY, DJ JB Mix",Malvadinho,119,119,4,9996703,False,-52,Trung bình,Ngắn hạn
9971,172,Linkin Park,Heavy Is the Crown,15,128,12,9961144,False,-44,Trung bình,Trung hạn
9972,173,"Kelly Clarkson, Ariana Grande","Santa, Can’t You Hear Me",54,-1,9,9956287,True,-174,Trung bình,Trung hạn
9973,174,d4vd,Romantic Homicide,17,-1,109,9953619,True,-175,Trung bình,Dài hạn
9974,175,Harry Styles,As It Was,1,144,141,9922938,False,-31,Trung bình,Dài hạn
9975,176,Radiohead,Creep,110,152,55,9896401,False,-24,Trung bình,Dài hạn
9976,177,Jin,I’ll Be There,27,150,7,9799176,False,-27,Trung bình,Trung hạn
9977,178,ROSÉ,drinks or coffee,178,-1,1,9786261,True,-179,Trung bình,Ngắn hạn
9978,179,Jordan Adetunji,KEHLANI,36,-1,20,9742921,True,-180,Trung bình,Dài hạn
9979,180,Ed Sheeran,Perfect,4,155,376,9732417,False,-25,Trung bình,Dài hạn
9980,181,OneRepublic,Counting Stars,86,164,191,9727514,False,-17,Trung bình,Dài hạn
9981,182,Addison Rae,Diet Pepsi,32,175,15,9700878,False,-7,Trung bình,Dài hạn
9982,183,Ed Sheeran,Shape of You,1,139,344,9673088,False,-44,Trung bình,Dài hạn
9983,184,"Bing Crosby, The Andrews Sisters",Mele Kalikimaka (Merry Christmas),80,-1,4,9617699,True,-185,Thấp,Ngắn hạn
9984,185,Mariah Carey,Christmas (Baby Please Come Home),63,-1,22,9595646,True,-186,Thấp,Dài hạn
9985,186,TV Girl,Lovers Rock,100,188,77,9588938,False,2,Thấp,Dài hạn
9986,187,Gene Autry,Here Comes Santa Claus (Right Down Santa Claus Lane) - 1947 Version,99,-1,5,9585823,True,-188,Thấp,Trung hạn
9987,188,"Daniel Caesar, H.E.R.",Best Part (feat. H.E.R.),110,-1,26,9538783,True,-189,Thấp,Dài hạn
9988,189,"Tito Double P, Junior H",5-7,189,-1,1,9524131,True,-190,Thấp,Ngắn hạn
9989,190,V,Love Me Again,11,112,70,9523927,False,-78,Thấp,Dài hạn
9990,191,Travis Scott,goosebumps,13,187,270,9501444,False,-4,Thấp,Dài hạn
9991,192,LISA,Moonlit Floor (Kiss Me),13,134,10,9500280,False,-58,Thấp,Trung hạn
9992,193,"Jorsshh, Fuerza Regida",ROSONES,193,-1,1,9491933,True,-194,Thấp,Ngắn hạn
9993,194,"Kendrick Lamar, Wallie the Sensei, Siete7x, Roddy Ricch","dodger blue (feat. wallie the sensei, siete7x, roddy ricch)",24,74,3,9481961,False,-120,Thấp,Ngắn hạn
9994,195,Cigarettes After Sex,Cry,142,186,6,9477313,False,-9,Thấp,Trung hạn
9995,196,Coldplay,Sparks,90,194,23,9462539,False,-2,Thấp,Dài hạn
9996,197,"Rvssian, Rauw Alejandro, Ayra Starr",Santa,14,184,34,9445106,False,-13,Thấp,Dài hạn
9997,198,Bruno Mars,Talking to the Moon,45,-1,62,9393793,True,-199,Thấp,Dài hạn
9998,199,"Brenno & Matheus, DJ Ari SL",Descer Pra BC,199,-1,1,9358145,True,-200,Thấp,Ngắn hạn
9999,200,Britney Spears,My Only Wish (This Year),55,-1,24,9339554,True,-201,Thấp,Dài hạn
10000,1,"Lady Gaga, Bruno Mars",Die With A Smile,1,1,18,68135080,False,0,Rất cao,Dài hạn
10001,2,"ROSÉ, Bruno Mars",APT.,1,2,9,60486312,False,0,Rất cao,Trung hạn
10002,3,Mariah Carey,All I Want for Christmas Is You,1,3,64,51621732,False,0,Rất cao,Dài hạn
10003,4,Wham!,Last Christmas,2,4,58,50554131,False,0,Rất cao,Dài hạn
10004,5,Billie Eilish,BIRDS OF A FEATHER,1,5,31,45417447,False,0,Rất cao,Dài hạn
10005,6,Brenda Lee,Rockin' Around The Christmas Tree,3,6,50,44823735,False,0,Rất cao,Dài hạn
10006,7,Gracie Abrams,That’s So True,4,7,9,43330956,False,0,Rất cao,Trung hạn
10007,8,Bobby Helms,Jingle Bell Rock,4,9,49,41055176,False,1,Rất cao,Dài hạn
10008,9,"Kendrick Lamar, SZA",luther (with sza),3,8,4,35020901,False,-1,Rất cao,Ngắn hạn
10009,10,Ariana Grande,Santa Tell Me,3,11,50,34645959,False,1,Rất cao,Dài hạn
10010,11,Jimin,Who,1,10,22,34204629,False,-1,Rất cao,Dài hạn
10011,12,Sia,Snowman,9,16,38,30574093,False,4,Rất cao,Dài hạn
10012,13,Dean Martin,Let It Snow! Let It Snow! Let It Snow!,6,14,36,29668081,False,1,Rất cao,Dài hạn
10013,14,Gigi Perez,Sailor Song,7,13,18,29584305,False,-1,Rất cao,Dài hạn
10014,15,Andy Williams,It's the Most Wonderful Time of the Year,7,18,46,29155927,False,3,Rất cao,Dài hạn
10015,16,Kelly Clarkson,Underneath the Tree,9,21,38,28536313,False,5,Rất cao,Dài hạn
10016,17,Sabrina Carpenter,Espresso,1,12,36,27800226,False,-5,Rất cao,Dài hạn
10017,18,Billie Eilish,WILDFLOWER,9,17,31,26696347,False,-1,Rất cao,Dài hạn
10018,19,Michael Bublé,It's Beginning to Look a Lot like Christmas,6,24,47,26548915,False,5,Rất cao,Dài hạn
10019,20,José Feliciano,Feliz Navidad,8,30,38,25708186,False,10,Rất cao,Dài hạn
10020,21,"The Weeknd, Playboi Carti",Timeless (feat Playboi Carti),3,19,12,25558741,False,-2,Rất cao,Trung hạn
10021,22,Chappell Roan,"Good Luck, Babe!",6,23,36,24120486,False,1,Rất cao,Dài hạn
10022,23,"Oscar Maydon, Fuerza Regida",Tu Boda,5,22,11,23407509,False,-1,Rất cao,Trung hạn
10023,24,Benson Boone,Beautiful Things,1,26,48,23032821,False,2,Rất cao,Dài hạn
10024,25,Sabrina Carpenter,Taste,3,25,17,22792663,False,0,Rất cao,Dài hạn
10025,26,"Kendrick Lamar, Lefty Gunplay",tv off (feat. lefty gunplay),7,20,4,22703538,False,-6,Rất cao,Ngắn hạn
10026,27,"Arcane, Stromae, Pomme",Ma Meilleure Ennemie (from the series Arcane League of Legends),6,15,4,22617119,False,-12,Rất cao,Ngắn hạn
10027,28,Michael Bublé,Holly Jolly Christmas,12,35,40,22540345,False,7,Rất cao,Dài hạn
10028,29,The Ronettes,Sleigh Ride,12,40,35,22308152,False,11,Rất cao,Dài hạn
10029,30,KAROL G,Si Antes Te Hubiera Conocido,5,28,26,21790676,False,-2,Rất cao,Dài hạn
10030,31,Tito Double P,ROSONES,31,65,2,21444614,False,34,Rất cao,Ngắn hạn
10031,32,"Rauw Alejandro, Bad Bunny",Qué Pasaría...,17,27,5,20590598,False,-5,Rất cao,Trung hạn
10032,33,"Rauw Alejandro, Romeo Santos",Khé?,29,31,5,20312038,False,-2,Rất cao,Trung hạn
10033,34,ROSÉ,toxic till the end,29,29,2,20067075,False,-5,Rất cao,Ngắn hạn
10034,35,Justin Bieber,Mistletoe,15,53,42,20052665,False,18,Rất cao,Dài hạn
10035,36,Lola Young,Messy,36,87,2,19704871,False,51,Rất cao,Ngắn hạn
10036,37,"Myke Towers, benny blanco",DEGENERE 👑 (feat. benny blanco),37,43,9,19593691,False,6,Rất cao,Trung hạn
10037,38,Sabrina Carpenter,Please Please Please,1,34,28,19319343,False,-4,Rất cao,Dài hạn
10038,39,Paul McCartney,Wonderful Christmastime - Edited Version / Remastered 2011,15,77,38,18795878,False,38,Rất cao,Dài hạn
10039,40,Nat King Cole,The Christmas Song (Merry Christmas To You),24,56,36,18760078,False,16,Rất cao,Dài hạn
10040,41,Arctic Monkeys,I Wanna Be Yours,15,39,128,18491598,False,-2,Rất cao,Dài hạn
10041,42,Jin,Running Wild,10,33,5,18339356,False,-9,Rất cao,Trung hạn
10042,43,Teddy Swims,Lose Control,5,37,58,18270732,False,-6,Rất cao,Dài hạn
10043,44,"Perry Como, The Fontane Sisters, Mitchell Ayres & His Orchestra",It's Beginning to Look a Lot Like Christmas (with Mitchell Ayres & His Orchestra),29,49,34,17962947,False,5,Rất cao,Dài hạn
10044,45,Kendrick Lamar,squabble up,5,32,4,17802161,False,-13,Rất cao,Ngắn hạn
10045,46,"Tyler, The Creator, Kali Uchis",See You Again (feat. Kali Uchis),16,48,95,17530601,False,2,Rất cao,Dài hạn
10046,47,Gracie Abrams,"I Love You, I'm Sorry",16,46,20,17527973,False,-1,Rất cao,Dài hạn
10047,48,"Tyler, The Creator, Lola Young",Like Him (feat. Lola Young),42,61,8,17474075,False,13,Rất cao,Trung hạn
10048,49,Lord Huron,The Night We Met,15,38,113,17407373,False,-11,Rất cao,Dài hạn
10049,50,"The Weeknd, JENNIE, Lily-Rose Depp","One Of The Girls (with JENNIE, Lily Rose Depp)",3,41,63,17402002,False,-9,Rất cao,Dài hạn
10050,51,Ariana Grande,we can't be friends (wait for your love),1,44,41,17336211,False,-7,Rất cao,Dài hạn
10051,52,"John Lennon, Yoko Ono",Happy Xmas (War Is Over) - Remastered 2010,13,70,37,17211484,False,18,Rất cao,Dài hạn
10052,53,John Williams,"Carol of the Bells (From ""Home Alone"" Soundtrack)",53,63,15,16823158,False,10,Rất cao,Dài hạn
10053,54,The Neighbourhood,Sweater Weather,16,51,225,16730544,False,-3,Rất cao,Dài hạn
10054,55,Tito Double P,NADIE,37,45,4,16729489,False,-10,Rất cao,Ngắn hạn
10055,56,Bruno Mars,Locked out of Heaven,23,59,132,16341476,False,3,Rất cao,Dài hạn
10056,57,"Tyler, The Creator, GloRilla, Sexyy Red, Lil Wayne","Sticky (feat. GloRilla, Sexyy Red & Lil Wayne)",20,64,8,16322362,False,7,Rất cao,Trung hạn
10057,58,Sabrina Carpenter,A Nonsense Christmas,58,93,2,16177239,False,35,Rất cao,Ngắn hạn
10058,59,Djo,End of Beginning,3,42,44,16171814,False,-17,Rất cao,Dài hạn
10059,60,Bruno Mars,Just the Way You Are,34,67,102,16104806,False,7,Rất cao,Dài hạn
10060,61,Hozier,Too Sweet,2,47,39,16102213,False,-14,Rất cao,Dài hạn
10061,62,"Feid, ATL Jacob",LUNA,9,58,54,15687749,False,-4,Rất cao,Dài hạn
10062,63,Bruno Mars,That's What I Like,6,57,123,15641986,False,-6,Rất cao,Dài hạn
10063,64,Shakin' Stevens,Merry Christmas Everyone,26,83,36,15451092,False,19,Rất cao,Dài hạn
10064,65,Darlene Love,Christmas (Baby Please Come Home),33,97,23,15412970,False,32,Rất cao,Dài hạn
10065,66,"Ed Sheeran, Elton John",Merry Christmas,23,108,15,15393652,False,42,Rất cao,Dài hạn
10066,67,Shaboozey,A Bar Song (Tipsy),6,50,36,15284607,False,-17,Rất cao,Dài hạn
10067,68,"V, Park Hyo Shin",Winter Ahead (with PARK HYO SHIN),29,54,3,15123171,False,-14,Rất cao,Ngắn hạn
10068,69,"Gabito Ballesteros, Natanael Cano, Luis R Conriquez, Neton Vega",Presidente,44,62,8,15002222,False,-7,Cao,Trung hạn
10069,70,Band Aid,Do They Know It's Christmas? - 1984 Version,12,143,37,14967239,False,73,Cao,Dài hạn
10070,71,SZA,Kill Bill,1,82,106,14817404,False,11,Cao,Dài hạn
10071,72,"Tito Double P, Peso Pluma",DOS DÍAS,31,60,16,14725249,False,-12,Cao,Dài hạn
10072,73,"Frank Sinatra, B. Swanson Quartet",Let It Snow! Let It Snow! Let It Snow! (with The B. Swanson Quartet),19,91,39,14575012,False,18,Cao,Dài hạn
10073,74,Tito Double P,EL LOKERON,21,72,16,14067214,False,-2,Cao,Dài hạn
10074,75,Coldplay,Yellow,19,78,209,14018023,False,3,Cao,Dài hạn
10075,76,The Kid LAROI,NIGHTS LIKE THIS,41,73,26,13961473,False,-3,Cao,Dài hạn
10076,77,Bad Bunny,EL CLúB,36,36,2,13950077,False,-41,Cao,Ngắn hạn
10077,78,Linkin Park,The Emptiness Machine,6,68,15,13945216,False,-10,Cao,Dài hạn
10078,79,yung kai,blue,79,96,3,13856546,False,17,Cao,Ngắn hạn
10079,80,The Police,Every Breath You Take,77,85,158,13836069,False,5,Cao,Dài hạn
10080,81,Chuck Berry,Run Rudolph Run,52,110,24,13696586,False,29,Cao,Dài hạn
10081,82,Chris Rea,Driving Home for Christmas - 2019 Remaster,21,119,35,13596215,False,37,Cao,Dài hạn
10082,83,Vance Joy,Riptide,30,95,201,13543907,False,12,Cao,Dài hạn
10083,84,"FloyyMenor, Cris Mj",Gata Only,3,69,45,13486267,False,-15,Cao,Dài hạn
10084,85,Taylor Swift,Cruel Summer,2,74,98,13337607,False,-11,Cao,Dài hạn
10085,86,One Direction,Night Changes,8,89,112,13238467,False,3,Cao,Dài hạn
10086,87,Chase Atlantic,Swim,87,98,11,13208038,False,11,Cao,Trung hạn
10087,88,Elvis Presley,Blue Christmas,34,114,32,13118071,False,26,Cao,Dài hạn
10088,89,Mitski,My Love Mine All Mine,3,66,65,13112680,False,-23,Cao,Dài hạn
10089,90,Kendrick Lamar,Not Like Us,2,71,33,12989725,False,-19,Cao,Dài hạn
10090,91,Coldplay,Viva La Vida,31,102,121,12942404,False,11,Cao,Dài hạn
10091,92,Artemas,i like the way you kiss me,1,75,39,12886353,False,-17,Cao,Dài hạn
10092,93,Peso Pluma,gervonta,93,103,2,12868086,False,10,Cao,Ngắn hạn
10093,94,Pentatonix,Hallelujah,70,126,15,12852848,False,32,Cao,Dài hạn
10094,95,SZA,Snooze,27,94,95,12829538,False,-1,Cao,Dài hạn
10095,96,The Goo Goo Dolls,Iris,40,90,68,12758740,False,-6,Cao,Dài hạn
10096,97,Tommy Richman,MILLION DOLLAR BABY,1,81,34,12752604,False,-16,Cao,Dài hạn
10097,98,"Jung Kook, Latto",Seven (feat. Latto) (Explicit Ver.),1,86,75,12750098,False,-12,Cao,Dài hạn
10098,99,Laufey,Winter Wonderland - Spotify Singles Holiday,87,123,5,12706118,False,24,Cao,Trung hạn
10099,100,Burl Ives,Christmas Child,23,116,34,12679140,False,16,Cao,Dài hạn
10100,101,"Travis Scott, Playboi Carti",FE!N (feat. Playboi Carti),5,76,66,12672315,False,-25,Cao,Dài hạn
10101,102,"Post Malone, Morgan Wallen",I Had Some Help (Feat. Morgan Wallen),3,80,32,12670800,False,-22,Cao,Dài hạn
10102,103,Linkin Park,In the End,22,92,71,12592248,False,-11,Cao,Dài hạn
10103,104,Sabrina Carpenter,Bed Chem,9,84,17,12439185,False,-20,Cao,Dài hạn
10104,105,Billie Eilish,CHIHIRO,5,99,31,12280023,False,-6,Cao,Dài hạn
10105,106,Nat King Cole,Deck The Hall,55,106,10,12265029,False,0,Cao,Trung hạn
10106,107,Frank Sinatra,Have Yourself A Merry Little Christmas - Remastered 1999,96,157,6,12236204,False,50,Cao,Trung hạn
10107,108,Chezile,Beanie,108,132,5,12185910,False,24,Cao,Trung hạn
10108,109,"The Weeknd, Daft Punk",Starboy,1,104,220,12157355,False,-5,Cao,Dài hạn
10109,110,"Omar Courtz, De La Rose",Q U E V A S H A C E R H O Y ?,13,105,12,11999103,False,-5,Cao,Trung hạn
10110,111,Elton John,Step Into Christmas - Remastered 1995,36,137,23,11998294,False,26,Cao,Dài hạn
10111,112,Frank Sinatra,Jingle Bells - Remastered 1999,38,133,16,11995653,False,21,Cao,Dài hạn
10112,113,"Bing Crosby, The Andrews Sisters",Mele Kalikimaka (Merry Christmas),80,184,5,11994178,False,71,Cao,Trung hạn
10113,114,ROSÉ,number one girl,46,52,4,11992066,False,-62,Cao,Ngắn hạn
10114,115,The Beach Boys,Little Saint Nick - 1991 Remix,50,163,14,11864521,False,48,Cao,Dài hạn
10115,116,"The Pogues, Kirsty MacColl",Fairytale of New York (feat. Kirsty MacColl),47,160,30,11701154,False,44,Cao,Dài hạn
10116,117,Cigarettes After Sex,Apocalypse,62,100,127,11676995,False,-17,Cao,Dài hạn
10117,118,"Kelly Clarkson, Ariana Grande","Santa, Can’t You Hear Me",54,173,10,11591112,False,55,Cao,Trung hạn
10118,119,"Bing Crosby, Ken Darby Singers, John Scott Trotter & His Orchestra",White Christmas - 1947 Version,26,-1,36,11542827,True,-120,Cao,Dài hạn
10119,120,Don Toliver,No Pole,102,112,6,11539503,False,-8,Cao,Trung hạn
10120,121,"Charli xcx, Billie Eilish",Guess featuring billie eilish,5,121,20,11367002,False,0,Cao,Dài hạn
10121,122,Frank Ocean,Pink + White,67,107,83,11332213,False,-15,Cao,Dài hạn
10122,123,"Peso Pluma, Neton Vega",LA PATRULLA,33,111,26,11323518,False,-12,Cao,Dài hạn
10123,124,"Eartha Kitt, Henri René and His Orchestra",Santa Baby (with Henri René & His Orchestra),48,159,18,11315790,False,35,Cao,Dài hạn
10124,125,Linkin Park,Numb,24,134,42,11246839,False,9,Trung bình,Dài hạn
10125,126,"Natanael Cano, Nueva H",Amapola,126,138,2,11236755,False,12,Trung bình,Ngắn hạn
10126,127,Arctic Monkeys,505,43,120,154,11207668,False,-7,Trung bình,Dài hạn
10127,128,Tom Odell,Another Love,15,113,193,11179840,False,-15,Trung bình,Dài hạn
10128,129,Chappell Roan,HOT TO GO!,22,122,27,11138840,False,-7,Trung bình,Dài hạn
10129,130,"Arcane, Twenty One Pilots",The Line (from the series Arcane League of Legends),100,-1,3,11137041,True,-131,Trung bình,Ngắn hạn
10130,131,FloyyMenor,PELIGROSA,26,135,19,10973191,False,4,Trung bình,Dài hạn
10131,132,The Weeknd,Blinding Lights,1,125,264,10953262,False,-7,Trung bình,Dài hạn
10132,133,Britney Spears,My Only Wish (This Year),55,200,25,10920328,False,67,Trung bình,Dài hạn
10133,134,Juice WRLD,Empty Out Your Pockets,88,88,3,10877535,False,-46,Trung bình,Ngắn hạn
10134,135,"Cynthia Erivo, Ariana Grande",Defying Gravity,61,101,4,10845667,False,-34,Trung bình,Ngắn hạn
10135,136,Hotel Ugly,Shut up My Moms Calling,78,158,102,10831706,False,22,Trung bình,Dài hạn
10136,137,The Weeknd,Die For You,12,141,149,10795433,False,4,Trung bình,Dài hạn
10137,138,Eagles,Please Come Home for Christmas - 2013 Remaster,51,-1,8,10772955,True,-139,Trung bình,Trung hạn
10138,139,Gunna,on one tonight,139,149,5,10701843,False,10,Trung bình,Trung hạn
10139,140,"Tito Double P, Chino Pacas",ESCAPATE,39,136,15,10614403,False,-4,Trung bình,Dài hạn
10140,141,Juice WRLD,Lucid Dreams,3,115,201,10608539,False,-26,Trung bình,Dài hạn
10141,142,Noah Kahan,Stick Season,6,109,63,10600901,False,-33,Trung bình,Dài hạn
10142,143,JENNIE,Mantra,11,118,10,10585535,False,-25,Trung bình,Trung hạn
10143,144,Tyla,PUSH 2 START,144,-1,1,10542277,True,-145,Trung bình,Ngắn hạn
10144,145,Tate McRae,greedy,1,127,66,10484492,False,-18,Trung bình,Dài hạn
10145,146,"Gwen Stefani, Blake Shelton",You Make It Feel Like Christmas (feat. Blake Shelton),88,-1,11,10467954,True,-147,Trung bình,Trung hạn
10146,147,"Billie Eilish, Khalid",lovely (with Khalid),24,150,348,10461146,False,3,Trung bình,Dài hạn
10147,148,The Walters,I Love You So,21,140,136,10439386,False,-8,Trung bình,Dài hạn
10148,149,Mariah Carey,Christmas (Baby Please Come Home),63,185,23,10434801,False,36,Trung bình,Dài hạn
10149,150,Arctic Monkeys,No. 1 Party Anthem,114,130,6,10417582,False,-20,Trung bình,Trung hạn
10150,151,"Kendrick Lamar, SZA",All The Stars (with SZA),2,162,79,10400523,False,11,Trung bình,Dài hạn
10151,152,Vince Guaraldi Trio,Christmas Time Is Here,127,-1,3,10373295,True,-153,Trung bình,Ngắn hạn
10152,153,"Jorsshh, Fuerza Regida",ROSONES,153,193,2,10353544,False,40,Trung bình,Ngắn hạn
10153,154,Teddy Swims,Bad Dreams,83,117,7,10326997,False,-37,Trung bình,Trung hạn
10154,155,Eminem,Without Me,31,147,169,10312383,False,-8,Trung bình,Dài hạn
10155,156,Miley Cyrus,Flowers,1,165,101,10304355,False,9,Trung bình,Dài hạn
10156,157,"MC Tuto, DJ Glenner",Barbie,39,146,8,10226619,False,-11,Trung bình,Trung hạn
10157,158,Sabrina Carpenter,Nonsense,17,144,100,10207297,False,-14,Trung bình,Dài hạn
10158,159,Dasha,Austin (Boots Stop Workin'),20,131,41,10179041,False,-28,Trung bình,Dài hạn
10159,160,SZA,Nobody Gets Me,12,142,37,10177936,False,-18,Trung bình,Dài hạn
10160,161,Ed Sheeran,Shape of You,1,183,345,10172184,False,22,Trung bình,Dài hạn
10161,162,"The Chainsmokers, Coldplay",Something Just Like This,2,161,238,10162849,False,-1,Trung bình,Dài hạn
10162,163,Mark Ambor,Run Rudolph Run - Spotify Singles Holiday,163,-1,1,10089877,True,-164,Trung bình,Ngắn hạn
10163,164,Myles Smith,Stargazing,16,145,32,10065004,False,-19,Trung bình,Dài hạn
10164,165,SZA,Saturn,17,148,37,10016597,False,-17,Trung bình,Dài hạn
10165,166,Sabrina Carpenter,Juno,23,128,17,9984355,False,-38,Trung bình,Dài hạn
10166,167,Harry Styles,As It Was,1,175,142,9957996,False,8,Trung bình,Dài hạn
10167,168,Chino Pacas,Morena Canela,148,154,4,9915972,False,-14,Trung bình,Ngắn hạn
10168,169,Lil Tecca,Ransom,3,153,66,9900484,False,-16,Trung bình,Dài hạn
10169,170,"Bad Bunny, Feid",PERRO NEGRO,4,124,52,9870543,False,-46,Trung bình,Dài hạn
10170,171,Bruno Mars,Talking to the Moon,45,198,63,9819671,False,27,Trung bình,Dài hạn
10171,172,The Marías,No One Noticed,114,156,6,9800083,False,-16,Trung bình,Trung hạn
10172,173,OneRepublic,Counting Stars,86,181,192,9783965,False,8,Trung bình,Dài hạn
10173,174,Ed Sheeran,Perfect,4,180,377,9780531,False,6,Trung bình,Dài hạn
10174,175,Ruth B.,Dandelions,34,168,163,9774985,False,-7,Trung bình,Dài hạn
10175,176,Radiohead,Creep,110,176,56,9708850,False,0,Trung bình,Dài hạn
10176,177,Juice WRLD,All Girls Are The Same,48,129,92,9690961,False,-48,Trung bình,Dài hạn
10177,178,Bruno Mars,When I Was Your Man,38,170,112,9531730,False,-8,Thấp,Dài hạn
10178,179,Queen,Thank God It's Christmas - Non-Album Single,57,-1,12,9526565,True,-180,Thấp,Trung hạn
10179,180,Gene Autry,Here Comes Santa Claus (Right Down Santa Claus Lane) - 1947 Version,99,187,6,9522419,False,7,Thấp,Trung hạn
10180,181,Lewis Capaldi,Someone You Loved,4,164,310,9488365,False,-17,Thấp,Dài hạn
10181,182,Taylor Swift,Christmas Tree Farm,84,-1,6,9459322,True,-183,Thấp,Trung hạn
10182,183,Conan Gray,Heather,12,139,157,9459220,False,-44,Thấp,Dài hạn
10183,184,Journey,Don't Stop Believin' (2022 Remaster),89,-1,40,9355563,True,-185,Thấp,Dài hạn
10184,185,"The Kid LAROI, Justin Bieber",STAY (with Justin Bieber),1,-1,170,9320207,True,-186,Thấp,Dài hạn
10185,186,"Daniel Caesar, H.E.R.",Best Part (feat. H.E.R.),110,188,27,9294763,False,2,Thấp,Dài hạn
10186,187,Linkin Park,Heavy Is the Crown,15,172,13,9279588,False,-15,Thấp,Dài hạn
10187,188,Hozier,Take Me To Church,108,-1,170,9253141,True,-189,Thấp,Dài hạn
10188,189,Addison Rae,Diet Pepsi,32,182,16,9252848,False,-7,Thấp,Dài hạn
10189,190,Tyla,Water,12,-1,56,9235144,True,-191,Thấp,Dài hạn
10190,191,Burl Ives,Rudolph The Red-Nosed Reindeer,122,-1,3,9233564,True,-192,Thấp,Ngắn hạn
10191,192,"V, Bing Crosby",White Christmas (with V of BTS),55,55,2,9159935,False,-137,Thấp,Ngắn hạn
10192,193,Richy Mitch & The Coal Miners,Evergreen,40,-1,43,9155714,True,-194,Thấp,Dài hạn
10193,194,TV Girl,Lovers Rock,100,186,78,9106333,False,-8,Thấp,Dài hạn
10194,195,Keane,Somewhere Only We Know,80,-1,109,9087426,True,-196,Thấp,Dài hạn
10195,196,XXXTENTACION,Revenge,63,151,74,9069873,False,-45,Thấp,Dài hạn
10196,197,Junior H,ROCKSTAR,96,-1,9,9051318,True,-198,Thấp,Trung hạn
10197,198,"The Weeknd, Anitta",São Paulo (feat. Anitta),13,-1,5,8989800,True,-199,Thấp,Trung hạn
10198,199,Travis Scott,HIGHEST IN THE ROOM,1,-1,108,8954659,True,-200,Thấp,Dài hạn
10199,200,"Ariana Grande, Cynthia Erivo",What Is This Feeling?,107,166,4,8918641,False,-34,Thấp,Ngắn hạn
10200,1,Mariah Carey,All I Want for Christmas Is You,1,3,65,92506541,False,2,Rất cao,Dài hạn
10201,2,Wham!,Last Christmas,2,4,59,91090914,False,2,Rất cao,Dài hạn
10202,3,Brenda Lee,Rockin' Around The Christmas Tree,3,6,51,82406485,False,3,Rất cao,Dài hạn
10203,4,Bobby Helms,Jingle Bell Rock,4,8,50,72625966,False,4,Rất cao,Dài hạn
10204,5,"Lady Gaga, Bruno Mars",Die With A Smile,1,1,19,67215526,False,-4,Rất cao,Dài hạn
10205,6,Ariana Grande,Santa Tell Me,3,10,51,60264421,False,4,Rất cao,Dài hạn
10206,7,"ROSÉ, Bruno Mars",APT.,1,2,10,57351933,False,-5,Rất cao,Trung hạn
10207,8,Dean Martin,Let It Snow! Let It Snow! Let It Snow!,6,13,37,53709396,False,5,Rất cao,Dài hạn
10208,9,Kelly Clarkson,Underneath the Tree,9,16,39,52913596,False,7,Rất cao,Dài hạn
10209,10,Sia,Snowman,9,12,39,50418417,False,2,Rất cao,Dài hạn
10210,11,Andy Williams,It's the Most Wonderful Time of the Year,7,15,47,50280642,False,4,Rất cao,Dài hạn
10211,12,José Feliciano,Feliz Navidad,8,20,39,48740674,False,8,Rất cao,Dài hạn
10212,13,Michael Bublé,It's Beginning to Look a Lot like Christmas,6,19,48,47360169,False,6,Rất cao,Dài hạn
10213,14,The Ronettes,Sleigh Ride,12,29,36,42001311,False,15,Rất cao,Dài hạn
10214,15,Gracie Abrams,That’s So True,4,7,10,41112529,False,-8,Rất cao,Trung hạn
10215,16,Billie Eilish,BIRDS OF A FEATHER,1,5,32,40986073,False,-11,Rất cao,Dài hạn
10216,17,Michael Bublé,Holly Jolly Christmas,12,28,41,39036090,False,11,Rất cao,Dài hạn
10217,18,Nat King Cole,The Christmas Song (Merry Christmas To You),18,40,37,37621527,False,22,Rất cao,Dài hạn
10218,19,Justin Bieber,Mistletoe,15,35,43,37418983,False,16,Rất cao,Dài hạn
10219,20,Paul McCartney,Wonderful Christmastime - Edited Version / Remastered 2011,15,39,39,34223919,False,19,Rất cao,Dài hạn
10220,21,"John Lennon, Yoko Ono",Happy Xmas (War Is Over) - Remastered 2010,13,52,38,33861729,False,31,Rất cao,Dài hạn
10221,22,Jimin,Who,1,11,23,33003963,False,-11,Rất cao,Dài hạn
10222,23,"Perry Como, The Fontane Sisters, Mitchell Ayres & His Orchestra",It's Beginning to Look a Lot Like Christmas (with Mitchell Ayres & His Orchestra),23,44,35,31758817,False,21,Rất cao,Dài hạn
10223,24,"Ed Sheeran, Elton John",Merry Christmas,23,66,16,30055413,False,42,Rất cao,Dài hạn
10224,25,"Kendrick Lamar, SZA",luther (with sza),3,9,5,29912227,False,-16,Rất cao,Trung hạn
10225,26,Shakin' Stevens,Merry Christmas Everyone,26,64,37,29453522,False,38,Rất cao,Dài hạn
10226,27,Band Aid,Do They Know It's Christmas? - 1984 Version,12,70,38,28394776,False,43,Rất cao,Dài hạn
10227,28,John Williams,"Carol of the Bells (From ""Home Alone"" Soundtrack)",28,53,16,28266173,False,25,Rất cao,Dài hạn
10228,29,Darlene Love,Christmas (Baby Please Come Home),29,65,24,28179652,False,36,Rất cao,Dài hạn
10229,30,"Frank Sinatra, B. Swanson Quartet",Let It Snow! Let It Snow! Let It Snow! (with The B. Swanson Quartet),19,73,40,26541274,False,43,Rất cao,Dài hạn
10230,31,Chris Rea,Driving Home for Christmas - 2019 Remaster,21,82,36,26371935,False,51,Rất cao,Dài hạn
10231,32,Gigi Perez,Sailor Song,7,14,19,26302504,False,-18,Rất cao,Dài hạn
10232,33,Laufey,Winter Wonderland - Spotify Singles Holiday,33,99,6,26241103,False,66,Rất cao,Trung hạn
10233,34,"Bing Crosby, Ken Darby Singers, John Scott Trotter & His Orchestra",White Christmas - 1947 Version,26,119,37,26202577,False,85,Rất cao,Dài hạn
10234,35,Elvis Presley,Blue Christmas,34,88,33,26061648,False,53,Rất cao,Dài hạn
10235,36,Sabrina Carpenter,Espresso,1,17,37,25925941,False,-19,Rất cao,Dài hạn
10236,37,Sabrina Carpenter,A Nonsense Christmas,37,58,3,24883797,False,21,Rất cao,Ngắn hạn
10237,38,Chuck Berry,Run Rudolph Run,38,81,25,24295645,False,43,Rất cao,Dài hạn
10238,39,"The Weeknd, Playboi Carti",Timeless (feat Playboi Carti),3,21,13,24139905,False,-18,Rất cao,Dài hạn
10239,40,Pentatonix,Hallelujah,40,94,16,23475723,False,54,Rất cao,Dài hạn
10240,41,Billie Eilish,WILDFLOWER,9,18,32,23399133,False,-23,Rất cao,Dài hạn
10241,42,Frank Sinatra,Jingle Bells - Remastered 1999,38,112,17,22363093,False,70,Rất cao,Dài hạn
10242,43,Bruce Springsteen,"Santa Claus Is Comin' to Town - Live at C.W. Post College, Greenvale, NY - December 1975",43,-1,14,22019354,True,-44,Rất cao,Dài hạn
10243,44,"Kelly Clarkson, Ariana Grande","Santa, Can’t You Hear Me",44,118,11,22002821,False,74,Rất cao,Trung hạn
10244,45,"Oscar Maydon, Fuerza Regida",Tu Boda,5,23,12,21881018,False,-22,Rất cao,Trung hạn
10245,46,Mark Ambor,Run Rudolph Run - Spotify Singles Holiday,46,163,2,21853664,False,117,Rất cao,Ngắn hạn
10246,47,Frank Sinatra,Have Yourself A Merry Little Christmas - Remastered 1999,47,107,7,21850846,False,60,Rất cao,Trung hạn
10247,48,The Beach Boys,Little Saint Nick - 1991 Remix,48,115,15,21838564,False,67,Rất cao,Dài hạn
10248,49,Elton John,Step Into Christmas - Remastered 1995,36,111,24,21834783,False,62,Rất cao,Dài hạn
10249,50,KAROL G,Si Antes Te Hubiera Conocido,5,30,27,21782938,False,-20,Rất cao,Dài hạn
10250,51,"The Pogues, Kirsty MacColl",Fairytale of New York (feat. Kirsty MacColl),47,116,31,21507859,False,65,Rất cao,Dài hạn
10251,52,Benson Boone,Beautiful Things,1,24,49,21506467,False,-28,Rất cao,Dài hạn
10252,53,Eagles,Please Come Home for Christmas - 2013 Remaster,51,138,9,21241302,False,85,Rất cao,Trung hạn
10253,54,Chappell Roan,"Good Luck, Babe!",6,22,37,21194681,False,-32,Rất cao,Dài hạn
10254,55,Britney Spears,My Only Wish (This Year),55,133,26,20786365,False,78,Rất cao,Dài hạn
10255,56,Nat King Cole,Deck The Hall,55,106,11,20351692,False,50,Rất cao,Trung hạn
10256,57,Tito Double P,ROSONES,31,31,3,20295760,False,-26,Rất cao,Ngắn hạn
10257,58,"Eartha Kitt, Henri René and His Orchestra",Santa Baby (with Henri René & His Orchestra),48,124,19,20126542,False,66,Rất cao,Dài hạn
10258,59,Queen,Thank God It's Christmas - Non-Album Single,57,179,13,20117973,False,120,Rất cao,Dài hạn
10259,60,Sabrina Carpenter,Taste,3,25,18,20076320,False,-35,Rất cao,Dài hạn
10260,61,"Bing Crosby, The Andrews Sisters",Mele Kalikimaka (Merry Christmas),61,113,6,19885638,False,52,Rất cao,Trung hạn
10261,62,Lola Young,Messy,36,36,3,19569002,False,-26,Rất cao,Ngắn hạn
10262,63,"Gwen Stefani, Blake Shelton",You Make It Feel Like Christmas (feat. Blake Shelton),63,146,12,19485640,False,83,Rất cao,Trung hạn
10263,64,Mariah Carey,Christmas (Baby Please Come Home),63,149,24,19123823,False,85,Rất cao,Dài hạn
10264,65,"V, Park Hyo Shin",Winter Ahead (with PARK HYO SHIN),29,68,4,18820811,False,3,Rất cao,Ngắn hạn
10265,66,"Kendrick Lamar, Lefty Gunplay",tv off (feat. lefty gunplay),7,26,5,18333663,False,-40,Rất cao,Trung hạn
10266,67,"Rauw Alejandro, Romeo Santos",Khé?,29,33,6,18261815,False,-34,Rất cao,Trung hạn
10267,68,"Rauw Alejandro, Bad Bunny",Qué Pasaría...,17,32,6,17965321,False,-36,Rất cao,Trung hạn
10268,69,Sabrina Carpenter,Please Please Please,1,38,29,17869226,False,-31,Rất cao,Dài hạn
10269,70,"The Weeknd, JENNIE, Lily-Rose Depp","One Of The Girls (with JENNIE, Lily Rose Depp)",3,50,64,17772778,False,-20,Rất cao,Dài hạn
10270,71,"Myke Towers, benny blanco",DEGENERE 👑 (feat. benny blanco),37,37,10,17733417,False,-34,Rất cao,Trung hạn
10271,72,"Arcane, Stromae, Pomme",Ma Meilleure Ennemie (from the series Arcane League of Legends),6,27,5,17719776,False,-45,Rất cao,Trung hạn
10272,73,Kesha,Holiday Road - Spotify Singles Holiday,73,-1,1,17291341,True,-74,Rất cao,Ngắn hạn
10273,74,Teddy Swims,Lose Control,5,43,59,17273655,False,-31,Rất cao,Dài hạn
10274,75,"Tyler, The Creator, Kali Uchis",See You Again (feat. Kali Uchis),16,46,96,17218714,False,-29,Rất cao,Dài hạn
10275,76,Vince Guaraldi Trio,Christmas Time Is Here,76,152,4,17180050,False,76,Rất cao,Ngắn hạn
10276,77,Gene Autry,Here Comes Santa Claus (Right Down Santa Claus Lane) - 1947 Version,77,180,7,16783192,False,103,Rất cao,Trung hạn
10277,78,Arctic Monkeys,I Wanna Be Yours,15,41,129,16771278,False,-37,Rất cao,Dài hạn
10278,79,Taylor Swift,Christmas Tree Farm,79,182,7,16367452,False,103,Rất cao,Trung hạn
10279,80,Coldplay,Christmas Lights,61,-1,19,16302941,True,-81,Rất cao,Dài hạn
10280,81,Céline Dion,O Holy Night,81,-1,1,16280689,True,-82,Rất cao,Ngắn hạn
10281,82,SZA,Kill Bill,1,71,107,16144041,False,-11,Rất cao,Dài hạn
10282,83,Lord Huron,The Night We Met,15,49,114,16057540,False,-34,Rất cao,Dài hạn
10283,84,Jin,Running Wild,10,42,6,16031480,False,-42,Rất cao,Trung hạn
10284,85,"Tyler, The Creator, Lola Young",Like Him (feat. Lola Young),42,48,9,15702843,False,-37,Rất cao,Trung hạn
10285,86,Ariana Grande,we can't be friends (wait for your love),1,51,42,15679326,False,-35,Rất cao,Dài hạn
10286,87,The Neighbourhood,Sweater Weather,16,54,226,15544916,False,-33,Rất cao,Dài hạn
10287,88,yung kai,blue,79,79,4,15458911,False,-9,Rất cao,Ngắn hạn
10288,89,Bruno Mars,Locked out of Heaven,23,56,133,15376396,False,-33,Rất cao,Dài hạn
10289,90,Bruno Mars,That's What I Like,6,63,124,15244265,False,-27,Rất cao,Dài hạn
10290,91,Tito Double P,NADIE,37,55,5,15089638,False,-36,Rất cao,Trung hạn
10291,92,Jonas Brothers,Like It's Christmas,76,-1,8,15063475,True,-93,Rất cao,Trung hạn
10292,93,Bruno Mars,Just the Way You Are,34,60,103,15060731,False,-33,Rất cao,Dài hạn
10293,94,Gracie Abrams,"I Love You, I'm Sorry",16,47,21,14999184,False,-47,Cao,Dài hạn
10294,95,"Tito Double P, Peso Pluma",DOS DÍAS,31,72,17,14880480,False,-23,Cao,Dài hạn
10295,96,ROSÉ,toxic till the end,29,34,3,14831542,False,-62,Cao,Ngắn hạn
10296,97,Hozier,Too Sweet,2,61,40,14766648,False,-36,Cao,Dài hạn
10297,98,SZA,Snooze,27,95,96,14748624,False,-3,Cao,Dài hạn
10298,99,"Gabito Ballesteros, Natanael Cano, Luis R Conriquez, Neton Vega",Presidente,44,69,9,14741568,False,-30,Cao,Trung hạn
10299,100,Djo,End of Beginning,3,59,45,14631912,False,-41,Cao,Dài hạn
10300,101,Daryl Hall & John Oates,Jingle Bell Rock - Daryl's Version,44,-1,20,14476755,True,-102,Cao,Dài hạn
10301,102,The Police,Every Breath You Take,77,80,159,14435926,False,-22,Cao,Dài hạn
10302,103,Burl Ives,Rudolph The Red-Nosed Reindeer,103,191,4,14295510,False,88,Cao,Ngắn hạn
10303,104,"Tyler, The Creator, GloRilla, Sexyy Red, Lil Wayne","Sticky (feat. GloRilla, Sexyy Red & Lil Wayne)",20,57,9,14230974,False,-47,Cao,Trung hạn
10304,105,Laufey,Santa Baby,105,-1,1,14192408,True,-106,Cao,Ngắn hạn
10305,106,"Feid, ATL Jacob",LUNA,9,62,55,14145208,False,-44,Cao,Dài hạn
10306,107,Meghan Trainor,I'll Be Home,94,-1,7,14064455,True,-108,Cao,Trung hạn
10307,108,The Weavers,We Wish You A Merry Christmas,23,100,35,13997791,False,-8,Cao,Dài hạn
10308,109,SZA,Saturn,17,165,38,13965479,False,56,Cao,Dài hạn
10309,110,Sia,Santa's Coming for Us,71,-1,13,13922049,True,-111,Cao,Dài hạn
10310,111,Shaboozey,A Bar Song (Tipsy),6,67,37,13914671,False,-44,Cao,Dài hạn
10311,112,Kendrick Lamar,squabble up,5,45,5,13573157,False,-67,Cao,Trung hạn
10312,113,"SZA, Kendrick Lamar",30 For 30 (with Kendrick Lamar),113,-1,1,13482706,True,-114,Cao,Ngắn hạn
10313,114,Tito Double P,EL LOKERON,21,74,17,13456778,False,-40,Cao,Dài hạn
10314,115,Bing Crosby,Do You Hear What I Hear? - Remastered 2006,115,-1,4,13235712,True,-116,Cao,Ngắn hạn
10315,116,Donny Hathaway,This Christmas,90,-1,5,13227039,True,-117,Cao,Trung hạn
10316,117,Michael Bublé,Winter Wonderland,117,-1,1,13226704,True,-118,Cao,Ngắn hạn
10317,118,Vance Joy,Riptide,30,83,202,13165993,False,-35,Cao,Dài hạn
10318,119,Coldplay,Yellow,19,75,210,13134509,False,-44,Cao,Dài hạn
10319,120,"FloyyMenor, Cris Mj",Gata Only,3,84,46,13096929,False,-36,Cao,Dài hạn
10320,121,Chase Atlantic,Swim,87,87,12,13016134,False,-34,Cao,Trung hạn
10321,122,Coldplay,Viva La Vida,31,91,122,12637529,False,-31,Cao,Dài hạn
10322,123,Nat King Cole,Joy To The World,97,-1,9,12535409,True,-124,Cao,Trung hạn
10323,124,Ava Max,Christmas Without You,102,-1,4,12499510,True,-125,Cao,Ngắn hạn
10324,125,One Direction,Night Changes,8,86,113,12486433,False,-39,Cao,Dài hạn
10325,126,Bing Crosby,Winter Wonderland - Remastered 2006,115,-1,6,12393186,True,-127,Cao,Trung hạn
10326,127,Elvis Presley,Here Comes Santa Claus (Right Down Santa Claus Lane),113,-1,3,12376051,True,-128,Cao,Ngắn hạn
10327,128,Ella Fitzgerald,Frosty The Snowman,128,-1,3,12363401,True,-129,Cao,Ngắn hạn
10328,129,*NSYNC,"Merry Christmas, Happy Holidays",109,-1,8,12282584,True,-130,Cao,Trung hạn
10329,130,The Goo Goo Dolls,Iris,40,96,69,12170927,False,-34,Cao,Dài hạn
10330,131,"Travis Scott, Playboi Carti",FE!N (feat. Playboi Carti),5,101,67,12138695,False,-30,Cao,Dài hạn
10331,132,Chezile,Beanie,108,108,6,12095269,False,-24,Cao,Trung hạn
10332,133,The Jackson 5,I Saw Mommy Kissing Santa Claus,99,-1,8,11956473,True,-134,Cao,Trung hạn
10333,134,Taylor Swift,Cruel Summer,2,85,99,11952515,False,-49,Cao,Dài hạn
10334,135,Ariana Grande,Last Christmas,135,-1,3,11915533,True,-136,Cao,Ngắn hạn
10335,136,The Kid LAROI,NIGHTS LIKE THIS,41,76,27,11911806,False,-60,Cao,Dài hạn
10336,137,Kendrick Lamar,Not Like Us,2,90,34,11883203,False,-47,Cao,Dài hạn
10337,138,"The Weeknd, Daft Punk",Starboy,1,109,221,11850820,False,-29,Cao,Dài hạn
10338,139,Linkin Park,The Emptiness Machine,6,78,16,11849129,False,-61,Cao,Dài hạn
10339,140,Artemas,i like the way you kiss me,1,92,40,11836270,False,-48,Cao,Dài hạn
10340,141,"Jung Kook, Latto",Seven (feat. Latto) (Explicit Ver.),1,98,76,11812984,False,-43,Cao,Dài hạn
10341,142,Dean Martin,Rudolph The Red-Nosed Reindeer,116,-1,8,11791755,True,-143,Cao,Trung hạn
10342,143,"Idina Menzel, Michael Bublé",Baby It's Cold Outside (with Michael Bublé),119,-1,4,11773620,True,-144,Cao,Ngắn hạn
10343,144,"Brenno & Matheus, DJ Ari SL",Descer Pra BC,144,-1,2,11680334,True,-145,Cao,Ngắn hạn
10344,145,Tommy Richman,MILLION DOLLAR BABY,1,97,35,11674273,False,-48,Cao,Dài hạn
10345,146,Linkin Park,In the End,22,103,72,11551329,False,-43,Cao,Dài hạn
10346,147,"Post Malone, Morgan Wallen",I Had Some Help (Feat. Morgan Wallen),3,102,33,11526235,False,-45,Cao,Dài hạn
10347,148,The Jackson 5,Santa Claus Is Coming To Town,59,-1,19,11496975,True,-149,Cao,Dài hạn
10348,149,Ella Fitzgerald,Sleigh Ride,143,-1,4,11353178,True,-150,Cao,Ngắn hạn
10349,150,Don Toliver,No Pole,102,120,7,11297794,False,-30,Cao,Trung hạn
10350,151,SZA,Nobody Gets Me,12,160,38,11244788,False,9,Trung bình,Dài hạn
10351,152,Mitski,My Love Mine All Mine,3,89,66,11200367,False,-63,Trung bình,Dài hạn
10352,153,Sabrina Carpenter,Bed Chem,9,104,18,11163043,False,-49,Trung bình,Dài hạn
10353,154,Leona Lewis,One More Sleep,93,-1,10,11142148,True,-155,Trung bình,Trung hạn
10354,155,Andy Williams,Happy Holiday / The Holiday Season,155,-1,2,10993726,True,-156,Trung bình,Ngắn hạn
10355,156,Cigarettes After Sex,Apocalypse,62,117,128,10987760,False,-39,Trung bình,Dài hạn
10356,157,Tyla,PUSH 2 START,144,144,2,10977378,False,-13,Trung bình,Ngắn hạn
10357,158,"Omar Courtz, De La Rose",Q U E V A S H A C E R H O Y ?,13,110,13,10924807,False,-48,Trung bình,Dài hạn
10358,159,"Michael Bublé, The Puppini Sisters",Jingle Bells (feat. The Puppini Sisters),136,-1,6,10918972,True,-160,Trung bình,Trung hạn
10359,160,"Peso Pluma, Neton Vega",LA PATRULLA,33,123,27,10892991,False,-37,Trung bình,Dài hạn
10360,161,"MC Tuto, DJ Glenner",Barbie,39,157,9,10892134,False,-4,Trung bình,Trung hạn
10361,162,Michael Bublé,Santa Claus Is Coming to Town,46,-1,18,10863367,True,-163,Trung bình,Dài hạn
10362,163,SZA,BMF,163,-1,1,10827352,True,-164,Trung bình,Ngắn hạn
10363,164,Wizzard,I Wish It Could Be Christmas Everyday,164,-1,5,10768593,True,-165,Trung bình,Trung hạn
10364,165,Billie Eilish,CHIHIRO,5,105,32,10742886,False,-60,Trung bình,Dài hạn
10365,166,Peso Pluma,gervonta,93,93,3,10726775,False,-73,Trung bình,Ngắn hạn
10366,167,Arctic Monkeys,505,43,127,155,10510575,False,-40,Trung bình,Dài hạn
10367,168,"Charli xcx, Billie Eilish",Guess featuring billie eilish,5,121,21,10504799,False,-47,Trung bình,Dài hạn
10368,169,Hotel Ugly,Shut up My Moms Calling,78,136,103,10502428,False,-33,Trung bình,Dài hạn
10369,170,The Weeknd,Blinding Lights,1,132,265,10472683,False,-38,Trung bình,Dài hạn
10370,171,Ed Sheeran,Shape of You,1,161,346,10399627,False,-10,Trung bình,Dài hạn
10371,172,Lil Tecca,Ransom,3,169,67,10352115,False,-3,Trung bình,Dài hạn
10372,173,FloyyMenor,PELIGROSA,26,131,20,10305393,False,-42,Trung bình,Dài hạn
10373,174,The Weeknd,Die For You,12,137,150,10260769,False,-37,Trung bình,Dài hạn
10374,175,Tom Odell,Another Love,15,128,194,10144951,False,-47,Trung bình,Dài hạn
10375,176,"Jorsshh, Fuerza Regida",ROSONES,153,153,3,10111159,False,-23,Trung bình,Ngắn hạn
10376,177,"Tito Double P, Chino Pacas",ESCAPATE,39,140,16,10036249,False,-37,Trung bình,Dài hạn
10377,178,Linkin Park,Numb,24,125,43,10036242,False,-53,Trung bình,Dài hạn
10378,179,Stevie Wonder,What Christmas Means To Me,113,-1,8,10004800,True,-180,Trung bình,Trung hạn
10379,180,The Walters,I Love You So,21,148,137,9989202,False,-32,Trung bình,Dài hạn
10380,181,Arctic Monkeys,No. 1 Party Anthem,114,150,7,9978154,False,-31,Trung bình,Trung hạn
10381,182,"Natanael Cano, Nueva H",Amapola,126,126,3,9932819,False,-56,Trung bình,Ngắn hạn
10382,183,Slade,Merry Xmas Everybody,183,-1,2,9903574,True,-184,Trung bình,Ngắn hạn
10383,184,Dean Martin,"Baby, It's Cold Outside",98,-1,8,9860385,True,-185,Trung bình,Trung hạn
10384,185,"Kendrick Lamar, SZA",All The Stars (with SZA),2,151,80,9849169,False,-34,Trung bình,Dài hạn
10385,186,Juice WRLD,Lucid Dreams,3,141,202,9788894,False,-45,Trung bình,Dài hạn
10386,187,"Nilo, Mc Paiva ZS, DJ Di Marques, FamousKyo",Fui Mlk,187,-1,1,9776361,True,-188,Trung bình,Ngắn hạn
10387,188,"Alleh, Yorghaki",capaz (merengueton),188,-1,1,9724623,True,-189,Trung bình,Ngắn hạn
10388,189,"Oruam, Zé Felipe, MC Tuto, Mc Rodrigo do CN, Dj Lc da Roça, MC K9, mc pl alves",Oh Garota Eu Quero Você Só Pra Mim,189,-1,1,9716362,True,-190,Trung bình,Ngắn hạn
10389,190,Frank Sinatra,Santa Claus Is Coming To Town,190,-1,1,9712139,True,-191,Trung bình,Ngắn hạn
10390,191,Frank Ocean,Pink + White,67,122,84,9700050,False,-69,Trung bình,Dài hạn
10391,192,Eminem,Without Me,31,155,170,9634804,False,-37,Thấp,Dài hạn
10392,193,Teddy Swims,Bad Dreams,83,154,8,9616275,False,-39,Thấp,Trung hạn
10393,194,"Billie Eilish, Khalid",lovely (with Khalid),24,147,349,9605060,False,-47,Thấp,Dài hạn
10394,195,Chappell Roan,HOT TO GO!,22,129,28,9596811,False,-66,Thấp,Dài hạn
10395,196,"The Chainsmokers, Coldplay",Something Just Like This,2,162,239,9576032,False,-34,Thấp,Dài hạn
10396,197,Journey,Don't Stop Believin' (2022 Remaster),89,184,41,9545988,False,-13,Thấp,Dài hạn
10397,198,Miley Cyrus,Flowers,1,156,102,9523995,False,-42,Thấp,Dài hạn
10398,199,Gunna,on one tonight,139,139,6,9523649,False,-60,Thấp,Trung hạn
10399,200,Ed Sheeran,Perfect,4,174,378,9495976,False,-26,Thấp,Dài hạn
10400,1,"Lady Gaga, Bruno Mars",Die With A Smile,1,5,20,67757392,False,4,Rất cao,Dài hạn
10401,2,"ROSÉ, Bruno Mars",APT.,1,7,11,61219314,False,5,Rất cao,Trung hạn
10402,3,Billie Eilish,BIRDS OF A FEATHER,1,16,33,45331665,False,13,Rất cao,Dài hạn
10403,4,Gracie Abrams,That’s So True,4,15,11,44318028,False,11,Rất cao,Trung hạn
10404,5,Jimin,Who,1,22,24,32417756,False,17,Rất cao,Dài hạn
10405,6,Sabrina Carpenter,Espresso,1,36,38,30028747,False,30,Rất cao,Dài hạn
10406,7,"Kendrick Lamar, SZA",luther (with sza),3,25,6,28563084,False,18,Rất cao,Trung hạn
10407,8,Gigi Perez,Sailor Song,7,32,20,25986304,False,24,Rất cao,Dài hạn
10408,9,"The Weeknd, Playboi Carti",Timeless (feat Playboi Carti),3,39,14,24723668,False,30,Rất cao,Dài hạn
10409,10,Chappell Roan,"Good Luck, Babe!",6,54,38,24129791,False,44,Rất cao,Dài hạn
10410,11,Lola Young,Messy,11,62,4,23312200,False,51,Rất cao,Ngắn hạn
10411,12,Billie Eilish,WILDFLOWER,9,41,33,22382462,False,29,Rất cao,Dài hạn
10412,13,KAROL G,Si Antes Te Hubiera Conocido,5,50,28,22200264,False,37,Rất cao,Dài hạn
10413,14,Sabrina Carpenter,Taste,3,60,19,21949780,False,46,Rất cao,Dài hạn
10414,15,Benson Boone,Beautiful Things,1,52,50,20978891,False,37,Rất cao,Dài hạn
10415,16,Teddy Swims,Lose Control,5,74,60,18778220,False,58,Rất cao,Dài hạn
10416,17,Tito Double P,ROSONES,17,57,4,18708714,False,40,Rất cao,Ngắn hạn
10417,18,"Oscar Maydon, Fuerza Regida",Tu Boda,5,45,13,18540833,False,27,Rất cao,Dài hạn
10418,19,"Rauw Alejandro, Bad Bunny",Qué Pasaría...,17,68,7,18422966,False,49,Rất cao,Trung hạn
10419,20,Sabrina Carpenter,Please Please Please,1,69,30,18319462,False,49,Rất cao,Dài hạn
10420,21,"V, Park Hyo Shin",Winter Ahead (with PARK HYO SHIN),21,65,5,18035385,False,44,Rất cao,Trung hạn
10421,22,"Rauw Alejandro, Romeo Santos",Khé?,22,67,7,17649262,False,45,Rất cao,Trung hạn
10422,23,"Myke Towers, benny blanco",DEGENERE 👑 (feat. benny blanco),23,71,11,17508625,False,48,Rất cao,Trung hạn
10423,24,"Kendrick Lamar, Lefty Gunplay",tv off (feat. lefty gunplay),7,66,6,17040781,False,42,Rất cao,Trung hạn
10424,25,"The Weeknd, JENNIE, Lily-Rose Depp","One Of The Girls (with JENNIE, Lily Rose Depp)",3,70,65,16765544,False,45,Rất cao,Dài hạn
10425,26,Shaboozey,A Bar Song (Tipsy),6,111,38,16617995,False,85,Rất cao,Dài hạn
10426,27,Lord Huron,The Night We Met,15,83,115,16409117,False,56,Rất cao,Dài hạn
10427,28,Arctic Monkeys,I Wanna Be Yours,15,78,130,16116421,False,50,Rất cao,Dài hạn
10428,29,Bruno Mars,Locked out of Heaven,23,89,134,16106687,False,60,Rất cao,Dài hạn
10429,30,"Tyler, The Creator, Lola Young",Like Him (feat. Lola Young),30,85,10,16090206,False,55,Rất cao,Trung hạn
10430,31,Hozier,Too Sweet,2,97,41,16071426,False,66,Rất cao,Dài hạn
10431,32,SZA,BMF,32,163,2,16034061,False,131,Rất cao,Ngắn hạn
10432,33,yung kai,blue,33,88,5,16032957,False,55,Rất cao,Trung hạn
10433,34,Djo,End of Beginning,3,100,46,16031820,False,66,Rất cao,Dài hạn
10434,35,The Neighbourhood,Sweater Weather,16,87,227,15728633,False,52,Rất cao,Dài hạn
10435,36,Ariana Grande,we can't be friends (wait for your love),1,86,43,15628082,False,50,Rất cao,Dài hạn
10436,37,Bruno Mars,That's What I Like,6,90,125,15602813,False,53,Rất cao,Dài hạn
10437,38,Gracie Abrams,"I Love You, I'm Sorry",16,94,22,15445458,False,56,Rất cao,Dài hạn
10438,39,"Arcane, Stromae, Pomme",Ma Meilleure Ennemie (from the series Arcane League of Legends),6,72,6,15335204,False,33,Rất cao,Trung hạn
10439,40,The Police,Every Breath You Take,40,102,160,15169892,False,62,Rất cao,Dài hạn
10440,41,Bruno Mars,Just the Way You Are,34,93,104,15156413,False,52,Rất cao,Dài hạn
10441,42,"Tyler, The Creator, GloRilla, Sexyy Red, Lil Wayne","Sticky (feat. GloRilla, Sexyy Red & Lil Wayne)",20,104,10,15098325,False,62,Rất cao,Trung hạn
10442,43,Tito Double P,NADIE,37,91,6,14734643,False,48,Cao,Trung hạn
10443,44,"Oruam, Zé Felipe, MC Tuto, Mc Rodrigo do CN, Dj Lc da Roça, MC K9, mc pl alves",Oh Garota Eu Quero Você Só Pra Mim,44,189,2,14543305,False,145,Cao,Ngắn hạn
10444,45,SZA,Kill Bill,1,82,108,14518068,False,37,Cao,Dài hạn
10445,46,Jin,Running Wild,10,84,7,14422734,False,38,Cao,Trung hạn
10446,47,"Tyler, The Creator, Kali Uchis",See You Again (feat. Kali Uchis),16,75,97,14311889,False,28,Cao,Dài hạn
10447,48,"Tito Double P, Peso Pluma",DOS DÍAS,31,95,18,14252608,False,47,Cao,Dài hạn
10448,49,Coldplay,Yellow,19,119,211,14030109,False,70,Cao,Dài hạn
10449,50,"Gabito Ballesteros, Natanael Cano, Luis R Conriquez, Neton Vega",Presidente,44,99,10,13782922,False,49,Cao,Trung hạn
10450,51,Coldplay,Viva La Vida,31,122,123,13604128,False,71,Cao,Dài hạn
10451,52,Chase Atlantic,Swim,52,121,13,13580208,False,69,Cao,Dài hạn
10452,53,"Post Malone, Morgan Wallen",I Had Some Help (Feat. Morgan Wallen),3,147,34,13472890,False,94,Cao,Dài hạn
10453,54,SZA,Snooze,27,98,97,13363044,False,44,Cao,Dài hạn
10454,55,Taylor Swift,Cruel Summer,2,134,100,13231430,False,79,Cao,Dài hạn
10455,56,"FloyyMenor, Cris Mj",Gata Only,3,120,47,13080084,False,64,Cao,Dài hạn
10456,57,"Feid, ATL Jacob",LUNA,9,106,56,12966064,False,49,Cao,Dài hạn
10457,58,Chezile,Beanie,58,132,7,12729564,False,74,Cao,Trung hạn
10458,59,Tito Double P,EL LOKERON,21,114,18,12696087,False,55,Cao,Dài hạn
10459,60,ROSÉ,toxic till the end,29,96,4,12636010,False,36,Cao,Ngắn hạn
10460,61,Tyla,PUSH 2 START,61,157,3,12596024,False,96,Cao,Ngắn hạn
10461,62,Tommy Richman,MILLION DOLLAR BABY,1,145,36,12500959,False,83,Cao,Dài hạn
10462,63,Artemas,i like the way you kiss me,1,140,41,12389438,False,77,Cao,Dài hạn
10463,64,Kendrick Lamar,Not Like Us,2,137,35,12365548,False,73,Cao,Dài hạn
10464,65,"Jung Kook, Latto",Seven (feat. Latto) (Explicit Ver.),1,141,77,12336323,False,76,Cao,Dài hạn
10465,66,The Weeknd,Blinding Lights,1,170,266,12030727,False,104,Cao,Dài hạn
10466,67,Chappell Roan,HOT TO GO!,22,195,29,12027794,False,128,Cao,Dài hạn
10467,68,Kendrick Lamar,squabble up,5,112,6,11999089,False,44,Cao,Trung hạn
10468,69,"The Weeknd, Daft Punk",Starboy,1,138,222,11992431,False,69,Cao,Dài hạn
10469,70,"Brenno & Matheus, DJ Ari SL",Descer Pra BC,70,144,3,11933879,False,74,Cao,Ngắn hạn
10470,71,The Kid LAROI,NIGHTS LIKE THIS,41,136,28,11933614,False,65,Cao,Dài hạn
10471,72,The Goo Goo Dolls,Iris,40,130,70,11885780,False,58,Cao,Dài hạn
10472,73,"SZA, Kendrick Lamar",30 For 30 (with Kendrick Lamar),73,113,2,11779928,False,40,Cao,Ngắn hạn
10473,74,Sabrina Carpenter,Bed Chem,9,153,19,11731684,False,79,Cao,Dài hạn
10474,75,"Travis Scott, Playboi Carti",FE!N (feat. Playboi Carti),5,131,68,11689708,False,56,Cao,Dài hạn
10475,76,Vance Joy,Riptide,30,118,203,11624616,False,42,Cao,Dài hạn
10476,77,Don Toliver,No Pole,77,150,8,11605703,False,73,Cao,Trung hạn
10477,78,Wham!,Last Christmas,2,2,60,11565422,False,-76,Cao,Dài hạn
10478,79,Neton Vega,Loco,79,-1,1,11446814,True,-80,Cao,Ngắn hạn
10479,80,SZA,Saturn,17,109,39,11387213,False,29,Cao,Dài hạn
10480,81,Mariah Carey,All I Want for Christmas Is You,1,1,66,11199904,False,-80,Trung bình,Dài hạn
10481,82,"Charli xcx, Billie Eilish",Guess featuring billie eilish,5,168,22,11146991,False,86,Trung bình,Dài hạn
10482,83,Linkin Park,The Emptiness Machine,6,139,17,11132139,False,56,Trung bình,Dài hạn
10483,84,Cigarettes After Sex,Apocalypse,62,156,129,11008311,False,72,Trung bình,Dài hạn
10484,85,"Alleh, Yorghaki",capaz (merengueton),85,188,2,10990193,False,103,Trung bình,Ngắn hạn
10485,86,One Direction,Night Changes,8,125,114,10868231,False,39,Trung bình,Dài hạn
10486,87,Miley Cyrus,Flowers,1,198,103,10771346,False,111,Trung bình,Dài hạn
10487,88,"Kendrick Lamar, SZA",All The Stars (with SZA),2,185,81,10687247,False,97,Trung bình,Dài hạn
10488,89,"Naughty Boy, Sam Smith",La La La,89,-1,1,10675332,True,-90,Trung bình,Ngắn hạn
10489,90,Mitski,My Love Mine All Mine,3,152,67,10593109,False,62,Trung bình,Dài hạn
10490,91,Peso Pluma,gervonta,91,166,4,10576230,False,75,Trung bình,Ngắn hạn
10491,92,Billie Eilish,CHIHIRO,5,165,33,10496801,False,73,Trung bình,Dài hạn
10492,93,Dasha,Austin (Boots Stop Workin'),20,-1,42,10493198,True,-94,Trung bình,Dài hạn
10493,94,"MC Tuto, DJ Glenner",Barbie,39,161,10,10457543,False,67,Trung bình,Trung hạn
10494,95,"The Chainsmokers, Coldplay",Something Just Like This,2,196,240,10452941,False,101,Trung bình,Dài hạn
10495,96,Journey,Don't Stop Believin' (2022 Remaster),89,197,42,10450354,False,101,Trung bình,Dài hạn
10496,97,Linkin Park,In the End,22,146,73,10410356,False,49,Trung bình,Dài hạn
10497,98,Ed Sheeran,Shape of You,1,171,347,10360287,False,73,Trung bình,Dài hạn
10498,99,Arctic Monkeys,505,43,167,156,10353693,False,68,Trung bình,Dài hạn
10499,100,Noah Kahan,Stick Season,6,-1,64,10259157,True,-101,Trung bình,Dài hạn
10500,101,Teddy Swims,Bad Dreams,83,193,9,10192160,False,92,Trung bình,Trung hạn
10501,102,The Weeknd,Die For You,12,174,151,10136549,False,72,Trung bình,Dài hạn
10502,103,Bad Bunny,EL CLúB,36,-1,3,10126990,True,-104,Trung bình,Ngắn hạn
10503,104,Myles Smith,Stargazing,16,-1,33,10088055,True,-105,Trung bình,Dài hạn
10504,105,Bad Bunny,PIToRRO DE COCO,105,-1,1,10074140,True,-106,Trung bình,Ngắn hạn
10505,106,Lil Tecca,Ransom,3,172,68,10071762,False,66,Trung bình,Dài hạn
10506,107,The Killers,Mr. Brightside,94,-1,149,10066100,True,-108,Trung bình,Dài hạn
10507,108,Tyla,Water,12,-1,57,10053487,True,-109,Trung bình,Dài hạn
10508,109,SZA,Nobody Gets Me,12,151,39,10000554,False,42,Trung bình,Dài hạn
10509,110,Harry Styles,As It Was,1,-1,143,9981815,True,-111,Trung bình,Dài hạn
10510,111,OneRepublic,Counting Stars,86,-1,193,9961952,True,-112,Trung bình,Dài hạn
10511,112,The Marías,No One Noticed,112,-1,7,9939033,True,-113,Trung bình,Trung hạn
10512,113,Arctic Monkeys,No. 1 Party Anthem,113,181,8,9863177,False,68,Trung bình,Trung hạn
10513,114,"Peso Pluma, Neton Vega",LA PATRULLA,33,160,28,9860651,False,46,Trung bình,Dài hạn
10514,115,Tom Odell,Another Love,15,175,195,9850360,False,60,Trung bình,Dài hạn
10515,116,"Nilo, Mc Paiva ZS, DJ Di Marques, FamousKyo",Fui Mlk,116,187,2,9806082,False,71,Trung bình,Ngắn hạn
10516,117,Frank Ocean,Pink + White,67,191,85,9759007,False,74,Trung bình,Dài hạn
10517,118,"The Kid LAROI, Justin Bieber",STAY (with Justin Bieber),1,-1,171,9646538,True,-119,Thấp,Dài hạn
10518,119,FloyyMenor,PELIGROSA,26,173,21,9602197,False,54,Thấp,Dài hạn
10519,120,Sabrina Carpenter,Nonsense,17,-1,101,9591939,True,-121,Thấp,Dài hạn
10520,121,Linkin Park,Numb,24,178,44,9589328,False,57,Thấp,Dài hạn
10521,122,The Walters,I Love You So,21,180,138,9587819,False,58,Thấp,Dài hạn
10522,123,"Tito Double P, Chino Pacas",ESCAPATE,39,177,17,9538445,False,54,Thấp,Dài hạn
10523,124,Tate McRae,greedy,1,-1,67,9535566,True,-125,Thấp,Dài hạn
10524,125,"Omar Courtz, De La Rose",Q U E V A S H A C E R H O Y ?,13,158,14,9503523,False,33,Thấp,Dài hạn
10525,126,Grupo Menos É Mais,Coração Partido (Corazón Partío) - Ao Vivo,126,-1,1,9429073,True,-127,Thấp,Ngắn hạn
10526,127,Juice WRLD,Lucid Dreams,3,186,203,9421572,False,59,Thấp,Dài hạn
10527,128,"Don Omar, Lucenzo",Danza Kuduro,91,-1,56,9419399,True,-129,Thấp,Dài hạn
10528,129,"Macklemore, Ryan Lewis, Macklemore & Ryan Lewis, Ray Dalton",Can't Hold Us (feat. Ray Dalton),86,-1,143,9419275,True,-130,Thấp,Dài hạn
10529,130,"Fuerza Regida, Grupo Frontera",ME JALO,130,-1,1,9395212,True,-131,Thấp,Ngắn hạn
10530,131,Hozier,Take Me To Church,108,-1,171,9366594,True,-132,Thấp,Dài hạn
10531,132,Junior H,ROCKSTAR,96,-1,10,9347358,True,-133,Thấp,Trung hạn
10532,133,Bruno Mars,When I Was Your Man,38,-1,113,9295213,True,-134,Thấp,Dài hạn
10533,134,"Billie Eilish, Khalid",lovely (with Khalid),24,194,350,9248624,False,60,Thấp,Dài hạn
10534,135,Chino Pacas,Morena Canela,135,-1,5,9246939,True,-136,Thấp,Trung hạn
10535,136,Eminem,Without Me,31,192,171,9242025,False,56,Thấp,Dài hạn
10536,137,Sabrina Carpenter,Juno,23,-1,18,9114241,True,-138,Thấp,Dài hạn
10537,138,"Natanael Cano, Nueva H",Amapola,126,182,4,9109811,False,44,Thấp,Ngắn hạn
10538,139,Bruno Mars,Talking to the Moon,45,-1,64,9109507,True,-140,Thấp,Dài hạn
10539,140,JENNIE,Mantra,11,-1,11,9097811,True,-141,Thấp,Trung hạn
10540,141,Ed Sheeran,Perfect,4,200,379,9018436,False,59,Thấp,Dài hạn
10541,142,"Jorsshh, Fuerza Regida",ROSONES,142,176,4,8989336,False,34,Thấp,Ngắn hạn
10542,143,Chappell Roan,Pink Pony Club,64,-1,22,8958819,True,-144,Thấp,Dài hạn
10543,144,Tears For Fears,Everybody Wants To Rule The World,91,-1,104,8949553,True,-145,Thấp,Dài hạn
10544,145,Gunna,on one tonight,139,199,7,8948243,False,54,Thấp,Trung hạn
10545,146,ABBA,Dancing Queen,146,-1,2,8946687,True,-147,Thấp,Ngắn hạn
10546,147,"Danny Ocean, Kapo",Imagínate,147,-1,1,8907104,True,-148,Thấp,Ngắn hạn
10547,148,"David Guetta, Bebe Rexha",I'm Good (Blue),2,-1,117,8905312,True,-149,Thấp,Dài hạn
10548,149,Rihanna,Breakin' Dishes,149,-1,1,8904296,True,-150,Thấp,Ngắn hạn
10549,150,"Rihanna, Calvin Harris",We Found Love,59,-1,83,8904160,True,-151,Thấp,Dài hạn
10550,151,Radiohead,Creep,110,-1,57,8874606,True,-152,Thấp,Dài hạn
10551,152,Lewis Capaldi,Someone You Loved,4,-1,311,8867306,True,-153,Thấp,Dài hạn
10552,153,Fleetwood Mac,Dreams - 2004 Remaster,20,-1,85,8839780,True,-154,Thấp,Dài hạn
10553,154,Creedence Clearwater Revival,Have You Ever Seen The Rain,75,-1,59,8802347,True,-155,Thấp,Dài hạn
10554,155,Coldplay,A Sky Full of Stars,83,-1,24,8761600,True,-156,Thấp,Dài hạn
10555,156,ROSÉ,number one girl,46,-1,5,8754908,True,-157,Thấp,Trung hạn
10556,157,Sia,Snowman,9,10,40,8721075,False,-147,Thấp,Dài hạn
10557,158,*NSYNC,Bye Bye Bye - From Deadpool and Wolverine Soundtrack,10,-1,20,8651748,True,-159,Thấp,Dài hạn
10558,159,Dionela,Marilag,159,-1,1,8645448,True,-160,Thấp,Ngắn hạn
10559,160,Keane,Somewhere Only We Know,80,-1,110,8644968,True,-161,Thấp,Dài hạn
10560,161,Ruth B.,Dandelions,34,-1,164,8637163,True,-162,Thấp,Dài hạn
10561,162,"David Guetta, OneRepublic",I Don't Wanna Wait,34,-1,30,8605244,True,-163,Thấp,Dài hạn
10562,163,TOTO,Africa,137,-1,70,8575553,True,-164,Thấp,Dài hạn
10563,164,Léo Foguete,Cópia Proibida,164,-1,1,8573145,True,-165,Thấp,Ngắn hạn
10564,165,Brenda Lee,Rockin' Around The Christmas Tree,3,3,52,8533518,False,-162,Thấp,Dài hạn
10565,166,Teddy Swims,The Door,115,-1,16,8531042,True,-167,Thấp,Dài hạn
10566,167,"Pitbull, Kesha",Timber,167,-1,1,8489463,True,-168,Thấp,Ngắn hạn
10567,168,TV Girl,Lovers Rock,100,-1,79,8486029,True,-169,Thấp,Dài hạn
10568,169,"Drake, Wizkid, Kyla",One Dance,12,-1,223,8483176,True,-170,Thấp,Dài hạn
10569,170,"Shakira, Wyclef Jean",Hips Don't Lie (feat. Wyclef Jean),82,-1,22,8467575,True,-171,Thấp,Dài hạn
10570,171,Michael Jackson,Billie Jean,131,-1,9,8465856,True,-172,Thấp,Trung hạn
10571,172,Natasha Bedingfield,Unwritten,16,-1,45,8427336,True,-173,Thấp,Dài hạn
10572,173,"J. Eskine, Alef Donk",Resenha do Arrocha,173,-1,1,8417267,True,-174,Thấp,Ngắn hạn
10573,174,Mark Ambor,Belong Together,19,-1,36,8401062,True,-175,Thấp,Dài hạn
10574,175,"Adam Port, Stryv, Keinemusik, Orso, Malachiii",Move,19,-1,24,8384323,True,-176,Thấp,Dài hạn
10575,176,Imagine Dragons,Believer,16,-1,404,8377777,True,-177,Thấp,Dài hạn
10576,177,Travis Scott,goosebumps,13,-1,271,8347595,True,-178,Thấp,Dài hạn
10577,178,"Grupo Frontera, Grupo Firme",EL AMOR DE SU VIDA,47,-1,36,8325687,True,-179,Thấp,Dài hạn
10578,179,Black Eyed Peas,I Gotta Feeling,118,-1,4,8319909,True,-180,Thấp,Ngắn hạn
10579,180,"GloRilla, Sexyy Red",WHATCHU KNO ABOUT ME (feat. Sexyy Red),132,-1,3,8265629,True,-181,Thấp,Ngắn hạn
10580,181,Lady Gaga,Poker Face,181,-1,1,8230062,True,-182,Thấp,Ngắn hạn
10581,182,"Blessd, Anuel AA, Ovy On The Drums",DEPORTIVO,182,-1,1,8227331,True,-183,Thấp,Ngắn hạn
10582,183,Addison Rae,Diet Pepsi,32,-1,17,8221353,True,-184,Thấp,Dài hạn
10583,184,"Taylor Swift, Post Malone",Fortnight (feat. Post Malone),1,-1,33,8219057,True,-185,Thấp,Dài hạn
10584,185,"Post Malone, Swae Lee",Sunflower - Spider-Man: Into the Spider-Verse,1,-1,314,8211939,True,-186,Thấp,Dài hạn
10585,186,"SZA, Travis Scott",Open Arms (feat. Travis Scott),82,-1,3,8202887,True,-187,Thấp,Ngắn hạn
10586,187,"The Weeknd, Anitta",São Paulo (feat. Anitta),13,-1,6,8194053,True,-188,Thấp,Trung hạn
10587,188,"Tito Double P, Grupo Frontera",AY MAMÁ,107,-1,9,8148445,True,-189,Thấp,Trung hạn
10588,189,Cigarettes After Sex,Cry,142,-1,7,8132659,True,-190,Thấp,Trung hạn
10589,190,SZA,Scorsese Baby Daddy,190,-1,1,8117044,True,-191,Thấp,Ngắn hạn
10590,191,Juice WRLD,Empty Out Your Pockets,88,-1,4,8069836,True,-192,Thấp,Ngắn hạn
10591,192,"Pitbull, AFROJACK, Ne-Yo, Nayer",Give Me Everything (feat. Nayer),127,-1,22,8069748,True,-193,Thấp,Dài hạn
10592,193,Coldplay,Sparks,90,-1,24,8051527,True,-194,Thấp,Dài hạn
10593,194,"Daniel Caesar, H.E.R.",Best Part (feat. H.E.R.),110,-1,28,8039998,True,-195,Thấp,Dài hạn
10594,195,"Mark Ronson, Bruno Mars",Uptown Funk (feat. Bruno Mars),181,-1,2,8035669,True,-196,Thấp,Ngắn hạn
10595,196,"Luis R Conriquez, Neton Vega",Si No Quieres No,28,-1,31,8026942,True,-197,Thấp,Dài hạn
10596,197,Travis Scott,HIGHEST IN THE ROOM,1,-1,109,8023422,True,-198,Thấp,Dài hạn
10597,198,Richy Mitch & The Coal Miners,Evergreen,40,-1,44,8021543,True,-199,Thấp,Dài hạn
10598,199,Gorillaz,Feel Good Inc.,151,-1,6,8015118,True,-200,Thấp,Trung hạn
10599,200,"The Chainsmokers, Halsey",Closer,2,-1,183,7986878,True,-201,Thấp,Dài hạn
